-0.0001,-0.0001,-0.0001,-0.0001,-0.0001,-0.0001,-0.0001,-0.0001,-0.0001,-0.0001,-0.0001,-0.0001,-0.0001,-0.0001,-0.0001,-0.0001,-0.0001,-0.0001,-0.0001,-0.0001,-0.0001,-0.0001,-0.0001,-0.0001,-0.0001,-0.0001,-0.0001,-0.0001,-0.0001,-0.0001,-0.0001,-0.0001,-0.0001,-0.0001,7.4888e-05,-0.0001,-0.0001,-0.0001,-0.0001,-0.0001,-0.0001,-0.0001,-0.0001,-0.0001,-0.0001,-0.0001,3.91871e-05,1.95297e-07,-0.0001,-0.0001,-0.0001,-0.0001,-0.0001,-0.0001,-0.0001,-0.0001,-0.0001,-0.0001,-0.0001,-0.0001,-0.0001,-0.0001,-0.0001,-0.0001,-0.0001,-0.0001,-0.0001,-0.0001,-0.0001,-0.0001,-0.0001,-0.0001,-0.0001,-0.0001,-0.0001,-0.0001,-0.0001,-0.0001,-0.0001,-0.0001,-0.0001,-0.0001,-0.0001,-0.0001,-0.0001,-0.0001,-0.0001,-0.0001,-0.0001,-0.0001,-0.0001,-0.0001,-0.0001,-0.0001,-0.0001,-0.0001,-0.0001,-0.0001,-0.0001,-0.0001,
-0.0001,-0.0001,-0.0001,-0.0001,-0.0001,-0.0001,-0.0001,-0.0001,-0.0001,-0.0001,-0.0001,-0.0001,-0.0001,-0.0001,-0.0001,-0.0001,-0.0001,-0.0001,-0.0001,-0.0001,-0.0001,-0.0001,-0.0001,-0.0001,-0.0001,-0.0001,-0.0001,-0.0001,-0.0001,-0.0001,-0.0001,-0.0001,-0.0001,-0.0001,-0.0001,-0.0001,-0.0001,-0.0001,-0.0001,-0.0001,-0.0001,-0.0001,-0.0001,-0.0001,-0.0001,-0.0001,-0.0001,-0.0001,-0.0001,-0.0001,-0.0001,-0.0001,-0.0001,-0.0001,-0.0001,-0.0001,-0.0001,-0.0001,-0.0001,-0.0001,-0.0001,-0.0001,-0.0001,-0.0001,-0.0001,-0.0001,-0.0001,-0.0001,-0.0001,-0.0001,-0.0001,-0.0001,-0.0001,-0.0001,-0.0001,-0.0001,-0.0001,-0.0001,-0.0001,-0.0001,-0.0001,-0.0001,-0.0001,-0.0001,-0.0001,-0.0001,-0.0001,-0.0001,-0.0001,-0.0001,-0.0001,-0.0001,-0.0001,-0.0001,-0.0001,-0.0001,-0.0001,-0.0001,-0.0001,-0.0001,
-0.0001,-0.0001,-0.0001,-0.0001,-0.0001,-0.0001,-0.0001,-0.0001,-0.0001,-0.0001,-0.0001,-0.0001,-0.0001,-0.0001,-0.0001,-0.0001,-0.0001,-0.0001,-0.0001,-0.0001,-0.0001,-0.0001,-0.0001,-0.0001,-0.0001,-0.0001,-0.0001,-0.0001,-0.0001,-0.0001,-0.0001,-0.0001,0.00173319,-0.0001,-0.0001,-0.0001,-0.0001,-0.0001,-0.0001,-0.0001,-0.0001,-0.0001,-0.0001,-0.0001,1.11211e-05,-0.0001,-0.0001,-0.0001,-0.0001,-0.0001,-0.0001,-0.0001,1.27592e-06,-0.0001,-0.0001,-0.0001,-0.0001,-0.0001,-0.0001,-0.0001,1.25564e-07,-0.0001,-0.0001,-0.0001,-0.0001,-0.0001,-0.0001,-0.0001,-0.0001,5.84979e-10,-0.0001,-0.0001,-0.0001,-0.0001,-0.0001,-0.0001,-0.0001,-0.0001,-0.0001,-0.0001,-0.0001,-0.0001,-0.0001,-0.0001,-0.0001,-0.0001,-0.0001,-0.0001,-0.0001,-0.0001,-0.0001,-0.0001,-0.0001,-0.0001,-0.0001,-0.0001,-0.0001,-0.0001,-0.0001,-0.0001,
-0.0001,-0.0001,-0.0001,-0.0001,-0.0001,-0.0001,-0.0001,-0.0001,-0.0001,-0.0001,-0.0001,-0.0001,-0.0001,-0.0001,-0.0001,-0.0001,-0.0001,-0.0001,-0.0001,-0.0001,-0.0001,-0.0001,-0.0001,-0.0001,-0.0001,-0.0001,0.0117124,-0.0001,-0.0001,-0.0001,-0.0001,-0.0001,-0.0001,-0.0001,0.000512785,0.00132578,-0.0001,-0.0001,-0.0001,-0.0001,9.40466e-05,-0.0001,-0.0001,-0.0001,-0.0001,-0.0001,-0.0001,-0.0001,7.43117e-06,-0.0001,-0.0001,-0.0001,-0.0001,-0.0001,-0.0001,-0.0001,-0.0001,-0.0001,-0.0001,-0.0001,-0.0001,-0.0001,-0.0001,-0.0001,-0.0001,-0.0001,6.16462e-08,-0.0001,-0.0001,-0.0001,-0.0001,-0.0001,-0.0001,-0.0001,-0.0001,-0.0001,-0.0001,-0.0001,-0.0001,-0.0001,-0.0001,-0.0001,-0.0001,-0.0001,-0.0001,-0.0001,-0.0001,-0.0001,-0.0001,-0.0001,-0.0001,-0.0001,-0.0001,-0.0001,-0.0001,-0.0001,-0.0001,-0.0001,-0.0001,-0.0001,
-0.0001,-0.0001,-0.0001,-0.0001,-0.0001,-0.0001,-0.0001,-0.0001,-0.0001,-0.0001,-0.0001,-0.0001,-0.0001,-0.0001,-0.0001,-0.0001,-0.0001,-0.0001,-0.0001,-0.0001,-0.0001,-0.0001,-0.0001,-0.0001,-0.0001,-0.0001,-0.0001,-0.0001,-0.0001,-0.0001,-0.0001,-0.0001,-0.0001,-0.0001,0.00136676,-0.0001,-0.0001,0.000693329,-0.0001,-0.0001,-0.0001,-0.0001,-0.0001,9.77633e-05,-0.0001,-0.0001,-0.0001,-0.0001,-0.0001,-0.0001,4.53459e-05,-0.0001,-0.0001,-0.0001,-0.0001,1.00146e-06,-0.0001,-0.0001,6.29537e-07,-0.0001,-0.0001,-0.0001,-0.0001,-0.0001,-0.0001,-0.0001,-0.0001,-0.0001,-0.0001,-0.0001,-0.0001,-0.0001,-0.0001,-0.0001,-0.0001,-0.0001,-0.0001,-0.0001,-0.0001,-0.0001,7.15867e-12,-0.0001,-0.0001,-0.0001,-0.0001,-0.0001,-0.0001,-0.0001,-0.0001,-0.0001,-0.0001,-0.0001,-0.0001,-0.0001,-0.0001,-0.0001,-0.0001,-0.0001,-0.0001,-0.0001,
-0.0001,-0.0001,-0.0001,-0.0001,-0.0001,-0.0001,-0.0001,-0.0001,-0.0001,-0.0001,-0.0001,0.00656282,-0.0001,-0.0001,-0.0001,-0.0001,-0.0001,-0.0001,-0.0001,-0.0001,-0.0001,-0.0001,-0.0001,-0.0001,-0.0001,-0.0001,-0.0001,0.0103342,-0.0001,-0.0001,-0.0001,-0.0001,-0.0001,-0.0001,0.00126893,1.27683e-05,-0.0001,-0.0001,-0.0001,-0.0001,-0.0001,0.000588077,-0.0001,-0.0001,4.00619e-05,1.91807e-05,-0.0001,-0.0001,-0.0001,-0.0001,1.24813e-06,3.00821e-05,1.4696e-05,-0.0001,-0.0001,-0.0001,-0.0001,-0.0001,-0.0001,-0.0001,-0.0001,-0.0001,-0.0001,-0.0001,-0.0001,-0.0001,-0.0001,2.03352e-08,-0.0001,2.73637e-09,-0.0001,-0.0001,-0.0001,-0.0001,-0.0001,-0.0001,-0.0001,-0.0001,-0.0001,-0.0001,-0.0001,-0.0001,-0.0001,-0.0001,-0.0001,-0.0001,-0.0001,-0.0001,-0.0001,-0.0001,-0.0001,-0.0001,-0.0001,-0.0001,-0.0001,-0.0001,-0.0001,-0.0001,-0.0001,-0.0001,
-0.0001,-0.0001,-0.0001,-0.0001,-0.0001,-0.0001,-0.0001,-0.0001,-0.0001,-0.0001,-0.0001,-0.0001,-0.0001,-0.0001,-0.0001,-0.0001,-0.0001,-0.0001,-0.0001,-0.0001,-0.0001,-0.0001,-0.0001,-0.0001,-0.0001,-0.0001,0.00961636,0.000659906,-0.0001,-0.0001,-0.0001,-0.0001,-0.0001,-0.0001,-0.0001,-0.0001,0.000763261,0.00135015,-0.0001,0.000350441,0.000359703,-0.0001,-0.0001,-0.0001,3.31496e-05,-0.0001,-0.0001,0.000101006,1.32027e-06,-0.0001,-0.0001,1.27278e-05,-0.0001,7.53271e-06,-0.0001,1.00733e-05,2.08689e-07,6.34811e-07,1.5236e-06,1.9964e-06,-0.0001,8.35988e-08,1.95727e-07,-0.0001,-0.0001,1.75909e-07,-0.0001,4.5339e-09,-0.0001,-0.0001,-0.0001,4.31977e-09,-0.0001,-0.0001,-0.0001,-0.0001,-0.0001,-0.0001,-0.0001,-0.0001,-0.0001,-0.0001,-0.0001,-0.0001,-0.0001,-0.0001,-0.0001,-0.0001,-0.0001,-0.0001,-0.0001,-0.0001,-0.0001,-0.0001,-0.0001,-0.0001,-0.0001,-0.0001,-0.0001,-0.0001,
-0.0001,-0.0001,-0.0001,-0.0001,-0.0001,-0.0001,-0.0001,-0.0001,-0.0001,-0.0001,-0.0001,-0.0001,-0.0001,-0.0001,-0.0001,-0.0001,-0.0001,-0.0001,-0.0001,-0.0001,-0.0001,-0.0001,-0.0001,-0.0001,-0.0001,-0.0001,-0.0001,-0.0001,-0.0001,-0.0001,-0.0001,-0.0001,-0.0001,-0.0001,-0.0001,-0.0001,-0.0001,1.85853e-05,-0.0001,-0.0001,-0.0001,-0.0001,-0.0001,-0.0001,0.00020179,-0.0001,-0.0001,-0.0001,-0.0001,-0.0001,-0.0001,-0.0001,3.76385e-06,2.414e-06,4.22506e-06,-0.0001,-0.0001,-0.0001,-0.0001,-0.0001,-0.0001,-0.0001,-0.0001,-0.0001,-0.0001,-0.0001,-0.0001,8.46771e-10,-0.0001,-0.0001,-0.0001,-0.0001,-0.0001,-0.0001,-0.0001,-0.0001,-0.0001,-0.0001,-0.0001,-0.0001,-0.0001,-0.0001,-0.0001,-0.0001,-0.0001,-0.0001,-0.0001,-0.0001,-0.0001,-0.0001,-0.0001,-0.0001,-0.0001,-0.0001,9.77654e-15,-0.0001,-0.0001,-0.0001,-0.0001,-0.0001,
-0.0001,-0.0001,-0.0001,-0.0001,-0.0001,-0.0001,-0.0001,-0.0001,-0.0001,-0.0001,-0.0001,-0.0001,-0.0001,-0.0001,-0.0001,-0.0001,-0.0001,-0.0001,-0.0001,-0.0001,-0.0001,-0.0001,-0.0001,-0.0001,-0.0001,0.0531748,-0.0001,-0.0001,-0.0001,-0.0001,-0.0001,0.0132051,-0.0001,-0.0001,-0.0001,-0.0001,-0.0001,-0.0001,-0.0001,-0.0001,4.87258e-05,0.00104743,-0.0001,-0.0001,-0.0001,-0.0001,-0.0001,3.39229e-05,-0.0001,-0.0001,5.71478e-05,7.3953e-05,-0.0001,-0.0001,1.22215e-05,1.3967e-05,-0.0001,-0.0001,-0.0001,-0.0001,-0.0001,-0.0001,-0.0001,-0.0001,4.60581e-07,4.92396e-07,-0.0001,-0.0001,-0.0001,-0.0001,-0.0001,-0.0001,2.10912e-09,-0.0001,-0.0001,-0.0001,-0.0001,-0.0001,2.12632e-11,-0.0001,-0.0001,-0.0001,-0.0001,-0.0001,-0.0001,-0.0001,-0.0001,-0.0001,-0.0001,-0.0001,-0.0001,-0.0001,-0.0001,-0.0001,-0.0001,-0.0001,-0.0001,-0.0001,-0.0001,-0.0001,
-0.0001,-0.0001,-0.0001,-0.0001,-0.0001,-0.0001,-0.0001,-0.0001,-0.0001,-0.0001,-0.0001,-0.0001,-0.0001,-0.0001,-0.0001,-0.0001,-0.0001,-0.0001,-0.0001,-0.0001,-0.0001,0.0574423,-0.0001,-0.0001,-0.0001,-0.0001,-0.0001,0.00227459,-0.0001,-0.0001,-0.0001,-0.0001,0.00578177,-0.0001,0.00321016,-0.0001,-0.0001,0.00217663,-0.0001,0.00269237,1.30811e-05,0.00190489,0.00087643,0.000131453,8.55143e-06,0.000198974,1.35919e-05,-0.0001,3.92182e-05,8.21855e-05,4.77618e-05,2.32848e-05,-0.0001,9.32612e-06,2.58795e-05,2.88268e-06,-0.0001,-0.0001,7.63461e-06,8.16942e-07,2.77539e-06,-0.0001,-0.0001,-0.0001,-0.0001,1.82912e-08,-0.0001,-0.0001,4.23739e-07,1.06152e-07,-0.0001,-0.0001,1.75228e-09,-0.0001,-0.0001,-0.0001,-0.0001,8.62102e-11,-0.0001,-0.0001,-0.0001,-0.0001,-0.0001,-0.0001,-0.0001,-0.0001,1.14065e-11,-0.0001,-0.0001,-0.0001,-0.0001,-0.0001,-0.0001,-0.0001,-0.0001,-0.0001,-0.0001,-0.0001,-0.0001,-0.0001,
-0.0001,-0.0001,-0.0001,-0.0001,-0.0001,-0.0001,-0.0001,-0.0001,-0.0001,-0.0001,-0.0001,-0.0001,-0.0001,-0.0001,-0.0001,-0.0001,-0.0001,-0.0001,-0.0001,-0.0001,-0.0001,-0.0001,0.0407925,-0.0001,0.0426162,-0.0001,-0.0001,-0.0001,-0.0001,-0.0001,-0.0001,0.00228017,-0.0001,0.00297383,-0.0001,0.0121067,-0.0001,0.00038743,0.00462518,0.000129105,0.000706798,3.84263e-05,-0.0001,0.000310345,0.000564395,0.000253688,0.000704632,-0.0001,4.45868e-05,0.00015848,9.07861e-05,2.05542e-05,7.21503e-06,1.37137e-05,5.72222e-06,-0.0001,1.57089e-05,1.12685e-05,4.96959e-06,3.04763e-06,2.41531e-06,-0.0001,2.39468e-06,4.68542e-07,-0.0001,2.47323e-07,-0.0001,-0.0001,-0.0001,-0.0001,4.75321e-09,1.46231e-09,4.94301e-10,2.33776e-08,-0.0001,-0.0001,-0.0001,-0.0001,-0.0001,-0.0001,2.68464e-11,-0.0001,-0.0001,-0.0001,-0.0001,-0.0001,-0.0001,-0.0001,-0.0001,-0.0001,-0.0001,-0.0001,-0.0001,-0.0001,-0.0001,-0.0001,-0.0001,-0.0001,-0.0001,-0.0001,
-0.0001,-0.0001,-0.0001,-0.0001,-0.0001,-0.0001,-0.0001,-0.0001,-0.0001,-0.0001,-0.0001,-0.0001,-0.0001,-0.0001,-0.0001,-0.0001,-0.0001,-0.0001,-0.0001,-0.0001,-0.0001,-0.0001,0.000372889,-0.0001,0.000412512,-0.0001,-0.0001,-0.0001,0.00816649,-0.0001,-0.0001,0.000537563,0.0500508,-0.0001,0.000950261,0.00276101,0.00556023,-0.0001,-0.0001,9.56784e-05,-0.0001,-0.0001,0.000450629,2.11289e-06,-0.0001,0.000465978,2.25085e-05,0.000202988,0.000220912,0.000160474,-0.0001,-0.0001,1.50925e-05,4.02213e-05,7.80287e-05,1.67005e-06,-0.0001,3.41938e-06,1.69672e-06,6.31525e-06,-0.0001,-0.0001,-0.0001,-0.0001,-0.0001,4.62422e-07,-0.0001,1.28515e-09,1.4442e-07,-0.0001,3.70552e-09,-0.0001,5.51839e-08,5.79018e-09,-0.0001,-0.0001,5.76313e-09,-0.0001,-0.0001,-0.0001,-0.0001,-0.0001,-0.0001,-0.0001,-0.0001,-0.0001,-0.0001,-0.0001,-0.0001,-0.0001,-0.0001,-0.0001,-0.0001,-0.0001,-0.0001,-0.0001,-0.0001,-0.0001,-0.0001,-0.0001,
-0.0001,-0.0001,-0.0001,-0.0001,-0.0001,-0.0001,-0.0001,-0.0001,-0.0001,-0.0001,-0.0001,-0.0001,-0.0001,-0.0001,-0.0001,-0.0001,-0.0001,0.00548495,-0.0001,-0.0001,-0.0001,-0.0001,-0.0001,-0.0001,-0.0001,0.000333606,0.0132063,0.0796131,0.0358397,0.00952027,-0.0001,0.0115388,0.0198052,-0.0001,-0.0001,0.00597838,0.00661571,2.95591e-05,0.00370181,0.00737885,0.000888985,0.00108203,0.000339549,0.000750728,0.00039146,0.000518469,0.000636651,0.000378008,0.000132664,0.000208667,0.000118027,4.93088e-05,1.22899e-05,7.71735e-05,1.88396e-05,3.25175e-05,3.15775e-06,2.55373e-05,6.96705e-08,7.14718e-06,1.42467e-06,3.05167e-06,9.71956e-07,1.93519e-06,-0.0001,1.22503e-06,8.30723e-08,-0.0001,4.45072e-07,-0.0001,4.19739e-07,1.63809e-07,-0.0001,-0.0001,5.08545e-09,-0.0001,1.44901e-08,-0.0001,-0.0001,-0.0001,-0.0001,-0.0001,-0.0001,-0.0001,-0.0001,-0.0001,-0.0001,-0.0001,-0.0001,-0.0001,-0.0001,-0.0001,-0.0001,-0.0001,-0.0001,-0.0001,-0.0001,-0.0001,-0.0001,-0.0001,
-0.0001,-0.0001,-0.0001,-0.0001,-0.0001,-0.0001,-0.0001,-0.0001,-0.0001,-0.0001,-0.0001,-0.0001,-0.0001,-0.0001,-0.0001,-0.0001,-0.0001,-0.0001,-0.0001,-0.0001,-0.0001,-0.0001,-0.0001,-0.0001,-0.0001,0.00024435,-0.0001,-0.0001,0.0128932,-0.0001,0.0035287,0.0468162,0.00785626,0.00676053,0.00324539,-0.0001,-0.0001,0.00699526,0.00321858,0.000954728,0.00690613,0.00131129,8.70383e-05,0.000822596,0.00164842,0.000226699,0.000271386,0.000584973,8.1495e-05,0.000280406,5.13892e-05,0.00013393,4.6813e-05,4.70138e-05,6.21978e-05,1.15981e-05,1.26386e-05,1.84229e-05,3.87181e-06,4.84396e-06,8.26501e-06,2.58702e-06,5.1696e-08,2.22441e-06,-0.0001,1.2244e-07,1.09602e-06,5.47958e-07,7.16775e-08,-0.0001,1.09872e-07,-0.0001,-0.0001,-0.0001,-0.0001,-0.0001,-0.0001,-0.0001,4.91173e-09,-0.0001,-0.0001,-0.0001,-0.0001,-0.0001,-0.0001,-0.0001,-0.0001,-0.0001,-0.0001,-0.0001,-0.0001,-0.0001,-0.0001,-0.0001,-0.0001,-0.0001,-0.0001,-0.0001,-0.0001,-0.0001,
-0.0001,-0.0001,-0.0001,-0.0001,-0.0001,-0.0001,-0.0001,-0.0001,-0.0001,-0.0001,-0.0001,-0.0001,-0.0001,-0.0001,-0.0001,-0.0001,-0.0001,-0.0001,-0.0001,-0.0001,-0.0001,-0.0001,0.0212479,-0.0001,-0.0001,0.311611,0.000169911,-0.0001,0.0495688,0.00642755,0.00296888,3.18907e-05,-0.0001,0.0247162,-0.0001,0.00496532,0.00920346,0.000237124,0.00534457,0.00493343,0.000129798,0.000757607,-0.0001,0.00145885,-0.0001,0.000523132,0.000573559,0.00087308,0.000251035,0.000192558,0.00018776,0.000114588,0.000160786,5.34411e-05,0.000224909,8.84279e-05,4.6231e-05,8.86114e-06,1.38223e-05,8.19274e-06,3.86176e-06,7.40935e-06,3.17054e-06,1.99807e-06,2.49861e-07,7.27556e-07,-0.0001,1.54492e-07,1.52463e-07,-0.0001,3.85085e-07,-0.0001,6.2418e-08,3.27822e-08,-0.0001,2.07805e-08,-0.0001,6.51516e-08,-0.0001,8.40612e-10,-0.0001,-0.0001,-0.0001,-0.0001,2.29501e-11,-0.0001,-0.0001,7.6993e-11,-0.0001,-0.0001,-0.0001,-0.0001,-0.0001,-0.0001,-0.0001,-0.0001,-0.0001,-0.0001,-0.0001,-0.0001,
-0.0001,-0.0001,-0.0001,-0.0001,-0.0001,-0.0001,-0.0001,-0.0001,-0.0001,-0.0001,-0.0001,-0.0001,-0.0001,-0.0001,-0.0001,-0.0001,-0.0001,0.042616,-0.0001,-0.0001,0.0646716,0.110275,-0.0001,-0.0001,-0.0001,-0.0001,8.0531e-05,0.0224895,0.120433,0.0294118,0.0377492,-0.0001,0.00905922,0.00510465,0.00770498,0.0374905,0.00172987,0.00964494,0.00513419,0.00380085,0.00172498,-0.0001,0.00203495,0.0067709,0.000481521,0.00304831,0.000323981,0.000900633,0.000120722,0.000744907,0.000146494,0.000220134,4.30537e-05,0.000217183,3.67458e-05,3.70321e-05,1.60764e-05,2.30677e-05,6.52189e-06,6.86365e-08,5.25217e-06,2.21689e-06,9.12482e-06,4.45924e-06,4.90206e-06,4.47225e-07,1.52206e-06,-0.0001,7.30445e-07,1.47801e-07,-0.0001,4.26939e-08,1.60588e-07,1.12334e-08,1.51093e-07,5.94711e-08,-0.0001,5.34272e-08,-0.0001,-0.0001,-0.0001,2.0242e-09,-0.0001,-0.0001,-0.0001,-0.0001,-0.0001,-0.0001,-0.0001,-0.0001,-0.0001,-0.0001,-0.0001,-0.0001,-0.0001,-0.0001,-0.0001,-0.0001,-0.0001,-0.0001,
-0.0001,-0.0001,-0.0001,-0.0001,-0.0001,-0.0001,-0.0001,-0.0001,-0.0001,-0.0001,-0.0001,-0.0001,-0.0001,-0.0001,-0.0001,-0.0001,-0.0001,-0.0001,-0.0001,-0.0001,9.47774e-07,-0.0001,0.100338,-0.0001,0.0277616,0.0533773,0.00016189,0.0450091,0.00813006,0.0752679,0.0967118,0.0310186,0.0135275,0.00886987,0.0441388,0.00823217,0.00448606,0.0083487,0.004749,0.00408298,0.00240367,0.00375456,0.0030155,0.00399328,0.000948473,0.000337474,0.00118354,0.00189712,0.000235187,0.00042397,0.000236592,0.000205789,0.000574088,0.000231896,0.000142566,4.03062e-05,3.60554e-05,1.30864e-05,4.71954e-05,3.77608e-05,1.90289e-05,2.11893e-05,1.31052e-05,2.93034e-06,1.83108e-06,1.9581e-06,2.98449e-06,-0.0001,1.55022e-06,1.87896e-07,5.66031e-07,2.06188e-06,2.14525e-12,1.26064e-07,1.96168e-07,7.32868e-08,-0.0001,-0.0001,-0.0001,8.847e-09,-0.0001,6.18177e-09,-0.0001,-0.0001,-0.0001,-0.0001,-0.0001,-0.0001,-0.0001,-0.0001,-0.0001,-0.0001,-0.0001,-0.0001,-0.0001,-0.0001,-0.0001,-0.0001,-0.0001,-0.0001,
-0.0001,-0.0001,-0.0001,-0.0001,-0.0001,-0.0001,-0.0001,-0.0001,-0.0001,-0.0001,-0.0001,-0.0001,0.0113511,-0.0001,-0.0001,0.0590158,-0.0001,-0.0001,-0.0001,0.184498,0.00263074,-0.0001,0.0585733,0.0384398,0.232805,0.0842745,-0.0001,0.00230222,0.00114333,0.0947951,0.0283697,0.0943269,0.0431043,0.0133296,0.0361506,0.00231242,0.00923153,0.0365548,0.00510073,0.0050928,0.00654996,0.00447617,0.00448207,0.00337526,0.00284169,0.00161182,0.00169938,0.000716682,0.00192546,0.0015201,0.000172054,0.000242614,0.000195598,0.000103551,0.000276076,0.000155481,7.74779e-05,2.58686e-05,4.52456e-05,4.4441e-05,2.95833e-05,2.21623e-05,7.73225e-06,1.33722e-05,3.50493e-06,1.38162e-06,2.90355e-06,5.13937e-06,6.37242e-07,4.93513e-07,-0.0001,5.71747e-07,2.38846e-07,1.05921e-07,7.25583e-07,4.40012e-08,5.58556e-08,-0.0001,-0.0001,1.62662e-09,2.17328e-09,7.55003e-09,-0.0001,-0.0001,-0.0001,8.90495e-10,-0.0001,-0.0001,-0.0001,-0.0001,-0.0001,-0.0001,-0.0001,-0.0001,-0.0001,-0.0001,-0.0001,-0.0001,-0.0001,-0.0001,
-0.0001,-0.0001,-0.0001,-0.0001,-0.0001,-0.0001,-0.0001,-0.0001,-0.0001,-0.0001,-0.0001,-0.0001,-0.0001,-0.0001,-0.0001,-0.0001,-0.0001,-0.0001,-0.0001,0.200037,0.409255,0.0801351,0.0690925,0.0309613,0.0417543,0.00147806,-0.0001,-0.0001,0.00634465,0.0279619,0.0871923,0.0257808,0.00825763,0.0204436,0.022858,0.0128906,0.0115324,0.021149,0.00356513,0.0059356,0.00996597,0.00678908,0.00486639,0.00271282,0.00333088,0.00335655,0.00121721,0.00228107,0.00185446,0.000591403,0.000517067,0.000414773,0.000497725,0.0001888,0.00014247,0.000146055,0.000114402,0.000109551,6.75792e-05,3.41782e-05,1.25535e-05,1.64616e-05,2.484e-05,4.80741e-06,7.34701e-06,6.92507e-06,5.55372e-06,2.42957e-06,2.16723e-06,-0.0001,1.53057e-06,6.38561e-07,4.43478e-07,8.59984e-07,5.34406e-07,7.33417e-08,1.93703e-08,8.31853e-08,-0.0001,1.17734e-09,1.34366e-08,3.05839e-09,-0.0001,-0.0001,-0.0001,-0.0001,-0.0001,-0.0001,-0.0001,-0.0001,-0.0001,-0.0001,-0.0001,-0.0001,-0.0001,-0.0001,-0.0001,-0.0001,-0.0001,-0.0001,
-0.0001,-0.0001,-0.0001,-0.0001,-0.0001,-0.0001,-0.0001,-0.0001,-0.0001,-0.0001,-0.0001,-0.0001,-0.0001,-0.0001,-0.0001,-0.0001,-0.0001,0.239854,0.274045,-0.0001,0.0188768,0.0344325,0.165573,-0.0001,-0.0001,0.109429,0.0306943,0.257349,0.0617278,0.0841319,0.0583216,0.0210409,0.0511297,0.0287721,0.0146196,0.0271563,0.00807764,0.0105193,0.00718909,0.00788244,0.01162,0.00581983,0.00504857,0.00472975,0.00407791,0.00391171,0.0022906,0.00253477,0.00167785,0.0010691,0.000781575,0.00046704,0.000385512,0.000330945,0.000248427,0.000132412,0.000150168,7.34056e-05,7.64076e-05,4.61915e-05,4.77817e-05,3.32709e-05,1.26513e-05,3.37903e-05,2.83096e-05,2.32892e-06,2.76471e-06,7.57685e-07,5.02474e-06,2.72681e-06,3.49435e-06,1.94706e-06,1.08036e-06,4.19286e-09,3.31926e-07,2.98791e-07,4.73197e-11,9.31559e-08,9.4486e-09,6.31358e-08,3.60378e-08,-0.0001,-0.0001,1.48894e-09,-0.0001,-0.0001,-0.0001,-0.0001,-0.0001,-0.0001,-0.0001,-0.0001,4.12857e-10,-0.0001,-0.0001,-0.0001,-0.0001,-0.0001,-0.0001,-0.0001,
-0.0001,-0.0001,-0.0001,-0.0001,-0.0001,-0.0001,-0.0001,-0.0001,-0.0001,-0.0001,-0.0001,-0.0001,-0.0001,-0.0001,-0.0001,0.155533,1.84336e-06,-0.0001,0.619226,-0.0001,0.208412,0.0237039,0.0882054,-0.0001,0.108795,0.0602203,0.118194,0.00527183,0.041609,0.132534,0.00929493,0.0315407,0.0277122,0.0282537,0.0321217,0.0205089,0.0239672,0.0226111,0.0114801,0.0131711,0.0104267,0.00543793,0.0092885,0.00397246,0.00567525,0.00234402,0.00225462,0.00267366,0.00159716,0.00231389,0.00066279,0.00163087,0.000683712,0.000322218,0.00056164,0.000213134,0.000140905,0.00019038,8.40001e-05,0.000114746,9.35443e-05,5.58306e-05,2.85983e-05,3.58968e-05,1.73294e-05,2.65168e-05,1.87744e-06,4.0165e-06,7.48849e-06,2.66187e-06,4.66701e-06,1.14074e-06,7.73771e-07,9.84316e-07,7.70307e-07,1.82031e-07,1.99743e-07,1.85835e-07,-0.0001,-0.0001,4.01078e-08,-0.0001,-0.0001,-0.0001,-0.0001,-0.0001,4.10697e-09,-0.0001,-0.0001,-0.0001,-0.0001,-0.0001,-0.0001,-0.0001,-0.0001,-0.0001,-0.0001,-0.0001,-0.0001,-0.0001,
-0.0001,-0.0001,-0.0001,-0.0001,-0.0001,-0.0001,-0.0001,-0.0001,-0.0001,-0.0001,-0.0001,-0.0001,-0.0001,-0.0001,-0.0001,0.315257,-0.0001,-0.0001,0.137572,0.0471054,0.0277467,-0.0001,0.135555,0.0341992,0.102701,-0.0001,0.0900902,0.0405146,0.0898053,0.0791001,0.0455253,0.0791123,0.00710791,0.0606498,0.0212994,0.0267155,0.0284512,0.0282572,0.0157318,0.0180272,0.0100278,0.0153976,0.00727345,0.00941636,0.00704084,0.00466397,0.00287654,0.00271946,0.00335118,0.00158988,0.00139867,0.00113364,0.00106693,0.000540443,0.000144374,0.000321303,0.000386217,0.000106047,0.000250134,0.000121909,0.000102963,6.21597e-05,3.49963e-05,5.41857e-05,2.58873e-05,9.69762e-06,3.09477e-05,8.75657e-06,4.96112e-06,3.39496e-06,5.18251e-06,4.13631e-06,1.67612e-06,9.60862e-07,1.36714e-06,1.95524e-08,2.47037e-07,2.28235e-07,2.30819e-08,4.71918e-09,7.50953e-08,-0.0001,7.88705e-08,-0.0001,-0.0001,-0.0001,4.68428e-10,-0.0001,-0.0001,-0.0001,-0.0001,-0.0001,-0.0001,-0.0001,-0.0001,-0.0001,-0.0001,-0.0001,-0.0001,-0.0001,
-0.0001,-0.0001,-0.0001,-0.0001,-0.0001,-0.0001,-0.0001,-0.0001,-0.0001,-0.0001,0.321929,0.00251824,-0.0001,-0.0001,0.0491393,-0.0001,0.247063,0.143145,0.142869,0.249701,0.0675441,0.108561,0.0222586,0.173552,0.000384899,0.378379,0.0721865,0.1179,0.0980067,0.138944,0.10352,0.0883735,0.0710775,0.0773311,0.0732976,0.017199,0.0512958,0.030156,0.0192748,0.00216746,0.0140492,0.0115164,0.00917747,0.0090787,0.00847634,0.00757305,0.00165487,0.00439501,0.00265457,0.00208502,0.00149014,0.00149501,0.00132809,0.000882652,0.000734723,0.000561296,0.000237565,0.000215275,0.000190711,0.000147009,0.000131948,0.000120843,0.000105826,3.44665e-05,2.74096e-05,1.55751e-05,1.03737e-05,3.18729e-05,2.80709e-06,1.85107e-06,6.0707e-06,1.72735e-06,6.51089e-06,3.27703e-07,3.35773e-06,1.20976e-07,2.01638e-07,6.8668e-08,4.05562e-07,6.97254e-07,1.37478e-08,7.77198e-08,-0.0001,-0.0001,4.68115e-08,3.65367e-08,-0.0001,-0.0001,6.02328e-09,-0.0001,-0.0001,-0.0001,1.0663e-09,-0.0001,-0.0001,-0.0001,-0.0001,-0.0001,-0.0001,-0.0001,
-0.0001,-0.0001,-0.0001,-0.0001,-0.0001,-0.0001,-0.0001,-0.0001,-0.0001,-0.0001,-0.0001,-0.0001,0.00114812,-0.0001,-0.0001,-0.0001,-0.0001,0.202783,0.0806994,-0.0001,-0.0001,0.0082,0.211424,0.107057,0.206049,0.402186,0.0887138,0.0907434,0.12931,0.0493482,0.0686204,0.061796,0.067904,0.0627472,0.0208498,0.0718081,0.0215387,0.0280604,0.0318194,0.0232244,0.0131507,0.0141032,0.0116358,0.00857306,0.00799385,0.00549933,0.00516078,0.00495752,0.00407828,0.00328446,0.00204402,0.00207517,0.00158468,0.0013315,0.00147021,0.000794829,0.000624064,0.000207858,0.000282735,0.000224403,0.000210703,0.000113263,7.22808e-05,6.47927e-05,5.38779e-05,3.94189e-05,4.12102e-05,2.45517e-05,1.2048e-05,3.86975e-06,8.52495e-06,2.85435e-06,5.15031e-06,3.19364e-06,1.02142e-06,8.6568e-07,9.83634e-07,3.34747e-07,5.49893e-07,5.0481e-09,1.7855e-08,4.34733e-08,5.17195e-08,4.05612e-08,6.48714e-08,3.1848e-08,-0.0001,-0.0001,-0.0001,2.55122e-10,2.94006e-09,-0.0001,-0.0001,6.76554e-10,-0.0001,-0.0001,-0.0001,-0.0001,-0.0001,-0.0001,
-0.0001,-0.0001,-0.0001,-0.0001,-0.0001,0.0309295,-0.0001,-0.0001,-0.0001,-0.0001,0.476107,0.0250438,-0.0001,-0.0001,-0.0001,-0.0001,-0.0001,0.727784,0.0517517,0.213857,0.169762,0.16558,-0.0001,0.242006,0.21527,0.064125,0.034569,0.0869864,0.072637,0.131769,0.0652952,0.116085,0.0762602,0.0759494,0.0831553,0.0381358,0.0378614,0.0338514,0.022261,0.0335677,0.0205123,0.0244218,0.0164228,0.011428,0.0128493,0.00529315,0.00904214,0.00408291,0.00458337,0.00313241,0.00303606,0.00214731,0.00165539,0.00132021,0.00146,0.00100714,0.000487683,0.000332564,0.000136574,0.000325561,0.000160161,0.000239578,0.000125921,0.000106876,2.74969e-05,7.05549e-05,6.75644e-05,2.01263e-05,1.63033e-05,1.38321e-05,5.06935e-06,6.33562e-06,4.96908e-06,6.92337e-06,2.20458e-06,9.04765e-07,6.87476e-08,1.10696e-06,1.42915e-06,3.72916e-07,1.67987e-07,2.15428e-07,2.81946e-08,-0.0001,6.06203e-09,-0.0001,6.79912e-09,1.18761e-08,2.56736e-09,-0.0001,-0.0001,-0.0001,-0.0001,-0.0001,-0.0001,-0.0001,-0.0001,-0.0001,-0.0001,-0.0001,
-0.0001,-0.0001,-0.0001,-0.0001,-0.0001,-0.0001,-0.0001,-0.0001,0.936665,-0.0001,-0.0001,0.00578795,0.00313535,0.00167783,2.08039,-0.0001,0.233635,0.346389,0.00526529,0.217552,0.10923,-0.0001,0.871448,0.563765,0.086096,0.119692,0.0443166,0.0521783,0.120787,0.123482,0.125379,0.091513,0.0718438,0.0818592,0.0642647,0.0650676,0.0527312,0.0237412,0.0212088,0.0131889,0.0355845,0.0169634,0.022451,0.0137029,0.011223,0.0100906,0.00418241,0.00753141,0.00424232,0.00361452,0.00344062,0.00396649,0.00237474,0.00141789,0.00146407,0.000894878,0.000848242,0.000434063,0.000473465,0.000420338,0.000228483,0.000462532,0.000130923,0.000132725,0.000100609,6.25626e-05,6.42632e-05,4.22028e-05,1.96073e-05,2.48214e-05,1.06205e-05,5.27068e-06,3.32638e-06,6.54414e-07,1.0158e-06,1.72398e-06,1.12897e-06,1.60377e-08,1.01475e-08,9.6418e-07,2.01628e-07,3.20385e-08,-0.0001,1.28108e-07,4.76331e-08,5.01782e-08,-0.0001,-0.0001,3.8209e-08,-0.0001,2.434e-09,-0.0001,-0.0001,-0.0001,-0.0001,-0.0001,-0.0001,-0.0001,-0.0001,-0.0001,
-0.0001,-0.0001,-0.0001,-0.0001,-0.0001,-0.0001,0.469928,-0.0001,-0.0001,-0.0001,-0.0001,-0.0001,0.145994,-0.0001,0.00135595,0.000466041,0.000930071,-0.0001,-0.0001,0.222019,0.4765,0.213962,0.149946,0.153216,0.0440035,0.0718876,0.0951654,0.13612,0.0901695,0.134475,0.122773,0.116759,0.086499,0.105496,0.0613991,0.0697472,0.0506036,0.0454755,0.0448348,0.0275274,0.0270224,0.0263412,0.0229307,0.0208526,0.0131819,0.0118521,0.0134589,0.0108053,0.00696059,0.00650501,0.00465509,0.00325756,0.00389902,0.00177728,0.00182137,0.0013672,0.00167352,0.000810165,0.000783855,0.000718416,0.000392496,0.000212719,0.0002075,0.000204558,0.000116418,6.22895e-05,7.42127e-05,5.44919e-05,2.72475e-05,3.46402e-05,1.45592e-05,1.60621e-05,2.19803e-05,8.70138e-06,3.56773e-06,7.03499e-06,2.59809e-07,1.7425e-06,1.15875e-06,1.35349e-06,3.98196e-07,1.5495e-07,1.50457e-07,-0.0001,2.17729e-07,7.45828e-08,-0.0001,1.59142e-08,-0.0001,7.52495e-09,-0.0001,7.46231e-09,-0.0001,-0.0001,-0.0001,-0.0001,-0.0001,-0.0001,-0.0001,-0.0001,
-0.0001,-0.0001,-0.0001,-0.0001,-0.0001,0.404015,0.023336,-0.0001,-0.0001,-0.0001,-0.0001,-0.0001,1.15511,-0.0001,-0.0001,0.167705,0.273477,0.0117433,-0.0001,1.0341,0.0606331,0.11572,0.286507,0.196586,0.118759,0.0934972,0.169329,0.181715,0.178244,0.151985,0.142928,0.116755,0.0899984,0.0790672,0.102584,0.0569464,0.0604837,0.0689378,0.0667081,0.0462136,0.03582,0.0250012,0.0304475,0.0232973,0.0224709,0.0167052,0.0121798,0.0100232,0.00638296,0.00575851,0.00600379,0.00352604,0.00375322,0.00372583,0.00139238,0.00154649,0.00131692,0.000975221,0.000856474,0.000980367,0.000444952,0.000553561,0.000267528,0.000192451,0.000219077,0.000123198,0.000107286,6.24552e-05,4.3789e-05,1.99291e-05,2.20375e-05,1.71423e-05,2.09116e-05,4.39597e-06,7.08574e-06,5.70817e-06,2.05766e-06,1.81401e-06,2.79665e-06,1.57867e-06,7.33982e-07,6.76367e-07,2.8304e-06,4.70084e-07,-0.0001,-0.0001,1.04124e-07,4.8251e-09,-0.0001,-0.0001,-0.0001,-0.0001,-0.0001,-0.0001,-0.0001,-0.0001,-0.0001,-0.0001,-0.0001,-0.0001,
-0.0001,-0.0001,-0.0001,-0.0001,-0.0001,-0.0001,-0.0001,-0.0001,-0.0001,-0.0001,-0.0001,0.171405,0.484136,0.107149,0.521202,1.1484,0.101008,-0.0001,0.0366629,0.257253,0.0726902,0.173799,0.291793,0.329724,0.1402,0.230102,0.119596,0.197952,0.164537,0.334397,0.196955,0.108674,0.107578,0.0854819,0.0719273,0.102953,0.0899708,0.0460498,0.0536658,0.0532077,0.038035,0.0259814,0.0298961,0.0311791,0.0205317,0.0168268,0.0166467,0.0111329,0.00887657,0.00886105,0.00658656,0.00540388,0.00375082,0.00330744,0.00264108,0.00264831,0.00307663,0.00138697,0.000823364,0.000777964,0.000617079,0.000424639,0.00055939,0.000272566,0.000218201,0.000103124,0.000162035,6.45639e-05,4.85306e-05,2.48392e-05,5.45856e-05,1.33589e-05,1.69525e-05,9.40613e-06,6.97306e-06,5.73349e-06,1.58419e-05,2.65561e-06,3.24921e-11,2.98001e-06,8.7929e-07,9.87412e-07,3.24967e-07,2.13914e-07,1.95409e-07,5.81181e-08,-0.0001,2.99652e-07,-0.0001,-0.0001,3.62944e-08,-0.0001,3.02868e-09,-0.0001,-0.0001,3.03984e-10,-0.0001,-0.0001,-0.0001,-0.0001,
-0.0001,-0.0001,-0.0001,-0.0001,-0.0001,-0.0001,-0.0001,-0.0001,-0.0001,-0.0001,-0.0001,-0.0001,-0.0001,-0.0001,0.0215192,0.197228,0.655617,0.769584,0.213364,0.478193,0.628829,0.297471,0.405701,0.138999,0.280998,0.2284,0.224723,0.224688,0.326452,0.190113,0.141997,0.0989873,0.106383,0.145204,0.126609,0.0712273,0.0837718,0.0858763,0.062157,0.0419691,0.0463094,0.0440095,0.0326825,0.0301446,0.027704,0.0238463,0.0198044,0.0121427,0.0116243,0.00998081,0.00897428,0.00611396,0.00395541,0.00365038,0.00232611,0.00250308,0.00230174,0.00183138,0.00137736,0.00101053,0.000925492,0.000719429,0.000502042,0.000462055,0.000276549,0.000188576,0.000134815,0.000101949,9.66158e-05,8.77405e-05,4.51969e-05,6.38396e-05,2.0632e-05,2.35623e-05,1.90709e-05,1.24358e-05,1.19346e-05,8.63224e-06,4.43679e-07,2.16904e-06,4.93904e-07,1.1768e-07,3.14112e-07,5.90688e-07,1.57619e-06,2.50554e-09,7.66418e-10,-0.0001,-0.0001,-0.0001,1.89223e-09,-0.0001,-0.0001,-0.0001,-0.0001,-0.0001,-0.0001,-0.0001,-0.0001,-0.0001,
-0.0001,-0.0001,-0.0001,-0.0001,-0.0001,-0.0001,-0.0001,-0.0001,-0.0001,-0.0001,-0.0001,-0.0001,-0.0001,0.0445299,-0.0001,0.531761,0.601502,0.236983,0.648394,0.375752,0.0474243,0.171914,0.410226,0.245393,0.179025,0.327512,0.242593,0.236241,0.275091,0.167879,0.141678,0.187639,0.139419,0.0920909,0.0974704,0.115101,0.10549,0.0724094,0.0766112,0.0588738,0.0650714,0.039968,0.0393509,0.0321149,0.0383739,0.0211733,0.0193094,0.0161817,0.0165446,0.0123625,0.0105843,0.00922237,0.0065853,0.0064929,0.00420412,0.00428454,0.00316196,0.00205399,0.00148857,0.00167937,0.000631844,0.000929711,0.000852138,0.000308913,0.000266149,0.000400431,0.000253789,0.000181428,9.43789e-05,0.000138371,8.1099e-05,5.99222e-05,2.38815e-05,1.99144e-05,1.48918e-05,2.67729e-05,1.44615e-05,5.72874e-06,1.91944e-06,2.75157e-06,3.90843e-06,2.06457e-06,2.87242e-06,1.59647e-06,2.03482e-07,5.50897e-10,2.10123e-11,-0.0001,-0.0001,-0.0001,-0.0001,1.25786e-08,-0.0001,1.39306e-08,5.77255e-10,-0.0001,-0.0001,-0.0001,-0.0001,-0.0001,
-0.0001,-0.0001,-0.0001,-0.0001,0.397261,-0.0001,-0.0001,-0.0001,0.646213,-0.0001,0.0919304,0.0170604,0.26307,0.955086,0.00693524,-0.0001,0.711016,0.984154,0.240919,0.139508,0.187161,0.5181,0.441114,0.225899,0.335125,0.247867,0.235101,0.25729,0.205584,0.107592,0.20215,0.127668,0.198109,0.0981423,0.149709,0.117871,0.0755752,0.0897048,0.0780481,0.0850109,0.0758743,0.0447734,0.055363,0.0363465,0.0312257,0.0293715,0.0227127,0.022209,0.0203149,0.0148799,0.00959249,0.0117686,0.00810653,0.00740917,0.005734,0.00511436,0.00469255,0.00256357,0.00245091,0.00160391,0.00148205,0.000834775,0.00080859,0.000682126,0.000295689,0.000440326,0.000360784,0.00027232,0.000160989,0.000140688,6.96733e-05,6.22852e-05,5.41638e-05,5.05143e-05,1.4621e-05,2.09502e-05,1.45022e-05,1.47057e-05,1.03462e-05,3.89242e-06,2.02242e-06,1.61399e-06,1.41189e-06,4.7788e-07,8.10931e-07,-0.0001,8.3e-07,9.31478e-08,-0.0001,-0.0001,4.11993e-07,-0.0001,-0.0001,1.91725e-09,2.46996e-08,1.86087e-08,-0.0001,-0.0001,-0.0001,-0.0001,
-0.0001,-0.0001,0.296311,-0.0001,-0.0001,-0.0001,0.0689259,-0.0001,-0.0001,0.31019,-0.0001,1.78627,0.634403,-0.0001,-0.0001,0.174524,0.205305,0.288387,0.0974092,0.595472,0.352804,0.0391133,0.454232,0.336665,0.307297,0.280603,0.242431,0.184169,0.242023,0.185345,0.203044,0.233102,0.171958,0.179791,0.138509,0.121919,0.0991168,0.120903,0.0941161,0.0970666,0.061513,0.0715588,0.0502396,0.0461629,0.0349749,0.0425192,0.0327631,0.0334532,0.0225198,0.0175743,0.0145088,0.013299,0.00904951,0.0082154,0.00721451,0.0049193,0.00403267,0.0032054,0.00287425,0.00222579,0.00175355,0.00137948,0.00144287,0.000901711,0.000717623,0.000672912,0.000276592,0.000282581,0.000194206,0.000150569,9.34772e-05,8.76887e-05,0.000103359,3.74971e-05,1.20243e-05,3.86205e-05,1.1283e-05,1.01526e-05,8.67972e-06,9.3552e-06,4.79846e-06,1.62919e-06,3.52582e-06,1.67192e-06,2.01458e-07,7.93353e-08,-0.0001,2.54392e-07,4.76986e-07,6.9176e-08,-0.0001,3.2447e-08,-0.0001,-0.0001,-0.0001,-0.0001,-0.0001,-0.0001,-0.0001,-0.0001,
-0.0001,-0.0001,-0.0001,-0.0001,-0.0001,-0.0001,-0.0001,-0.0001,-0.0001,-0.0001,0.175377,-0.0001,-0.0001,0.099392,0.504974,0.144207,0.230281,-0.0001,0.285354,0.224111,0.242597,0.478044,0.537305,0.34917,0.274737,0.335748,0.359122,0.206639,0.211519,0.247533,0.146777,0.141231,0.213335,0.0964477,0.161122,0.1326,0.100584,0.100424,0.0994634,0.0833445,0.0870147,0.0661431,0.0654798,0.056308,0.0413037,0.0471375,0.0359571,0.0288676,0.0243469,0.0219942,0.0206591,0.0131605,0.0114566,0.0114163,0.00792877,0.00722119,0.00440995,0.00454656,0.00361204,0.00365421,0.00215381,0.00161355,0.00146072,0.00090816,0.000755346,0.000576281,0.000559792,0.000314486,0.000283285,0.000171206,0.000169783,0.000136569,0.000100524,4.80074e-05,5.77249e-05,3.90022e-05,2.57284e-05,4.03381e-05,8.31421e-06,1.14212e-05,7.72726e-06,3.6734e-06,4.92566e-06,4.6865e-06,3.07818e-07,3.11124e-06,1.62487e-06,-0.0001,4.05744e-07,2.60411e-07,2.01578e-07,1.25688e-07,-0.0001,-0.0001,-0.0001,3.38047e-08,-0.0001,-0.0001,-0.0001,-0.0001,
0.0271939,-0.0001,-0.0001,0.112416,0.242924,0.274877,-0.0001,-0.0001,-0.0001,0.207722,-0.0001,0.0503131,-0.0001,0.0206507,-0.0001,0.4231,0.923641,0.687215,0.377383,0.19545,0.343723,0.211333,0.395604,0.225811,0.431256,0.322904,0.236652,0.287266,0.216926,0.325417,0.19345,0.234637,0.174436,0.180732,0.154956,0.174126,0.0954436,0.123097,0.113006,0.0954177,0.11069,0.0822489,0.0733785,0.0728079,0.0554828,0.040549,0.0374461,0.0320706,0.0266804,0.025155,0.0192938,0.0198149,0.0165569,0.012209,0.0102949,0.00720255,0.00560961,0.00406669,0.00440253,0.0030146,0.00298167,0.00228957,0.00153671,0.00121532,0.00102145,0.000716804,0.000662564,0.000333053,0.000377003,0.000248134,0.000196734,0.000174965,0.000114248,8.46912e-05,4.95244e-05,3.49178e-05,2.86157e-05,1.16399e-05,1.01271e-05,6.47554e-06,1.17934e-05,1.1355e-05,1.7559e-06,5.5583e-06,7.69385e-07,4.11809e-08,2.65352e-07,2.33256e-07,-0.0001,-0.0001,5.7555e-07,-0.0001,-0.0001,-0.0001,-0.0001,-0.0001,-0.0001,-0.0001,-0.0001,-0.0001,
-0.0001,-0.0001,-0.0001,0.339891,-0.0001,-0.0001,-0.0001,-0.0001,-0.0001,-0.0001,0.675034,0.156819,0.230681,-0.0001,0.10526,1.10617,0.196038,0.0212305,0.230089,0.60843,0.255745,0.30104,0.12229,0.448764,0.235575,0.39244,0.334002,0.222029,0.321275,0.206784,0.275622,0.223039,0.207564,0.193085,0.20965,0.124672,0.150906,0.128156,0.132994,0.100635,0.108066,0.111352,0.0672661,0.0665363,0.0648594,0.0552679,0.0499934,0.0400176,0.0294001,0.0298047,0.0263593,0.0200864,0.0175397,0.0133824,0.00982005,0.00808517,0.00877521,0.00606805,0.00658017,0.00314052,0.00368947,0.00295638,0.00203876,0.00210224,0.00187018,0.00081782,0.000690215,0.000753918,0.000407463,0.000227287,0.000239603,0.000173295,0.00015021,0.000132842,0.000120207,4.73141e-05,5.6453e-05,3.82219e-05,1.82391e-05,2.07964e-05,7.53229e-06,9.20131e-06,6.35453e-06,-0.0001,4.15294e-06,-0.0001,3.92683e-07,8.66278e-08,1.99105e-07,-0.0001,1.5217e-07,-0.0001,-0.0001,9.19116e-08,-0.0001,-0.0001,-0.0001,-0.0001,-0.0001,-0.0001,
-0.0001,-0.0001,-0.0001,-0.0001,-0.0001,-0.0001,0.142493,-0.0001,-0.0001,-0.0001,-0.0001,0.432328,0.308708,-0.0001,0.336362,0.0631258,0.141672,0.245673,0.172462,0.158551,0.418019,0.373068,0.492048,0.223424,0.293142,0.381289,0.269534,0.29698,0.339089,0.284446,0.295403,0.158314,0.194964,0.167255,0.130354,0.191058,0.159882,0.130048,0.147824,0.132734,0.115254,0.112047,0.0938936,0.081666,0.0771181,0.0558373,0.0516523,0.0406836,0.0359672,0.0313966,0.032839,0.0285673,0.0194743,0.0159596,0.0145856,0.00845997,0.00894899,0.00711544,0.0075018,0.00571316,0.00362548,0.00299735,0.00248958,0.00247834,0.00167029,0.0011413,0.00106018,0.000755516,0.000772195,0.000375152,0.000338432,0.000310019,0.000242979,0.000129493,0.000161973,7.94856e-05,4.99663e-05,3.67549e-05,2.6788e-05,3.17942e-05,6.62882e-06,5.14602e-06,1.43958e-05,5.9863e-06,3.05884e-06,4.70053e-06,-0.0001,1.49973e-09,2.95136e-07,-0.0001,1.83133e-07,-0.0001,-0.0001,-0.0001,-0.0001,-0.0001,-0.0001,-0.0001,-0.0001,-0.0001,
-0.0001,-0.0001,-0.0001,-0.0001,0.230011,-0.0001,0.258852,0.00343315,-0.0001,0.341624,0.0409525,-0.0001,-0.0001,0.473233,0.0392017,0.424404,0.271417,1.51902,0.566115,0.237886,0.416972,0.509629,0.417516,0.344117,0.302991,0.197707,0.329346,0.421203,0.221358,0.343358,0.244143,0.262857,0.279544,0.186183,0.2052,0.178647,0.164905,0.194852,0.166448,0.171664,0.12341,0.0999551,0.0904353,0.097905,0.0870163,0.0594379,0.0668602,0.0437955,0.0549195,0.0390489,0.034784,0.0306044,0.0264261,0.0178525,0.0158851,0.0155479,0.0103256,0.00782312,0.00782327,0.0069903,0.00521826,0.00384331,0.00359676,0.00273921,0.00220388,0.00217537,0.00159225,0.000878937,0.000842086,0.000612566,0.000474453,0.00024165,0.00030404,0.000169853,0.000120457,0.000117212,0.000125936,4.42517e-05,6.69521e-05,4.05746e-05,1.59045e-05,1.33135e-05,1.14415e-05,5.70492e-06,2.74204e-06,1.67442e-06,1.55447e-06,1.98266e-06,5.20332e-07,1.17784e-08,-0.0001,-0.0001,-0.0001,-0.0001,-0.0001,-0.0001,-0.0001,-0.0001,-0.0001,-0.0001,
-0.0001,-0.0001,-0.0001,-0.0001,-0.0001,-0.0001,-0.0001,-0.0001,-0.0001,-0.0001,0.603807,-0.0001,0.339334,0.222015,0.327847,0.26365,0.255355,0.240229,0.0555585,0.137847,0.297457,0.29627,0.325621,0.434978,0.265353,0.205304,0.36037,0.448386,0.307662,0.295667,0.275548,0.255146,0.261217,0.217495,0.214601,0.239268,0.217752,0.198788,0.137146,0.182329,0.143528,0.125954,0.12585,0.0853491,0.0851688,0.0791878,0.0545063,0.0599951,0.0557222,0.046261,0.040059,0.0321308,0.0296093,0.0271531,0.0187107,0.0175189,0.0139187,0.0105403,0.0108204,0.0071662,0.0065274,0.0042345,0.00361402,0.00262675,0.00195028,0.00218437,0.00159998,0.00141353,0.00119781,0.00086294,0.000759818,0.000403592,0.000433682,0.000189,0.000189078,0.000214702,9.95716e-05,0.000129606,4.49873e-05,3.93623e-05,2.24775e-05,1.77348e-05,1.51382e-05,1.92959e-05,4.12054e-06,2.78601e-06,4.20571e-06,-0.0001,-0.0001,-0.0001,-0.0001,3.93553e-07,-0.0001,7.08972e-07,1.91327e-07,-0.0001,-0.0001,1.07383e-09,-0.0001,-0.0001,
-0.0001,-0.0001,-0.0001,-0.0001,-0.0001,-0.0001,0.0987187,-0.0001,0.0169685,0.449374,0.0192331,0.011941,0.81027,0.113043,0.348544,0.252377,0.193871,0.176288,0.19929,0.240406,0.350778,0.368324,0.049551,0.336345,0.438305,0.15469,0.246683,0.355777,0.333051,0.241639,0.279998,0.353436,0.311176,0.224171,0.229467,0.214894,0.221097,0.242579,0.218444,0.151045,0.130134,0.129456,0.124317,0.110906,0.0949366,0.0966483,0.0727184,0.0573891,0.0483005,0.0523051,0.0525651,0.036131,0.0243829,0.0292753,0.0221424,0.0199321,0.0185472,0.0143407,0.0123472,0.0102803,0.00810012,0.007658,0.00396949,0.00434301,0.003269,0.00283131,0.00191888,0.00200279,0.00150306,0.00100621,0.000977502,0.000757756,0.00036581,0.000381286,0.000362707,0.000262347,0.000135796,0.000100036,9.20676e-05,2.49728e-05,1.97024e-05,3.27096e-05,1.00669e-05,5.71722e-06,1.2108e-05,1.15653e-05,-0.0001,1.128e-05,2.65287e-06,-0.0001,-0.0001,1.30707e-08,-0.0001,-0.0001,-0.0001,-0.0001,-0.0001,-0.0001,-0.0001,-0.0001,
-0.0001,-0.0001,-0.0001,0.0503176,-0.0001,-0.0001,0.115659,-0.0001,0.0116569,0.00299428,0.108443,-0.0001,0.112572,0.724519,-0.0001,0.105619,0.172154,0.460823,0.357538,0.365586,0.340505,0.248462,0.289435,0.254351,0.310103,0.510041,0.272778,0.349857,0.323839,0.327756,0.347628,0.337512,0.25309,0.314345,0.297878,0.254166,0.226271,0.216737,0.203462,0.155125,0.158946,0.153238,0.159188,0.118868,0.105396,0.078661,0.0946496,0.0749264,0.0748897,0.0578162,0.0555512,0.0488893,0.0410161,0.0337511,0.0264539,0.0233828,0.0179886,0.0186688,0.0162597,0.0115273,0.00912283,0.00835695,0.00529261,0.00554943,0.00503178,0.00308931,0.00245273,0.00220847,0.00127751,0.00112487,0.00108164,0.000630769,0.000545452,0.000673359,0.000380248,0.000396306,0.000199736,0.000172855,9.24062e-05,6.92942e-05,8.7188e-05,2.621e-05,6.02689e-05,1.99392e-05,3.0069e-06,5.94134e-07,9.44667e-06,7.51605e-06,2.1489e-06,3.37847e-06,8.69751e-07,6.27751e-07,-0.0001,-0.0001,1.575e-07,-0.0001,-0.0001,-0.0001,-0.0001,-0.0001,
-0.0001,-0.0001,-0.0001,-0.0001,-0.0001,0.302682,-0.0001,-0.0001,0.290135,0.468657,0.126675,-0.0001,0.147975,0.142689,0.0715727,-0.0001,0.246976,0.313245,0.324067,0.258545,0.229613,0.43868,0.291193,0.33223,0.444815,0.265846,0.323735,0.286019,0.225634,0.330044,0.2608,0.258237,0.351369,0.246379,0.285006,0.30633,0.286286,0.203437,0.201788,0.17712,0.180854,0.157369,0.14093,0.141361,0.131491,0.117428,0.104024,0.094452,0.0650041,0.0770131,0.057983,0.0462751,0.0389715,0.0282169,0.0350567,0.0343462,0.023204,0.0207801,0.0190638,0.0123187,0.00962158,0.011005,0.00964916,0.00655355,0.00486282,0.00460779,0.00268675,0.0025621,0.00293541,0.00199718,0.00104347,0.000777235,0.000883482,0.00056669,0.000384555,0.000332603,0.000342752,0.000152762,0.000281364,6.3371e-05,9.81491e-05,4.52643e-05,0.000100125,3.45871e-05,1.19614e-05,3.65982e-05,3.94358e-06,7.37013e-07,-0.0001,4.31059e-06,-0.0001,-0.0001,-0.0001,7.36378e-08,-0.0001,-0.0001,-0.0001,-0.0001,-0.0001,-0.0001,
-0.0001,-0.0001,-0.0001,-0.0001,-0.0001,-0.0001,-0.0001,-0.0001,-0.0001,0.119728,-0.0001,0.0919085,0.0639035,0.0134794,-0.0001,0.213798,0.248317,0.316957,0.282045,0.237201,0.352085,0.299636,0.314016,0.271997,0.34319,0.387414,0.353762,0.395127,0.316458,0.311817,0.325762,0.340083,0.278173,0.289199,0.283264,0.22866,0.275899,0.212682,0.255948,0.213782,0.211755,0.167548,0.147992,0.123647,0.124048,0.120693,0.107064,0.100847,0.0884047,0.0678853,0.0702203,0.051283,0.0490058,0.0435954,0.0413255,0.0337879,0.025545,0.0241592,0.0183993,0.0173349,0.0130855,0.0112333,0.00845796,0.00756725,0.00610005,0.006247,0.00323379,0.00317454,0.00293061,0.00282702,0.00129989,0.00153922,0.000845903,0.000871314,0.000567975,0.000321839,0.000389281,0.000214725,0.000164068,0.000262698,0.000118912,5.63481e-05,2.6447e-05,5.20559e-05,6.59547e-05,2.25695e-05,3.02383e-05,2.10666e-05,-0.0001,5.57866e-06,1.64663e-06,6.55144e-07,-0.0001,-0.0001,-0.0001,-0.0001,-0.0001,-0.0001,-0.0001,-0.0001,
-0.0001,-0.0001,-0.0001,-0.0001,0.0881899,-0.0001,-0.0001,-0.0001,-0.0001,0.046006,0.0918327,0.000513957,0.136757,0.136241,0.242793,0.842644,0.453255,0.267677,0.197145,0.260623,0.226014,0.365412,0.340763,0.23454,0.359051,0.2963,0.384279,0.388011,0.377306,0.31612,0.291861,0.284408,0.328217,0.308918,0.347211,0.267079,0.274055,0.265125,0.209402,0.20651,0.202722,0.211503,0.145269,0.211555,0.157516,0.147444,0.122693,0.10591,0.0952736,0.0857786,0.0678778,0.0700822,0.0636173,0.0539932,0.0366198,0.0368306,0.0335218,0.0260899,0.0250352,0.0215801,0.0198398,0.0117768,0.0118657,0.00982176,0.00786912,0.00795347,0.00513961,0.00381267,0.00369109,0.00281898,0.00245954,0.00149579,0.00148942,0.000757783,0.000812577,0.000698464,0.000480455,0.000167673,0.000363743,0.000174853,0.00011502,8.00447e-05,7.61431e-05,5.25383e-05,2.85464e-05,5.4376e-05,2.5266e-05,3.20651e-05,1.22878e-05,-0.0001,1.75242e-05,-0.0001,-0.0001,4.32953e-06,-0.0001,-0.0001,-0.0001,-0.0001,-0.0001,-0.0001,
-0.0001,-0.0001,0.0148063,-0.0001,-0.0001,0.0312892,0.0232019,0.115231,-0.0001,0.00374845,0.198957,-0.0001,0.0901084,0.331372,-0.0001,0.0766463,0.164151,0.305695,0.354085,0.285355,0.360507,0.328123,0.437083,0.275417,0.395663,0.289445,0.319422,0.390937,0.324556,0.364863,0.404803,0.30781,0.259233,0.275037,0.323336,0.308571,0.291167,0.266756,0.249092,0.226494,0.204369,0.227443,0.168431,0.203355,0.169848,0.16046,0.1199,0.140328,0.105033,0.0901609,0.0933315,0.0834226,0.0569568,0.0668196,0.049162,0.0445233,0.0357356,0.0343051,0.0251872,0.0212013,0.0185364,0.0152403,0.0128259,0.0117214,0.00920623,0.00726888,0.00650304,0.00601455,0.00401841,0.00261317,0.0019809,0.00225184,0.00161252,0.00124237,0.00132337,0.0011368,0.000564479,0.000339628,0.000219097,0.000247676,0.000197331,0.000157763,0.0002008,0.000137958,7.45804e-05,5.49931e-05,1.10622e-05,1.35103e-05,4.18916e-05,1.00667e-05,-0.0001,-0.0001,-0.0001,-0.0001,-0.0001,2.44835e-07,-0.0001,-0.0001,-0.0001,-0.0001,
-0.0001,-0.0001,-0.0001,-0.0001,-0.0001,0.00924752,-0.0001,-0.0001,-0.0001,0.0920718,0.0997994,0.248304,0.147469,0.0642924,0.08574,0.370569,0.0369329,0.194826,0.359294,0.259906,0.192584,0.286065,0.397321,0.229701,0.209128,0.301039,0.31928,0.351586,0.325018,0.398524,0.294656,0.347405,0.394648,0.352373,0.264833,0.322283,0.267839,0.241145,0.253591,0.26006,0.190463,0.240103,0.198128,0.205198,0.189111,0.151388,0.150275,0.149286,0.122007,0.126014,0.0959514,0.0832787,0.0668005,0.0635237,0.0594422,0.0453007,0.044709,0.0393889,0.035564,0.0290571,0.0269216,0.024595,0.0195261,0.0149743,0.00892135,0.0103592,0.00728872,0.0063966,0.00411089,0.00422808,0.00299716,0.00262828,0.002277,0.00163602,0.00154965,0.000997702,0.000797284,0.000693331,0.0004492,0.000324826,0.000269281,0.000156714,0.000149811,7.42135e-05,8.17713e-05,5.22669e-05,3.66502e-05,2.1112e-05,-0.0001,3.16096e-05,3.62328e-06,1.08582e-05,-0.0001,7.07581e-06,-0.0001,-0.0001,-0.0001,-0.0001,-0.0001,-0.0001,
0.114525,-0.0001,-0.0001,-0.0001,-0.0001,-0.0001,-0.0001,-0.0001,-0.0001,-0.0001,0.308308,0.0248759,0.274405,0.117184,0.148553,0.0858152,0.231734,0.270745,0.124922,0.16283,0.198235,0.208748,0.101849,0.241341,0.443079,0.154719,0.454759,0.333236,0.362149,0.352121,0.321838,0.296594,0.374853,0.342134,0.299351,0.323659,0.291506,0.31923,0.224829,0.236897,0.27596,0.251253,0.223595,0.195044,0.184812,0.179796,0.170637,0.128151,0.146748,0.116625,0.105224,0.104542,0.103693,0.0694891,0.0718574,0.05684,0.0438127,0.0491786,0.0409425,0.0324001,0.0242205,0.0271715,0.021128,0.0235524,0.0146021,0.012497,0.0102827,0.00664587,0.00745535,0.00461093,0.00409594,0.00349541,0.00200567,0.00248726,0.000962357,0.00119907,0.00103248,0.000936327,0.000594473,0.000198594,0.000309677,0.000224507,0.000412049,8.30896e-05,0.000238708,2.69004e-05,0.00014615,2.39028e-05,2.57844e-06,8.14644e-05,3.20434e-05,-0.0001,-0.0001,6.39639e-06,-0.0001,-0.0001,-0.0001,1.34182e-06,1.23792e-06,-0.0001,
0.000622841,-0.0001,-0.0001,-0.0001,-0.0001,-0.0001,0.116888,-0.0001,0.0225421,-0.0001,-0.0001,0.0799475,0.137883,0.2005,0.280932,0.228247,0.293234,0.128933,0.35542,0.317774,0.247891,0.209717,0.315017,0.336774,0.216387,0.315399,0.366613,0.331237,0.294087,0.271787,0.288821,0.343157,0.461401,0.313757,0.295744,0.307213,0.279753,0.249355,0.288131,0.23872,0.25545,0.270583,0.241857,0.204139,0.232768,0.218271,0.153575,0.17755,0.155117,0.130264,0.130857,0.116267,0.115693,0.086273,0.0715747,0.0761675,0.0614813,0.0510742,0.040815,0.0411754,0.0366807,0.0298938,0.0252561,0.019947,0.0166934,0.0130334,0.0129344,0.00849671,0.00774155,0.00679281,0.00557516,0.00497996,0.00267021,0.0026299,0.002471,0.00116779,0.00137871,0.00122642,0.000839234,0.000437572,0.000191982,0.000338607,0.000173533,0.000249216,0.000197108,5.52523e-05,4.12734e-05,0.000136064,2.3287e-05,4.1996e-05,-0.0001,-0.0001,1.42657e-05,-0.0001,-0.0001,2.64947e-06,-0.0001,-0.0001,1.10079e-06,-0.0001,
-0.0001,-0.0001,-0.0001,0.0172358,-0.0001,-0.0001,0.00187173,-0.0001,-0.0001,0.031303,0.0329814,0.185891,0.068217,0.0438646,0.0874835,0.0344358,0.0462361,0.423786,0.26484,0.234549,0.22522,0.309852,0.223417,0.307044,0.312028,0.256556,0.342021,0.237228,0.293772,0.306965,0.368011,0.377811,0.340319,0.326923,0.298965,0.292336,0.282597,0.353166,0.300238,0.242184,0.295961,0.217029,0.24372,0.22832,0.209789,0.211285,0.202669,0.183572,0.166538,0.13377,0.127117,0.103584,0.108405,0.0917487,0.0844361,0.0745316,0.0649766,0.0611667,0.0539099,0.0482963,0.0367824,0.0320572,0.0293253,0.0242116,0.0199186,0.0173635,0.0138096,0.0122281,0.0134208,0.00652066,0.00647678,0.00444176,0.00359873,0.00291405,0.00192467,0.00241538,0.00219614,0.00236991,0.00114889,0.000773153,0.000631266,0.000399553,0.000500459,9.94655e-05,0.000259135,0.000127066,0.000595784,5.33635e-05,9.60222e-05,-0.0001,3.09821e-05,2.85628e-05,2.69139e-05,2.61202e-05,-0.0001,-0.0001,-0.0001,-0.0001,-0.0001,-0.0001,
-0.0001,-0.0001,-0.0001,-0.0001,-0.0001,0.0514763,-0.0001,-0.0001,-0.0001,0.0746279,0.108044,0.11104,0.0336731,0.167448,0.0730603,0.24903,0.111885,0.383609,0.122259,0.220787,0.332579,0.223473,0.21122,0.319156,0.221406,0.218582,0.346673,0.240826,0.336231,0.294295,0.302238,0.320038,0.329214,0.351868,0.351398,0.34109,0.299717,0.300249,0.310065,0.302107,0.269579,0.302919,0.227757,0.241123,0.211516,0.251958,0.192449,0.186091,0.157257,0.174506,0.141039,0.142622,0.138501,0.105451,0.0892595,0.107577,0.0860113,0.0650876,0.0587093,0.0505125,0.0451391,0.036659,0.032287,0.0268168,0.0216892,0.0173508,0.0167932,0.0138522,0.0143804,0.0112002,0.00761305,0.00633228,0.00514587,0.00300798,0.00403453,0.00218108,0.0018655,0.00146558,0.00130555,0.00118442,0.000832705,0.00059861,0.000581759,0.000151965,0.000135432,-0.0001,0.000341957,5.55794e-05,2.47966e-06,0.000130765,2.0595e-05,1.33935e-07,-0.0001,-0.0001,3.7133e-06,-0.0001,-0.0001,-0.0001,-0.0001,-0.0001,
-0.0001,-0.0001,-0.0001,-0.0001,0.128775,0.00259204,0.0116067,-0.0001,0.0845261,0.0435592,0.0874446,-0.0001,0.0471504,0.0117498,0.0914213,0.0917864,0.0853825,0.0574566,0.129926,0.151822,0.143122,0.215277,0.185561,0.224308,0.259753,0.235465,0.269667,0.333308,0.275135,0.343423,0.322269,0.246581,0.317806,0.388496,0.292231,0.346671,0.348573,0.336744,0.310446,0.354842,0.310366,0.28509,0.276584,0.227863,0.255519,0.223069,0.216124,0.207934,0.178921,0.16674,0.188272,0.119762,0.150074,0.126068,0.118703,0.0911701,0.0873768,0.0743532,0.0653101,0.0569057,0.0457637,0.0388455,0.0381507,0.0311092,0.0303788,0.0250969,0.0173644,0.0166058,0.0129241,0.0104621,0.00752642,0.00591559,0.0082369,0.00539237,0.0027968,0.00351909,0.0021022,0.00236893,0.00168912,0.00173439,0.000371006,0.00107197,0.000494607,0.000449624,0.000484726,0.000288847,0.000145904,8.82753e-05,2.73761e-05,9.1269e-05,0.000155905,2.99947e-05,-0.0001,1.22191e-05,-0.0001,-0.0001,-0.0001,-0.0001,-0.0001,-0.0001,
-0.0001,-0.0001,-0.0001,-0.0001,-0.0001,0.0788214,0.0284172,-0.0001,0.136246,0.0299521,0.0242363,-0.0001,0.0411885,0.0962459,0.0662333,0.133479,0.0839506,0.0902232,0.0987602,0.109625,0.259827,0.179197,0.202315,0.238075,0.197343,0.355811,0.244045,0.215546,0.292733,0.270202,0.339388,0.332407,0.340666,0.286436,0.376962,0.297624,0.398593,0.349784,0.30599,0.294545,0.306799,0.26447,0.235509,0.281423,0.275826,0.238603,0.25055,0.229777,0.167038,0.206612,0.137339,0.17271,0.153233,0.125041,0.125626,0.127978,0.0939483,0.077171,0.0793988,0.0636584,0.0538429,0.0489049,0.0479109,0.0436656,0.0245334,0.0256597,0.0226717,0.0144192,0.0192055,0.015066,0.0118589,0.0102555,0.00589904,0.00573845,0.00424161,0.00390032,0.0034631,0.0027707,0.00186667,0.000816506,0.00113192,0.00114846,0.000464867,0.000539728,0.000308186,0.000340985,0.000487083,0.000148037,-0.0001,-0.0001,-0.0001,-0.0001,-0.0001,-0.0001,-0.0001,-0.0001,-0.0001,-0.0001,-0.0001,-0.0001,
-0.0001,-0.0001,0.00702713,-0.0001,-0.0001,0.0472072,-0.0001,0.00860111,-0.0001,-0.0001,0.010135,0.0165567,0.0120051,0.0372184,0.107219,0.0220019,0.27109,0.0547944,0.170036,0.114622,0.174662,0.228288,0.223769,0.234932,0.203339,0.263207,0.298871,0.252725,0.219167,0.200696,0.319945,0.289466,0.302353,0.319184,0.376076,0.333792,0.311335,0.354737,0.344298,0.233152,0.330361,0.25758,0.262813,0.292616,0.227579,0.225877,0.275977,0.269575,0.226197,0.225854,0.212052,0.188198,0.163578,0.129682,0.119742,0.147848,0.115137,0.0947917,0.0791248,0.0733811,0.0540731,0.0503005,0.0417317,0.0357729,0.0396949,0.0392141,0.0330713,0.0183974,0.0246969,0.0176331,0.0114785,0.00755027,0.00834102,0.00541592,0.0075072,0.00670688,0.00494478,0.00377833,0.00222632,0.0021693,0.0014538,0.00116785,0.000792586,0.00158167,0.00093138,0.000293075,0.000118883,-0.0001,-0.0001,9.29386e-05,0.00012273,0.000226921,-0.0001,2.68795e-05,-0.0001,-0.0001,-0.0001,3.05332e-05,-0.0001,-0.0001,
-0.0001,-0.0001,-0.0001,-0.0001,-0.0001,0.0207075,0.0232291,0.00710083,-0.0001,0.0175973,0.0326468,0.054706,0.0751223,0.0547854,0.0339688,0.124285,0.117979,0.0423967,0.119551,0.117004,0.0798866,0.127694,0.171355,0.211955,0.178902,0.18812,0.171639,0.323221,0.217817,0.242814,0.34874,0.331169,0.311363,0.368851,0.297244,0.296218,0.309466,0.28028,0.354227,0.32688,0.32478,0.232096,0.298838,0.30567,0.31292,0.24343,0.243237,0.251757,0.22361,0.210223,0.195845,0.178692,0.16012,0.184595,0.14473,0.142017,0.150088,0.0979941,0.112762,0.0797748,0.0809365,0.0681484,0.051099,0.0464705,0.0435107,0.0331619,0.0416084,0.0198795,0.02283,0.0126353,0.0149993,0.0126818,0.0088981,0.00922021,0.00474756,0.00496211,0.00577455,0.0042789,0.00287034,0.00173522,0.00276947,0.00128731,0.00100269,0.001275,0.000947421,0.000220849,0.000181047,0.000180415,0.000156999,5.06283e-05,7.34052e-05,-0.0001,-0.0001,8.61996e-05,-0.0001,-0.0001,-0.0001,1.37456e-05,-0.0001,-0.0001,
-0.0001,-0.0001,-0.0001,-0.0001,-0.0001,-0.0001,-0.0001,0.0125,0.0355601,0.0597208,0.0116889,0.0858751,0.0313704,0.0815685,0.178445,0.0290272,0.0969045,0.217202,0.0723973,0.105478,0.168943,0.0352922,0.194914,0.25339,0.248627,0.213061,0.230889,0.138045,0.230218,0.185178,0.266711,0.300273,0.286483,0.295724,0.335026,0.246553,0.339751,0.282175,0.306488,0.289239,0.295979,0.338039,0.334554,0.24737,0.282373,0.268529,0.287542,0.234882,0.243882,0.209498,0.228072,0.200488,0.171389,0.175541,0.145226,0.153521,0.12391,0.121381,0.103063,0.0864484,0.087686,0.0837324,0.0570028,0.0522938,0.04618,0.0377354,0.037518,0.0260179,0.0272321,0.0148989,0.0174567,0.0149252,0.0116703,0.0163037,0.00956916,0.00846842,0.006634,0.00109995,0.00335658,0.00437227,0.00237644,0.00154849,0.00222472,0.00114445,0.0018635,0.00058439,0.000731342,5.09895e-05,0.000166587,1.30838e-05,0.00116615,-0.0001,-0.0001,8.76919e-05,-0.0001,-0.0001,-0.0001,-0.0001,2.45069e-05,-0.0001,
-0.0001,-0.0001,-0.0001,-0.0001,0.00705683,-0.0001,0.0448367,-0.0001,0.0425489,0.00916039,-0.0001,-0.0001,0.0593025,0.0148511,0.124478,0.0139595,0.0419813,0.107083,0.101404,0.0805247,0.09047,0.110995,0.17732,0.18539,0.235064,0.151379,0.203414,0.190701,0.320459,0.200503,0.312475,0.306532,0.258452,0.3018,0.265509,0.250442,0.229873,0.334603,0.335748,0.302108,0.315279,0.374266,0.331536,0.279783,0.290215,0.262421,0.275704,0.305902,0.264115,0.303082,0.215001,0.260676,0.254307,0.208746,0.180856,0.123082,0.14545,0.132292,0.118997,0.096765,0.0949456,0.0728602,0.0668639,0.0707527,0.0591464,0.0544061,0.0452064,0.0310114,0.0237177,0.0256277,0.0135088,0.0132072,0.0163527,0.0137567,0.00881577,0.00924734,0.00691562,0.00681144,0.00341581,0.00460954,0.00240698,0.00172617,0.00294153,0.000636496,0.000989798,0.000388912,0.000335488,-0.0001,-0.0001,0.000182527,3.37648e-05,0.000264521,1.06393e-05,5.24407e-05,-0.0001,6.78375e-07,-0.0001,-0.0001,-0.0001,-0.0001,
-0.0001,-0.0001,-0.0001,-0.0001,-0.0001,-0.0001,0.00112701,-0.0001,-0.0001,-0.0001,0.0417903,-0.0001,0.00626226,0.0178043,0.0641692,0.0183936,0.0291531,0.0581289,0.10417,0.091077,0.0556479,0.152749,0.063887,0.190374,0.130319,0.195707,0.283593,0.189096,0.412565,0.236105,0.268432,0.34307,0.253298,0.231287,0.244086,0.298709,0.298393,0.263056,0.298556,0.351949,0.298992,0.316254,0.282131,0.318099,0.278978,0.296393,0.254833,0.298062,0.260043,0.286008,0.26136,0.21585,0.234746,0.250848,0.179265,0.172812,0.114189,0.120884,0.116591,0.120411,0.0971168,0.0767894,0.0745769,0.0641909,0.0646442,0.054406,0.0449773,0.0325231,0.0355934,0.0246358,0.0244794,0.0226127,0.0161274,0.0175316,0.0128579,0.0118188,0.0122928,0.00555048,0.00681857,0.00220102,0.00472088,0.00389168,0.00487006,0.000764115,0.00131025,0.000267931,0.00135807,0.000523417,-0.0001,-0.0001,0.000641128,6.05702e-05,-0.0001,-0.0001,-0.0001,-0.0001,-0.0001,-0.0001,5.33342e-06,-0.0001,
-0.0001,-0.0001,-0.0001,-0.0001,-0.0001,-0.0001,0.0044044,-0.0001,0.00980497,0.00161411,0.0372648,0.0197459,0.0603944,0.0425718,0.014545,0.0337785,0.0109208,0.0280806,0.107218,0.112939,0.114123,0.0363795,0.0929966,0.0776829,0.103668,0.1157,0.161686,0.16481,0.209309,0.228514,0.213829,0.236613,0.231367,0.263601,0.22285,0.281988,0.265378,0.248495,0.281783,0.318959,0.352429,0.321825,0.324274,0.280976,0.338448,0.315195,0.30523,0.295686,0.280595,0.260331,0.240853,0.206392,0.225933,0.19625,0.20384,0.186835,0.145376,0.190981,0.131271,0.130354,0.128788,0.106276,0.110599,0.0887768,0.0706091,0.0626437,0.0604649,0.0572985,0.0355357,0.0272614,0.0350018,0.0277057,0.0282541,0.0163425,0.0212519,0.0105573,0.0106358,0.00830447,0.00589401,0.00673882,0.00569503,0.00218939,0.00261526,0.00195988,0.000317889,0.00300631,0.000512318,0.00308689,0.00103072,-0.0001,-0.0001,0.000805417,-0.0001,-0.0001,-0.0001,-0.0001,-0.0001,-0.0001,0.000113269,-0.0001,
-0.0001,-0.0001,-0.0001,-0.0001,0.00755124,-0.0001,0.0109418,-0.0001,-0.0001,0.0337229,0.0196944,0.0105473,0.000200604,0.000354124,0.0293758,0.0213571,0.0649331,0.0571092,0.0642088,0.0546533,0.0555249,0.134007,0.094146,0.115086,0.0464413,0.150185,0.218214,0.166284,0.15783,0.212319,0.180967,0.248811,0.260541,0.267774,0.274606,0.323128,0.336941,0.289827,0.331812,0.308397,0.345881,0.35794,0.297494,0.344572,0.280719,0.321414,0.323374,0.278404,0.29447,0.27822,0.257482,0.272535,0.2192,0.261558,0.199664,0.197261,0.16736,0.155604,0.198456,0.136963,0.129715,0.131784,0.110457,0.099537,0.0887004,0.0718946,0.0758759,0.048119,0.0366248,0.0399062,0.0337443,0.0378961,0.023412,0.0234526,0.0167042,0.0147956,0.0146571,0.0160387,0.00818632,0.0157283,0.00495258,0.00190737,0.00978901,0.00303428,0.00171835,0.00239018,0.0011444,0.00136803,0.000544153,0.000167941,0.000200576,0.000464997,-0.0001,-0.0001,-0.0001,-0.0001,-0.0001,8.64112e-05,-0.0001,-0.0001,
-0.0001,-0.0001,-0.0001,-0.0001,-0.0001,-0.0001,0.0174003,-0.0001,-0.0001,0.00474554,0.0142164,0.0287233,0.0272714,0.0129135,0.0154733,0.0028616,0.0627093,0.0667897,0.0228775,0.046952,0.0916785,0.0681762,0.0848974,0.11244,0.134747,0.151799,0.19016,0.252338,0.169327,0.182886,0.25113,0.209369,0.249195,0.321298,0.225403,0.196475,0.318533,0.317471,0.251056,0.318322,0.314038,0.267556,0.307047,0.324422,0.296399,0.333017,0.308664,0.310251,0.31459,0.284849,0.263955,0.254517,0.252318,0.232045,0.209673,0.191289,0.2047,0.18893,0.163832,0.129744,0.120766,0.119591,0.126213,0.11761,0.0794279,0.097879,0.0706074,0.0631478,0.0464638,0.0671603,0.0463482,0.0365319,0.0323177,0.0211352,0.0326978,0.0258737,0.0143666,0.00956769,0.0222748,0.007922,0.0188177,0.00563327,0.00517764,0.00356249,0.00112236,-0.0001,0.00261201,0.00167952,-0.0001,0.00221713,0.000672754,7.9711e-05,-0.0001,-0.0001,-0.0001,-0.0001,-0.0001,-0.0001,0.000106941,-0.0001,
-0.0001,-0.0001,0.00287563,-0.0001,-0.0001,-0.0001,0.00537218,-0.0001,-0.0001,0.0185964,0.0145717,-0.0001,0.00543385,0.026534,0.0113804,0.0170021,0.0320329,0.0513022,0.0134897,0.0513294,0.0962135,0.0799114,0.0942336,0.123543,0.083232,0.0967674,0.136821,0.14155,0.145849,0.19408,0.119099,0.215418,0.229349,0.223741,0.253445,0.258588,0.219933,0.300011,0.29407,0.293375,0.27695,0.249848,0.280444,0.363992,0.279152,0.359997,0.271051,0.335769,0.29682,0.289706,0.262115,0.24964,0.212804,0.271696,0.240806,0.218711,0.189667,0.215405,0.192836,0.143838,0.163241,0.135556,0.121692,0.110478,0.114267,0.0664692,0.0824098,0.0794174,0.0674116,0.0552255,0.0505806,0.0612172,0.0447324,0.0325623,0.0423063,0.0183651,0.0235979,0.0153319,0.0175427,0.0145633,0.0106787,0.00600706,0.0100704,0.00395911,0.00263768,0.0020242,0.0034443,0.00214606,0.00131469,0.00118261,-0.0001,0.000748936,-0.0001,0.000155672,0.00016702,3.92188e-05,-0.0001,-0.0001,-0.0001,-0.0001,
-0.0001,-0.0001,-0.0001,-0.0001,-0.0001,-0.0001,0.00116359,-0.0001,-0.0001,0.000483996,-0.0001,-0.0001,0.0135234,0.0150659,0.0226006,0.00767629,0.0546087,0.0452136,0.0288355,0.0424598,0.0586334,0.0466312,0.0918868,0.0956936,0.151326,0.205981,0.0873452,0.192575,0.1128,0.169126,0.189079,0.143566,0.191913,0.199814,0.23521,0.234901,0.205545,0.247562,0.226923,0.345615,0.32684,0.339098,0.29966,0.273728,0.291905,0.412359,0.365994,0.334379,0.29228,0.30229,0.266413,0.279286,0.233611,0.266729,0.268997,0.210686,0.177336,0.208049,0.220644,0.161863,0.153301,0.143559,0.152182,0.119048,0.114498,0.143096,0.117355,0.0884728,0.0454583,0.0558982,0.0556293,0.0422232,0.0447031,0.0271449,0.0313873,0.0193896,0.0229481,0.015664,0.0255206,0.0105699,0.00805825,0.00462428,0.0055484,0.00849867,0.00135342,0.000197817,0.0109301,0.00160893,0.00292752,-0.0001,-0.0001,-0.0001,-0.0001,2.11913e-05,-0.0001,-0.0001,-0.0001,-0.0001,-0.0001,-0.0001,
-0.0001,-0.0001,-0.0001,-0.0001,-0.0001,-0.0001,0.00285032,-0.0001,-0.0001,-0.0001,0.0179974,-0.0001,0.00503007,-0.0001,0.013691,0.0307213,0.03458,0.0193,0.0489724,0.0235518,0.0403933,0.0383911,0.111179,0.0551672,0.0892804,0.0799097,0.100721,0.113827,0.201321,0.140584,0.211339,0.151516,0.247189,0.235775,0.203841,0.20063,0.215817,0.275879,0.227388,0.201799,0.22338,0.34895,0.268361,0.309872,0.297216,0.343647,0.323451,0.342541,0.319127,0.28881,0.312386,0.308172,0.237271,0.245789,0.230904,0.229845,0.215685,0.247572,0.216482,0.205532,0.172284,0.177642,0.147707,0.116879,0.119244,0.125438,0.108248,0.0835286,0.0838631,0.0631637,0.0430272,0.0331072,0.0578334,0.0552274,0.0249347,0.0382077,0.0227102,0.0267503,0.0107478,0.0239041,0.0115754,0.00650806,0.0064907,0.00819557,0.00488654,0.00385954,0.00237476,-0.0001,-0.0001,0.00225782,0.00478808,0.000533555,-0.0001,0.000208473,-0.0001,-0.0001,-0.0001,-0.0001,-0.0001,-0.0001,
-0.0001,-0.0001,-0.0001,-0.0001,-0.0001,-0.0001,-0.0001,-0.0001,-0.0001,-0.0001,0.00465138,-0.0001,0.0129415,0.0116746,0.00270538,0.0175655,0.00991028,0.0376511,0.0127495,0.0467604,0.0629751,0.0649122,0.0472974,0.0774849,0.0831348,0.0795966,0.109449,0.0976672,0.0982072,0.170432,0.0948041,0.166861,0.202887,0.152719,0.188202,0.256817,0.245961,0.229725,0.196643,0.235803,0.301652,0.302153,0.286449,0.300966,0.312442,0.330473,0.419697,0.318508,0.329185,0.299128,0.270258,0.335447,0.235487,0.259644,0.256379,0.276805,0.214985,0.25008,0.228923,0.244763,0.173277,0.16125,0.138721,0.161745,0.120508,0.139674,0.0976573,0.102469,0.0948965,0.0737959,0.0719201,0.0587498,0.0497102,0.0538509,0.0574598,0.0408378,0.0287306,0.0259213,0.028577,0.0130179,0.0127351,0.0121336,0.0122783,0.00787586,0.0119696,0.00531115,0.00148593,0.00248636,0.00113279,-0.0001,0.000467842,-0.0001,-0.0001,-0.0001,-0.0001,-0.0001,-0.0001,-0.0001,-0.0001,-0.0001,
-0.0001,-0.0001,-0.0001,-0.0001,-0.0001,-0.0001,-0.0001,-0.0001,0.00633946,0.0003671,-0.0001,0.00173014,-0.0001,-0.0001,0.00131669,0.0200179,0.00705674,0.0110875,0.0160224,0.0754818,0.0475134,0.0370555,0.049302,0.0619917,0.029759,0.081925,0.0768043,0.120613,0.100691,0.116405,0.0937675,0.0856201,0.17769,0.16513,0.169448,0.276588,0.221273,0.245151,0.161764,0.236832,0.310107,0.252718,0.258993,0.275458,0.2872,0.226056,0.31299,0.304854,0.328151,0.281383,0.346169,0.246917,0.318171,0.297193,0.260199,0.294323,0.261494,0.23001,0.241519,0.183668,0.215969,0.189726,0.158218,0.143472,0.137111,0.0959494,0.142077,0.108212,0.087898,0.0717956,0.0748484,0.0473862,0.0565993,0.0275234,0.0302873,0.0242687,0.0465511,0.0486152,0.0235341,0.0355909,0.0281452,0.00875577,0.00219601,0.00609823,0.0184188,0.00316331,0.00731225,0.00846489,-0.0001,0.00806753,0.00343326,-0.0001,-0.0001,0.00135425,-0.0001,-0.0001,-0.0001,-0.0001,-0.0001,-0.0001,
-0.0001,-0.0001,-0.0001,-0.0001,-0.0001,-0.0001,0.00264197,-0.0001,0.00848774,0.000293505,0.00298314,0.00442547,0.00549684,-0.0001,0.00461333,0.00234567,0.00883588,0.00658989,0.0306511,0.00661594,0.0591852,0.013647,0.0262825,0.0476669,0.0858483,0.062416,0.0471596,0.0891958,0.0598791,0.0812718,0.165136,0.174102,0.202705,0.125082,0.155651,0.154796,0.168858,0.254077,0.231605,0.259227,0.212398,0.292498,0.336464,0.354078,0.270506,0.317629,0.32191,0.297146,0.313147,0.287794,0.340032,0.28887,0.355326,0.250714,0.246643,0.275341,0.259695,0.233445,0.243473,0.256947,0.165955,0.258214,0.202181,0.201989,0.112091,0.148298,0.147972,0.106168,0.0953402,0.0604456,0.0938546,0.0671966,0.0820822,0.0643947,0.0358367,0.0553922,0.0520588,0.0682539,0.00972572,0.0238349,0.0159082,0.0144262,0.000861341,0.0585916,0.0176718,0.00841558,0.00332839,0.00771922,0.00927324,-0.0001,-0.0001,-0.0001,-0.0001,0.00456529,-0.0001,-0.0001,-0.0001,-0.0001,-0.0001,-0.0001,
-0.0001,-0.0001,-0.0001,0.00329817,-0.0001,-0.0001,-0.0001,-0.0001,-0.0001,-0.0001,-0.0001,-0.0001,0.000929221,0.0100668,2.81087e-05,0.00925318,0.0182044,0.0146208,0.0203178,0.0114475,0.00462803,0.0970518,0.0195573,0.0653534,0.0785685,0.0650187,0.0658586,0.0973609,0.0956673,0.0829065,0.145294,0.14483,0.111994,0.168327,0.16098,0.141566,0.185748,0.249456,0.198819,0.193346,0.224129,0.215426,0.199069,0.246764,0.302098,0.276153,0.319884,0.334808,0.290007,0.317907,0.257434,0.314772,0.344577,0.399907,0.291994,0.282038,0.249575,0.269592,0.288416,0.229841,0.228224,0.262138,0.22331,0.173145,0.190836,0.169033,0.184138,0.0944359,0.100272,0.135595,0.0822385,0.0861524,0.0964247,0.0374221,0.0898823,0.0540159,0.0347671,0.0184169,0.0295464,0.0150958,0.0350548,0.0200074,0.0366989,0.0157304,0.00667324,0.00441568,0.0408835,-0.0001,-0.0001,-0.0001,-0.0001,0.00236454,-0.0001,0.00046059,-0.0001,-0.0001,-0.0001,-0.0001,-0.0001,-0.0001,
-0.0001,-0.0001,-0.0001,-0.0001,-0.0001,0.000913646,0.000164123,-0.0001,-0.0001,-0.0001,-0.0001,1.87628e-05,-0.0001,0.0063436,0.00148842,-0.0001,-0.0001,0.0401194,0.0121218,0.00258584,0.0150315,0.0241137,0.0725244,0.0435223,0.0350629,0.0577352,0.0684579,0.067544,0.0610023,0.0755458,0.0999666,0.129735,0.128407,0.116174,0.100079,0.174306,0.15544,0.17026,0.212233,0.257294,0.237754,0.22107,0.241101,0.247901,0.29769,0.301867,0.228186,0.267593,0.308208,0.307159,0.304153,0.238,0.260418,0.214128,0.254655,0.235218,0.227246,0.330434,0.225342,0.266984,0.265847,0.269545,0.217081,0.214156,0.179731,0.157024,0.114213,0.133766,0.133346,0.119101,0.0792288,0.0941247,0.0811736,0.0839683,0.0778317,0.110412,0.10129,0.0295632,0.0386147,0.0482412,0.0171465,0.0279582,-0.0001,0.00986975,0.000268853,0.010238,0.00231096,0.0274323,0.00212965,0.00355005,0.00246757,0.00321588,-0.0001,-0.0001,-0.0001,-0.0001,-0.0001,-0.0001,-0.0001,-0.0001,
-0.0001,-0.0001,-0.0001,-0.0001,-0.0001,-0.0001,-0.0001,-0.0001,-0.0001,0.00970646,-0.0001,-0.0001,0.00768226,0.000980683,0.00165673,0.00692547,0.00750498,0.00408391,0.0151768,0.0236782,0.0350296,0.0169038,0.00700295,0.0355016,0.0279376,0.0397453,0.0377573,0.0479536,0.0488786,0.0826695,0.0654136,0.0930739,0.100497,0.129011,0.124705,0.125868,0.192302,0.189797,0.197835,0.211324,0.154984,0.290859,0.251731,0.281195,0.258381,0.241151,0.319037,0.270379,0.401357,0.358566,0.29155,0.357949,0.358694,0.315403,0.309851,0.239448,0.28027,0.245712,0.203755,0.210888,0.246228,0.154846,0.233803,0.221782,0.16417,0.162369,0.152709,0.141944,0.122007,0.0989758,0.101804,0.0850884,0.0909973,0.0956953,0.066598,0.0745691,0.0812987,0.0634412,0.0312467,0.0220453,0.102837,0.0263178,0.00487884,0.00712889,0.0019124,0.00582318,0.00805916,0.0310384,-0.0001,-0.0001,0.000205187,-0.0001,-0.0001,0.000135744,-0.0001,-0.0001,-0.0001,-0.0001,0.00099081,-0.0001,
-0.0001,-0.0001,6.20322e-05,-0.0001,-0.0001,0.000162839,-0.0001,-0.0001,-0.0001,0.00295442,-0.0001,-0.0001,-0.0001,-0.0001,-0.0001,0.00308202,0.0016461,0.0040873,-0.0001,0.0113551,0.0119672,0.0132601,0.00543277,0.0142149,0.035782,0.0541436,0.0562276,0.0215676,0.0281532,0.0828476,0.089814,0.103822,0.0710229,0.0920395,0.0947668,0.087215,0.11465,0.148945,0.198961,0.179075,0.165958,0.229816,0.272156,0.239611,0.197059,0.252599,0.253314,0.279749,0.230081,0.330375,0.273479,0.326217,0.348665,0.207254,0.209088,0.301647,0.238946,0.224912,0.270748,0.373949,0.259806,0.238707,0.22513,0.209945,0.171305,0.1169,0.224898,0.177362,0.121679,0.133702,0.110234,0.124194,0.116505,0.150385,0.0939125,0.123859,0.0682935,0.0296256,0.0694099,0.0345248,0.0427618,0.00900861,0.00384161,-0.0001,0.0326313,0.0489626,0.00195323,-0.0001,-0.0001,-0.0001,0.0115783,0.0012453,-0.0001,-0.0001,-0.0001,-0.0001,-0.0001,-0.0001,0.00131053,-0.0001,
-0.0001,-0.0001,-0.0001,-0.0001,-0.0001,-0.0001,-0.0001,-0.0001,-0.0001,-0.0001,0.000137577,9.95122e-05,0.00899044,0.00182946,0.00585034,-0.0001,0.00683137,0.000172041,0.0117539,0.0232073,0.0387437,0.0273705,0.0201912,0.0263457,0.017993,0.0268112,0.030916,0.0459241,0.0693597,0.0568702,0.0671637,0.0538336,0.0614321,0.101406,0.0910062,0.105774,0.123171,0.137091,0.180828,0.194587,0.169849,0.139699,0.192087,0.262954,0.165079,0.205842,0.267943,0.259901,0.270524,0.267563,0.236677,0.320509,0.259934,0.288999,0.268722,0.187532,0.255909,0.30651,0.276301,0.286311,0.271302,0.272069,0.167735,0.255854,0.221785,0.205404,0.14938,0.125038,0.138896,0.123628,0.227043,0.0804262,0.17961,0.0638089,0.0970202,0.114786,0.0777735,0.023868,0.0205093,0.0509399,0.0523918,0.0628087,0.0268397,-0.0001,-0.0001,-0.0001,0.00248739,-0.0001,0.0240337,-0.0001,-0.0001,-0.0001,-0.0001,-0.0001,-0.0001,-0.0001,-0.0001,-0.0001,-0.0001,-0.0001,
-0.0001,-0.0001,-0.0001,-0.0001,-0.0001,-0.0001,0.000351546,-0.0001,-0.0001,-0.0001,5.23576e-05,-0.0001,0.00223192,-0.0001,-0.0001,0.000671273,0.0254913,0.00644038,0.00723055,0.0202277,0.0072515,0.0251149,0.00788783,0.0116924,0.0249576,0.0145451,0.0485303,0.0337698,0.0283377,0.0933042,0.0737548,0.0516772,0.0608627,0.10551,0.0917655,0.0655079,0.12234,0.0780147,0.120242,0.160193,0.134484,0.134714,0.212563,0.179917,0.228648,0.223311,0.251041,0.318488,0.246725,0.272017,0.214433,0.320961,0.219658,0.265777,0.291187,0.18957,0.283202,0.295112,0.358568,0.251346,0.379751,0.246149,0.155834,0.231323,0.175124,0.18258,0.206137,0.160857,0.136627,0.171644,0.0838465,0.173261,0.0559979,0.107849,0.0618135,0.116851,0.14582,0.0820396,0.0572033,0.000184795,0.113325,0.0126697,0.0607275,1.75283e-05,-0.0001,0.00811718,-0.0001,-0.0001,-0.0001,-0.0001,-0.0001,-0.0001,-0.0001,-0.0001,-0.0001,0.00266625,-0.0001,-0.0001,-0.0001,-0.0001,
-0.0001,-0.0001,-0.0001,-0.0001,-0.0001,-0.0001,-0.0001,-0.0001,-0.0001,8.62469e-05,-0.0001,0.00196649,-0.0001,-0.0001,0.00130572,0.00278452,3.22019e-08,0.00337294,0.00313903,0.0102879,0.00587085,0.00482595,0.034013,0.0164827,0.0221455,0.00989103,0.0400501,0.0449642,0.0333633,0.0387012,0.028511,0.0671642,0.109079,0.0808013,0.0775789,0.0904196,0.119742,0.135199,0.157261,0.110034,0.13293,0.182223,0.142372,0.208217,0.169645,0.236713,0.195671,0.197932,0.225707,0.257893,0.387545,0.229011,0.255195,0.21746,0.277345,0.303137,0.272758,0.387157,0.278556,0.287865,0.379852,0.338865,0.301359,0.238754,0.235133,0.280343,0.295238,0.184978,0.173875,0.201573,0.24205,0.071873,0.194861,0.0909221,0.0911498,0.106047,0.0336702,0.0293467,0.0565449,0.133029,0.0150911,0.0676666,0.00450441,0.032824,0.0542636,0.000451995,0.0309859,-0.0001,-0.0001,0.0293397,-0.0001,-0.0001,-0.0001,-0.0001,-0.0001,-0.0001,-0.0001,-0.0001,-0.0001,-0.0001,
-0.0001,-0.0001,-0.0001,-0.0001,-0.0001,-0.0001,-0.0001,-0.0001,-0.0001,-0.0001,0.00134445,0.000247584,-0.0001,-0.0001,0.000871108,0.000245027,0.00241102,0.000699665,0.010827,4.86792e-05,0.00890808,0.0073291,0.00237683,0.0107836,0.0324078,0.00377513,0.0331265,0.0147427,0.0299869,0.0439271,0.0321575,0.0653537,0.0446512,0.0457535,0.0709064,0.0887651,0.0730246,0.08302,0.0730147,0.115245,0.197899,0.147403,0.193452,0.143452,0.208509,0.195928,0.250613,0.22421,0.217991,0.191051,0.272504,0.24333,0.219964,0.302172,0.3918,0.312139,0.361984,0.223399,0.329259,0.267407,0.288127,0.218232,0.431705,0.300492,0.144637,0.251752,0.13308,0.258153,0.227665,0.307643,0.113156,0.138989,0.109996,0.104335,0.138646,0.352537,0.126485,0.115229,0.0438506,0.0773449,0.0427514,-0.0001,0.0417023,0.00151218,-0.0001,0.00514667,-0.0001,0.021297,-0.0001,-0.0001,-0.0001,-0.0001,-0.0001,-0.0001,-0.0001,-0.0001,-0.0001,-0.0001,-0.0001,-0.0001,
-0.0001,-0.0001,-0.0001,-0.0001,-0.0001,-0.0001,-0.0001,-0.0001,-0.0001,-0.0001,-0.0001,-0.0001,0.000238308,-0.0001,-0.0001,0.00274294,0.00375226,0.0128302,0.00906733,0.00462439,0.0086085,0.00589354,0.0245735,0.0053546,0.0121497,0.00886942,0.0139426,0.020796,0.0206267,0.0469724,0.0327488,0.0296887,0.0289067,0.0702011,0.0502186,0.0914468,0.105277,0.0641246,0.0880423,0.157016,0.124525,0.120841,0.157195,0.143777,0.21504,0.239834,0.136975,0.236159,0.19951,0.297074,0.145023,0.213977,0.303285,0.176112,0.288107,0.237724,0.294573,0.363448,0.26203,0.417406,0.42559,0.285053,0.217674,0.373111,0.181131,0.205052,0.356742,0.243971,0.191162,0.224335,0.19337,0.100402,0.148303,0.223702,0.396445,0.060968,0.0756142,0.0498032,0.110557,0.0904244,0.0601352,0.169804,-0.0001,0.0218305,-0.0001,-0.0001,0.0221586,0.0106843,0.000185949,-0.0001,0.00643215,-0.0001,-0.0001,-0.0001,-0.0001,-0.0001,-0.0001,-0.0001,-0.0001,-0.0001,
-0.0001,-0.0001,-0.0001,-0.0001,-0.0001,-0.0001,-0.0001,-0.0001,-0.0001,-0.0001,-0.0001,-0.0001,-0.0001,5.20064e-05,0.000745125,0.00191651,0.00132159,-0.0001,0.00133304,0.00437038,0.0073238,-0.0001,0.00107176,0.00667504,0.00610319,0.00951507,0.0364133,0.0210242,0.0183813,0.0291983,0.0611207,0.0403925,0.0589601,0.0581412,0.0423538,0.0473155,0.0674732,0.0885981,0.124358,0.115908,0.152007,0.120631,0.092221,0.179037,0.225463,0.17014,0.187312,0.144802,0.243519,0.195463,0.249279,0.240069,0.359983,0.235214,0.298864,0.29722,0.300519,0.25875,0.278212,0.417931,0.274953,0.215975,0.302646,0.358492,0.153491,0.355309,0.339363,0.404491,0.232305,0.380287,0.340957,0.215989,0.181211,0.392665,0.0838695,0.0220596,0.116778,0.0398995,0.0178786,0.328339,0.22217,0.00314695,0.0450595,-0.0001,0.0329283,-0.0001,-0.0001,-0.0001,-0.0001,-0.0001,-0.0001,-0.0001,-0.0001,-0.0001,-0.0001,-0.0001,-0.0001,-0.0001,-0.0001,-0.0001,
-0.0001,-0.0001,-0.0001,-0.0001,-0.0001,-0.0001,-0.0001,-0.0001,-0.0001,-0.0001,-0.0001,0.000428402,0.000888703,-0.0001,-0.0001,-0.0001,-0.0001,0.00140785,0.000613529,-0.0001,0.00145307,0.00334957,0.00254459,0.00851678,0.00329341,0.00713997,0.00250303,0.00953849,0.0691528,0.0368011,0.0365726,0.0299649,0.0171201,0.0428198,0.0464829,0.0589067,0.043024,0.10697,0.0676847,0.081897,0.1042,0.143666,0.117416,0.123174,0.150472,0.168158,0.188626,0.203051,0.288386,0.155832,0.204749,0.242423,0.269859,0.295671,0.313831,0.239467,0.422002,0.29683,0.289691,0.268873,0.384948,0.305828,0.250354,0.292124,0.340665,0.322555,0.22921,0.462508,0.348501,0.249598,0.292081,0.413353,0.0837953,0.102498,0.120665,0.139894,0.164117,0.237473,-0.0001,0.133259,0.0142271,0.0765178,-0.0001,0.039506,-0.0001,0.00798159,0.0440351,-0.0001,-0.0001,-0.0001,-0.0001,-0.0001,-0.0001,0.0563013,-0.0001,-0.0001,-0.0001,-0.0001,0.00612099,-0.0001,
-0.0001,-0.0001,-0.0001,-0.0001,-0.0001,-0.0001,-0.0001,-0.0001,-0.0001,1.13782e-05,-0.0001,-0.0001,-0.0001,-0.0001,0.00327485,0.00235433,-0.0001,-0.0001,0.00194717,0.00220748,0.00341962,0.00364618,0.000826784,0.00449624,0.0109867,0.000130043,0.0115075,0.0095873,0.00864609,0.0241554,0.0192346,0.0404047,0.0233791,0.0699054,0.018281,0.0542232,0.0401519,0.0505946,0.0995331,0.0717297,0.103436,0.0708495,0.0939167,0.0747788,0.102186,0.157871,0.187395,0.210142,0.283448,0.184513,0.264884,0.206507,0.254645,0.25812,0.0669917,0.306044,0.192306,0.22755,0.397952,0.21023,0.298734,0.253932,0.364816,0.281801,0.534217,0.590421,0.12028,0.128228,0.310469,0.107339,0.0609878,0.23356,0.067682,0.177258,0.0769756,0.0577921,0.293734,-0.0001,0.0678561,0.000719089,0.0166152,0.0706052,-0.0001,0.0811048,-0.0001,-0.0001,-0.0001,-0.0001,-0.0001,-0.0001,-0.0001,-0.0001,-0.0001,-0.0001,-0.0001,-0.0001,-0.0001,-0.0001,-0.0001,-0.0001,
-0.0001,-0.0001,-0.0001,-0.0001,-0.0001,-0.0001,-0.0001,-0.0001,3.54163e-06,-0.0001,-0.0001,-0.0001,5.94824e-05,0.000378544,-0.0001,-0.0001,-0.0001,-0.0001,-0.0001,0.000335967,-0.0001,0.000404228,0.00449365,0.0073638,0.0162144,0.000213421,0.0121043,0.0179083,1.94334e-07,0.0020026,0.00587244,0.0334215,0.0237774,0.0209276,0.0170448,0.0288851,0.0520972,0.0730734,0.0440378,0.0637603,0.0624527,0.167493,0.0723572,0.13309,0.0854781,0.130563,0.133869,0.164144,0.206174,0.212802,0.216604,0.161699,0.20292,0.2276,0.225918,0.172877,0.29712,0.190099,0.26071,0.527897,0.354111,0.451916,0.185332,0.365704,0.221829,0.10194,0.223091,0.313166,0.203975,0.340158,0.10584,0.196925,0.162931,0.143829,0.147766,-0.0001,0.314047,0.0763701,-0.0001,0.233504,0.0152496,-0.0001,-0.0001,0.067892,-0.0001,-0.0001,-0.0001,-0.0001,0.00320796,-0.0001,0.0750124,-0.0001,-0.0001,-0.0001,0.00617201,-0.0001,-0.0001,-0.0001,-0.0001,-0.0001,
-0.0001,-0.0001,-0.0001,-0.0001,-0.0001,-0.0001,-0.0001,-0.0001,-0.0001,-0.0001,-0.0001,-0.0001,-0.0001,-0.0001,5.39315e-05,-0.0001,0.000458202,7.37427e-05,4.89722e-05,0.00209201,-0.0001,9.88303e-05,0.0136632,0.000211018,0.00492154,0.00965424,0.0120866,0.0137414,0.015694,0.011787,0.0127428,0.0149801,0.0294817,0.0311925,0.0150042,0.0524381,0.0537423,0.0508287,0.0582985,0.0357358,0.0593733,0.0377794,0.150818,0.0930503,0.0891731,0.129494,0.0636019,0.119243,0.161084,0.182525,0.222127,0.119267,0.218679,0.15378,0.32006,0.252544,0.127139,0.284604,0.629015,0.223362,0.427317,0.260421,0.364447,0.204808,0.507722,0.251592,0.133878,0.266389,0.16303,0.201943,0.240085,0.000720516,0.446709,0.261837,0.24491,0.566669,0.235453,0.00921349,0.261819,0.0592495,-0.0001,-0.0001,-0.0001,-0.0001,-0.0001,-0.0001,-0.0001,-0.0001,-0.0001,-0.0001,-0.0001,-0.0001,-0.0001,-0.0001,-0.0001,-0.0001,-0.0001,-0.0001,-0.0001,-0.0001,
-0.0001,-0.0001,-0.0001,-0.0001,3.79715e-06,-0.0001,-0.0001,-0.0001,-0.0001,-0.0001,4.66378e-06,-0.0001,-0.0001,-0.0001,-0.0001,-0.0001,-0.0001,0.000104488,0.000593477,0.00139589,0.00125552,0.0020615,0.000333502,0.000304154,0.00258538,0.00280816,0.00545228,0.00709943,0.00677639,0.00371978,0.0203326,0.00959152,0.0183447,0.0326492,0.0350579,0.0204962,0.0166442,0.0284102,0.0314462,0.0246095,0.0841099,0.0863967,0.0777369,0.056456,0.101176,0.104169,0.113257,0.0535372,0.138362,0.195847,0.0882174,0.153191,0.163505,0.294382,0.189853,0.190846,0.282294,0.327382,0.216889,0.632449,0.326484,0.22419,0.265972,0.13784,0.413664,0.193497,0.371765,0.145035,0.813205,0.384638,0.313802,0.411409,0.17623,0.187544,0.168007,0.428091,0.0249752,0.0291035,-0.0001,-0.0001,0.261683,-0.0001,-0.0001,0.0613982,0.00929139,-0.0001,0.0355329,-0.0001,-0.0001,-0.0001,-0.0001,-0.0001,-0.0001,-0.0001,-0.0001,-0.0001,-0.0001,-0.0001,-0.0001,-0.0001,
-0.0001,-0.0001,-0.0001,-0.0001,-0.0001,-0.0001,-0.0001,-0.0001,-0.0001,-0.0001,-0.0001,-0.0001,-0.0001,-0.0001,-0.0001,-0.0001,0.000422733,0.000436612,0.000227333,-0.0001,-0.0001,-0.0001,0.00206357,0.00087249,0.00352333,0.000560026,0.00181761,0.00715794,0.0100758,0.0016233,0.0163432,0.00744927,5.38237e-06,0.0143318,0.0477933,0.0243345,0.0136674,0.0222491,0.0257181,0.0336326,0.0309875,0.0436975,0.0458585,0.0505361,0.0941682,0.0779106,0.0928301,0.138947,0.146695,0.163255,0.199877,0.201688,0.192484,0.178768,0.175817,0.108498,0.295466,0.156426,0.114983,0.26232,0.180083,0.169472,0.153179,0.37149,0.167158,0.276965,0.251934,0.368637,0.220834,0.036855,0.480263,0.0691511,0.257966,-0.0001,0.506896,0.0411839,0.224206,0.139073,-0.0001,-0.0001,-0.0001,-0.0001,0.162371,-0.0001,-0.0001,-0.0001,-0.0001,-0.0001,-0.0001,-0.0001,0.0129275,-0.0001,-0.0001,-0.0001,-0.0001,-0.0001,-0.0001,-0.0001,-0.0001,-0.0001,
-0.0001,-0.0001,-0.0001,-0.0001,-0.0001,-0.0001,-0.0001,-0.0001,-0.0001,-0.0001,-0.0001,-0.0001,-0.0001,-0.0001,-0.0001,-0.0001,-0.0001,-0.0001,-0.0001,-0.0001,-0.0001,0.00171582,-0.0001,0.0012812,0.000684378,0.000575326,0.00240916,0.0339717,0.00364172,0.00281964,0.0241183,0.00815126,0.0281364,0.021351,0.0216091,0.0228584,0.0480725,0.0254123,0.0303062,0.0242874,0.0872434,0.115786,0.0221825,0.0607345,0.147325,0.0936387,0.173787,0.0869225,0.156656,0.149319,0.107633,0.0995793,0.159404,0.170171,0.299599,0.350091,0.426351,0.181813,0.544313,0.231302,0.380928,0.237978,0.152048,0.351141,0.0563568,0.0315409,0.42885,0.0159196,0.197763,-0.0001,0.224574,0.393249,0.0249848,0.189623,-0.0001,0.0816463,-0.0001,-0.0001,-0.0001,-0.0001,-0.0001,0.201093,-0.0001,-0.0001,-0.0001,-0.0001,-0.0001,0.246865,-0.0001,-0.0001,-0.0001,-0.0001,-0.0001,-0.0001,-0.0001,-0.0001,-0.0001,-0.0001,-0.0001,-0.0001,
-0.0001,-0.0001,-0.0001,-0.0001,-0.0001,-0.0001,-0.0001,-0.0001,-0.0001,-0.0001,-0.0001,-0.0001,-0.0001,-0.0001,-0.0001,-0.0001,-0.0001,-0.0001,-0.0001,8.99701e-05,-0.0001,-0.0001,-0.0001,0.00130925,-0.0001,0.00290949,-0.0001,0.00704507,0.00304934,0.00714288,0.014232,0.00198423,0.0078745,0.0242769,0.02601,-0.0001,0.0136288,0.014692,0.0454976,0.0148945,0.0372138,0.0378686,0.0514483,0.0659274,0.122447,0.0480199,0.0467065,0.117297,0.026706,0.0544838,0.127776,0.112524,0.346309,0.222523,0.156481,0.0827607,0.0671127,0.153615,0.290272,0.210911,0.195663,0.379087,0.268673,0.247635,0.132938,1.23347,0.235319,0.156199,0.0963166,-0.0001,-0.0001,0.000130027,0.21647,0.00935784,0.109844,-0.0001,0.141716,0.235736,0.1572,-0.0001,0.0981312,-0.0001,-0.0001,-0.0001,0.209343,-0.0001,0.0186013,-0.0001,-0.0001,-0.0001,-0.0001,-0.0001,-0.0001,-0.0001,-0.0001,-0.0001,-0.0001,-0.0001,-0.0001,-0.0001,
-0.0001,-0.0001,-0.0001,-0.0001,-0.0001,-0.0001,-0.0001,-0.0001,-0.0001,-0.0001,-0.0001,-0.0001,-0.0001,-0.0001,4.09695e-06,-0.0001,-0.0001,-0.0001,-0.0001,-0.0001,-0.0001,-0.0001,0.00207903,0.00141175,0.00111146,0.0013313,0.00456972,-0.0001,0.00303588,0.0201206,0.00275702,0.00360537,0.00208118,0.00364896,0.00407975,0.0173897,0.0124715,0.0085751,0.0106553,0.0272545,0.00652619,0.016038,0.0837584,0.0366007,0.0562768,0.0438257,0.164247,0.101242,0.095752,0.0721749,0.17021,0.0955227,0.225303,0.149364,0.276465,0.133746,0.108783,0.0512196,0.152848,0.0972075,0.169391,0.0945499,0.221734,0.358122,0.379809,0.441082,0.145327,0.00510253,-0.0001,0.440047,-0.0001,0.443511,0.304641,-0.0001,-0.0001,0.145562,-0.0001,-0.0001,-0.0001,-0.0001,-0.0001,-0.0001,-0.0001,0.261935,0.0347871,-0.0001,0.0858545,0.0220221,-0.0001,-0.0001,-0.0001,-0.0001,-0.0001,-0.0001,-0.0001,-0.0001,-0.0001,-0.0001,-0.0001,-0.0001,
-0.0001,-0.0001,-0.0001,-0.0001,-0.0001,-0.0001,-0.0001,-0.0001,-0.0001,-0.0001,-0.0001,-0.0001,-0.0001,-0.0001,-0.0001,-0.0001,-0.0001,0.000103966,-0.0001,-0.0001,-0.0001,-0.0001,0.00195959,0.00142374,-0.0001,0.00147468,0.00173092,-0.0001,0.000955813,-0.0001,6.43673e-06,-0.0001,0.000789408,0.0257916,0.000344835,-0.0001,0.02103,0.00626473,0.00935797,0.0114923,0.00582011,0.0830436,0.0379988,0.0528864,0.0640312,0.052196,0.0176263,0.0303257,0.0716195,0.0320271,0.120657,0.0811777,0.0784386,0.0768995,0.130559,0.0671995,0.0217796,0.373678,0.187689,-0.0001,0.152157,0.0362122,0.30337,0.244829,0.13406,0.48562,0.122127,0.218038,0.123774,0.68436,-0.0001,0.1275,0.00453621,0.0423759,-0.0001,-0.0001,0.0357968,-0.0001,-0.0001,-0.0001,-0.0001,-0.0001,-0.0001,-0.0001,-0.0001,-0.0001,-0.0001,-0.0001,-0.0001,-0.0001,-0.0001,-0.0001,-0.0001,-0.0001,-0.0001,-0.0001,-0.0001,-0.0001,-0.0001,-0.0001,
-0.0001,-0.0001,-0.0001,-0.0001,-0.0001,-0.0001,-0.0001,-0.0001,-0.0001,6.7054e-06,-0.0001,-0.0001,-0.0001,-0.0001,-0.0001,-0.0001,-0.0001,-0.0001,-0.0001,-0.0001,0.000323976,3.7216e-05,-0.0001,-0.0001,0.000276681,-0.0001,-0.0001,0.00277545,-0.0001,1.2857e-05,2.9618e-07,0.0106668,-0.0001,0.0142297,0.0018993,0.00340695,-0.0001,0.00775801,0.0176544,-0.0001,0.0275268,0.00874428,0.0564464,0.0287099,0.0226126,0.0481845,0.133224,0.0344138,0.38472,0.222248,0.0696712,0.192652,0.0426078,0.0996738,0.0699654,0.0779111,0.141094,0.10816,0.0554493,0.26554,0.266498,0.59969,0.122974,0.0649113,0.310735,0.0639857,1.30464,0.0708213,0.165793,0.0358234,0.0432975,-0.0001,0.356892,-0.0001,0.16215,-0.0001,0.244503,-0.0001,-0.0001,-0.0001,0.10769,-0.0001,-0.0001,0.0324977,0.12416,-0.0001,-0.0001,-0.0001,-0.0001,-0.0001,-0.0001,-0.0001,-0.0001,-0.0001,-0.0001,-0.0001,-0.0001,-0.0001,-0.0001,-0.0001,
-0.0001,-0.0001,-0.0001,-0.0001,-0.0001,-0.0001,-0.0001,-0.0001,-0.0001,-0.0001,-0.0001,-0.0001,-0.0001,-0.0001,2.44852e-05,-0.0001,-0.0001,-0.0001,-0.0001,-0.0001,-0.0001,-0.0001,-0.0001,4.21008e-06,0.000530762,-0.0001,0.000599512,0.000149875,0.00665493,-0.0001,-0.0001,0.00139758,0.00288946,0.011949,0.00217523,-0.0001,1.03795e-05,0.0070902,-0.0001,0.0439003,0.0294193,0.00207912,0.0339098,0.0530949,0.0133539,0.0298865,0.0436557,0.131925,0.0439586,0.026238,0.0682434,0.13218,-0.0001,0.0657902,0.0157837,0.0236906,0.100838,0.533545,0.196285,0.206825,0.210991,0.134622,-0.0001,0.16732,0.385622,0.355928,-0.0001,0.878911,0.958818,-0.0001,-0.0001,-0.0001,-0.0001,0.246901,-0.0001,-0.0001,-0.0001,-0.0001,-0.0001,-0.0001,-0.0001,-0.0001,0.551905,-0.0001,0.039001,-0.0001,-0.0001,-0.0001,-0.0001,-0.0001,-0.0001,-0.0001,-0.0001,-0.0001,-0.0001,-0.0001,-0.0001,-0.0001,-0.0001,-0.0001,
-0.0001,-0.0001,-0.0001,-0.0001,-0.0001,-0.0001,-0.0001,-0.0001,-0.0001,-0.0001,-0.0001,-0.0001,-0.0001,6.5019e-06,-0.0001,-0.0001,-0.0001,-0.0001,-0.0001,-0.0001,-0.0001,-0.0001,0.000538449,-0.0001,0.000163376,0.00201719,-0.0001,-0.0001,-0.0001,-0.0001,-0.0001,-0.0001,0.00514835,0.00509887,-0.0001,0.00180323,0.00251024,0.00350108,-0.0001,0.0135734,0.00866693,-0.0001,-0.0001,0.0258306,0.144292,-0.0001,0.00135357,0.0281343,0.208217,0.0610929,0.0189033,-0.0001,-0.0001,0.0615907,0.0612996,-0.0001,-0.0001,0.392772,0.0890591,-0.0001,0.163326,0.294777,-0.0001,-0.0001,-0.0001,0.55849,0.0114754,0.0687806,-0.0001,-0.0001,0.575212,-0.0001,-0.0001,-0.0001,0.00227413,-0.0001,-0.0001,-0.0001,0.0165903,-0.0001,-0.0001,-0.0001,-0.0001,-0.0001,-0.0001,-0.0001,-0.0001,-0.0001,-0.0001,-0.0001,-0.0001,-0.0001,-0.0001,-0.0001,-0.0001,-0.0001,-0.0001,-0.0001,-0.0001,-0.0001,
-0.0001,-0.0001,-0.0001,-0.0001,-0.0001,-0.0001,-0.0001,-0.0001,-0.0001,-0.0001,-0.0001,-0.0001,-0.0001,-0.0001,-0.0001,-0.0001,-0.0001,-0.0001,-0.0001,-0.0001,-0.0001,-0.0001,-0.0001,2.02066e-05,-0.0001,-0.0001,0.000346385,-0.0001,-0.0001,-0.0001,-0.0001,-0.0001,0.00128322,0.00435188,-0.0001,-0.0001,-0.0001,8.09065e-05,-0.0001,-0.0001,0.0151561,0.0180547,0.01621,-0.0001,0.0184051,0.0651912,0.136786,0.0577388,-0.0001,0.135079,0.0703941,-0.0001,0.0597749,0.0233777,0.00538261,0.0580487,-0.0001,-0.0001,0.0349351,0.406655,0.134624,-0.0001,0.179753,-0.0001,0.656161,-0.0001,-0.0001,0.151109,-0.0001,-0.0001,-0.0001,-0.0001,0.595446,-0.0001,0.115012,-0.0001,-0.0001,-0.0001,-0.0001,-0.0001,-0.0001,-0.0001,-0.0001,-0.0001,-0.0001,-0.0001,-0.0001,-0.0001,-0.0001,-0.0001,-0.0001,-0.0001,-0.0001,-0.0001,-0.0001,-0.0001,-0.0001,-0.0001,-0.0001,-0.0001,
-0.0001,-0.0001,-0.0001,-0.0001,-0.0001,-0.0001,-0.0001,-0.0001,-0.0001,-0.0001,-0.0001,-0.0001,-0.0001,-0.0001,-0.0001,-0.0001,-0.0001,-0.0001,-0.0001,-0.0001,-0.0001,-0.0001,-0.0001,0.000311216,-0.0001,0.000181317,-0.0001,-0.0001,0.0015631,6.85756e-05,-0.0001,0.00971319,-0.0001,0.0037166,0.00984305,0.00207471,0.00198642,-0.0001,-0.0001,-0.0001,0.00476863,-0.0001,-0.0001,0.0612144,-0.0001,0.00803981,0.0609027,0.013087,0.0398701,0.0397843,0.157469,-0.0001,0.0821957,0.0400047,0.297679,0.0135953,0.245742,-0.0001,0.167462,-0.0001,-0.0001,-0.0001,0.576504,0.0509571,0.314171,-0.0001,0.319956,0.12269,0.00793707,0.390381,-0.0001,-0.0001,-0.0001,-0.0001,0.0981897,-0.0001,-0.0001,-0.0001,0.579991,-0.0001,-0.0001,0.0620679,0.0801341,-0.0001,-0.0001,-0.0001,-0.0001,-0.0001,-0.0001,-0.0001,-0.0001,-0.0001,-0.0001,-0.0001,-0.0001,-0.0001,-0.0001,-0.0001,-0.0001,-0.0001,
-0.0001,-0.0001,-0.0001,-0.0001,-0.0001,-0.0001,-0.0001,-0.0001,-0.0001,-0.0001,-0.0001,-0.0001,-0.0001,-0.0001,-0.0001,-0.0001,-0.0001,-0.0001,-0.0001,-0.0001,-0.0001,-0.0001,-0.0001,-0.0001,-0.0001,-0.0001,0.000582147,-0.0001,-0.0001,-0.0001,0.000437685,-0.0001,0.00162499,0.00277122,-0.0001,-0.0001,-0.0001,-0.0001,0.00389665,0.00011037,0.00429367,-0.0001,-0.0001,-0.0001,-0.0001,0.0297845,-0.0001,-0.0001,0.02929,-0.0001,0.0327096,-0.0001,0.188456,0.00105945,-0.0001,0.12733,-0.0001,0.292032,0.125907,0.0331154,0.158021,-0.0001,0.0734841,-0.0001,-0.0001,-0.0001,-0.0001,0.132843,-0.0001,0.0591701,-0.0001,-0.0001,-0.0001,-0.0001,-0.0001,-0.0001,-0.0001,-0.0001,-0.0001,-0.0001,-0.0001,-0.0001,-0.0001,-0.0001,-0.0001,-0.0001,-0.0001,-0.0001,-0.0001,-0.0001,-0.0001,-0.0001,-0.0001,-0.0001,-0.0001,-0.0001,-0.0001,-0.0001,-0.0001,-0.0001,
-0.0001,-0.0001,-0.0001,-0.0001,-0.0001,-0.0001,-0.0001,-0.0001,-0.0001,-0.0001,-0.0001,-0.0001,-0.0001,-0.0001,-0.0001,-0.0001,-0.0001,-0.0001,-0.0001,0.000115401,-0.0001,-0.0001,0.000173425,-0.0001,-0.0001,-0.0001,-0.0001,-0.0001,0.000177204,-0.0001,-0.0001,-0.0001,-0.0001,-0.0001,-0.0001,-0.0001,-0.0001,-0.0001,-0.0001,-0.0001,-0.0001,-0.0001,-0.0001,-0.0001,-0.0001,-0.0001,-0.0001,0.033872,0.0496029,-0.0001,-0.0001,-0.0001,-0.0001,-0.0001,-0.0001,0.00576903,-0.0001,-0.0001,-0.0001,-0.0001,-0.0001,-0.0001,-0.0001,-0.0001,-0.0001,-0.0001,-0.0001,-0.0001,-0.0001,-0.0001,-0.0001,-0.0001,-0.0001,-0.0001,-0.0001,-0.0001,-0.0001,-0.0001,-0.0001,-0.0001,-0.0001,-0.0001,-0.0001,-0.0001,-0.0001,-0.0001,-0.0001,-0.0001,-0.0001,-0.0001,-0.0001,-0.0001,-0.0001,-0.0001,-0.0001,-0.0001,-0.0001,-0.0001,-0.0001,-0.0001,
-0.0001,-0.0001,-0.0001,-0.0001,-0.0001,-0.0001,-0.0001,-0.0001,-0.0001,-0.0001,-0.0001,-0.0001,-0.0001,-0.0001,-0.0001,-0.0001,-0.0001,-0.0001,-0.0001,-0.0001,-0.0001,-0.0001,-0.0001,0.000110863,-0.0001,-0.0001,-0.0001,-0.0001,-0.0001,-0.0001,0.000702603,9.02393e-05,-0.0001,-0.0001,-0.0001,0.00204237,-0.0001,-0.0001,0.00866798,-0.0001,-0.0001,0.000659264,0.000762048,0.0200102,-0.0001,-0.0001,0.0203479,-0.0001,0.058213,-0.0001,-0.0001,-0.0001,0.0326621,0.0953104,0.0752478,-0.0001,-0.0001,-0.0001,-0.0001,-0.0001,0.0577131,-0.0001,0.0374015,-0.0001,0.219868,0.592923,0.0509823,-0.0001,-0.0001,-0.0001,-0.0001,-0.0001,-0.0001,-0.0001,-0.0001,-0.0001,1.08125,-0.0001,-0.0001,-0.0001,-0.0001,-0.0001,-0.0001,-0.0001,-0.0001,-0.0001,-0.0001,-0.0001,-0.0001,-0.0001,-0.0001,-0.0001,-0.0001,-0.0001,-0.0001,-0.0001,-0.0001,0.0231766,-0.0001,-0.0001,
-0.0001,-0.0001,-0.0001,-0.0001,-0.0001,-0.0001,-0.0001,3.45638e-08,-0.0001,-0.0001,-0.0001,-0.0001,-0.0001,-0.0001,-0.0001,-0.0001,-0.0001,-0.0001,-0.0001,-0.0001,-0.0001,-0.0001,-0.0001,-0.0001,-0.0001,-0.0001,-0.0001,-0.0001,-0.0001,-0.0001,3.59062e-05,0.00124346,-0.0001,-0.0001,-0.0001,-0.0001,-0.0001,-0.0001,0.00148378,-0.0001,0.00182981,-0.0001,-0.0001,-0.0001,-0.0001,-0.0001,-0.0001,-0.0001,0.00378554,0.013765,-0.0001,-0.0001,-0.0001,-0.0001,-0.0001,-0.0001,-0.0001,-0.0001,-0.0001,0.0202741,0.0559805,-0.0001,-0.0001,-0.0001,-0.0001,-0.0001,-0.0001,-0.0001,-0.0001,-0.0001,-0.0001,-0.0001,-0.0001,-0.0001,-0.0001,-0.0001,-0.0001,-0.0001,0.101605,-0.0001,-0.0001,-0.0001,-0.0001,-0.0001,-0.0001,-0.0001,-0.0001,-0.0001,-0.0001,-0.0001,-0.0001,-0.0001,-0.0001,-0.0001,-0.0001,-0.0001,-0.0001,-0.0001,-0.0001,-0.0001,
-0.0001,-0.0001,-0.0001,-0.0001,-0.0001,-0.0001,-0.0001,-0.0001,-0.0001,-0.0001,-0.0001,-0.0001,-0.0001,-0.0001,-0.0001,-0.0001,-0.0001,-0.0001,-0.0001,-0.0001,-0.0001,-0.0001,-0.0001,-0.0001,-0.0001,-0.0001,-0.0001,-0.0001,-0.0001,-0.0001,-0.0001,0.00112986,-0.0001,0.00315343,-0.0001,-0.0001,-0.0001,-0.0001,-0.0001,0.000106521,-0.0001,-0.0001,-0.0001,-0.0001,0.00157207,-0.0001,-0.0001,0.0100872,-0.0001,-0.0001,-0.0001,-0.0001,-0.0001,-0.0001,-0.0001,0.000622646,-0.0001,-0.0001,-0.0001,-0.0001,0.0159807,-0.0001,-0.0001,-0.0001,-0.0001,-0.0001,-0.0001,-0.0001,-0.0001,-0.0001,-0.0001,0.162468,-0.0001,-0.0001,-0.0001,-0.0001,-0.0001,-0.0001,-0.0001,-0.0001,-0.0001,-0.0001,-0.0001,-0.0001,-0.0001,-0.0001,-0.0001,-0.0001,-0.0001,-0.0001,-0.0001,-0.0001,-0.0001,-0.0001,-0.0001,-0.0001,-0.0001,-0.0001,-0.0001,-0.0001,
-0.0001,-0.0001,-0.0001,-0.0001,-0.0001,-0.0001,-0.0001,-0.0001,-0.0001,-0.0001,-0.0001,-0.0001,-0.0001,-0.0001,-0.0001,-0.0001,-0.0001,-0.0001,-0.0001,-0.0001,-0.0001,-0.0001,-0.0001,-0.0001,-0.0001,-0.0001,-0.0001,-0.0001,-0.0001,-0.0001,-0.0001,-0.0001,-0.0001,-0.0001,-0.0001,-0.0001,-0.0001,-0.0001,-0.0001,-0.0001,-0.0001,-0.0001,-0.0001,-0.0001,-0.0001,-0.0001,-0.0001,-0.0001,-0.0001,-0.0001,-0.0001,-0.0001,-0.0001,-0.0001,-0.0001,-0.0001,-0.0001,-0.0001,-0.0001,-0.0001,-0.0001,-0.0001,-0.0001,-0.0001,-0.0001,-0.0001,-0.0001,-0.0001,-0.0001,-0.0001,-0.0001,-0.0001,-0.0001,-0.0001,-0.0001,-0.0001,-0.0001,-0.0001,-0.0001,-0.0001,-0.0001,-0.0001,-0.0001,-0.0001,-0.0001,-0.0001,-0.0001,-0.0001,-0.0001,-0.0001,-0.0001,-0.0001,-0.0001,-0.0001,-0.0001,-0.0001,-0.0001,-0.0001,-0.0001,-0.0001,
-0.0001,-0.0001,-0.0001,-0.0001,-0.0001,-0.0001,-0.0001,-0.0001,-0.0001,-0.0001,-0.0001,-0.0001,-0.0001,-0.0001,-0.0001,-0.0001,-0.0001,-0.0001,-0.0001,-0.0001,-0.0001,-0.0001,-0.0001,-0.0001,-0.0001,-0.0001,-0.0001,-0.0001,-0.0001,-0.0001,-0.0001,-0.0001,-0.0001,-0.0001,-0.0001,-0.0001,6.04897e-05,-0.0001,2.89304e-05,-0.0001,-0.0001,-0.0001,-0.0001,-0.0001,-0.0001,-0.0001,0.00847788,-0.0001,-0.0001,-0.0001,-0.0001,-0.0001,0.0820962,0.0295084,-0.0001,-0.0001,-0.0001,-0.0001,0.0716016,-0.0001,-0.0001,-0.0001,-0.0001,-0.0001,-0.0001,-0.0001,-0.0001,-0.0001,-0.0001,-0.0001,-0.0001,-0.0001,-0.0001,-0.0001,-0.0001,-0.0001,-0.0001,-0.0001,-0.0001,-0.0001,-0.0001,-0.0001,-0.0001,-0.0001,-0.0001,-0.0001,-0.0001,-0.0001,-0.0001,-0.0001,-0.0001,-0.0001,-0.0001,0.0464259,-0.0001,-0.0001,-0.0001,-0.0001,-0.0001,-0.0001,
-0.0001,-0.0001,-0.0001,-0.0001,-0.0001,-0.0001,-0.0001,-0.0001,-0.0001,-0.0001,-0.0001,-0.0001,-0.0001,-0.0001,-0.0001,-0.0001,-0.0001,-0.0001,-0.0001,-0.0001,-0.0001,-0.0001,-0.0001,-0.0001,-0.0001,-0.0001,-0.0001,-0.0001,-0.0001,-0.0001,-0.0001,-0.0001,-0.0001,-0.0001,-0.0001,-0.0001,-0.0001,-0.0001,-0.0001,-0.0001,-0.0001,-0.0001,-0.0001,-0.0001,-0.0001,-0.0001,0.010158,0.00798934,-0.0001,-0.0001,-0.0001,-0.0001,-0.0001,-0.0001,-0.0001,-0.0001,0.0080565,0.138491,-0.0001,0.0911163,-0.0001,-0.0001,-0.0001,-0.0001,-0.0001,-0.0001,-0.0001,-0.0001,0.187318,0.201466,-0.0001,-0.0001,-0.0001,-0.0001,-0.0001,-0.0001,0.286331,-0.0001,-0.0001,-0.0001,-0.0001,-0.0001,-0.0001,-0.0001,-0.0001,-0.0001,-0.0001,-0.0001,-0.0001,-0.0001,-0.0001,-0.0001,-0.0001,-0.0001,-0.0001,-0.0001,-0.0001,-0.0001,-0.0001,-0.0001,
-0.0001,-0.0001,-0.0001,-0.0001,-0.0001,-0.0001,-0.0001,-0.0001,-0.0001,-0.0001,-0.0001,-0.0001,-0.0001,-0.0001,-0.0001,-0.0001,-0.0001,-0.0001,-0.0001,-0.0001,-0.0001,-0.0001,-0.0001,-0.0001,-0.0001,-0.0001,-0.0001,-0.0001,-0.0001,-0.0001,-0.0001,-0.0001,-0.0001,-0.0001,-0.0001,-0.0001,-0.0001,-0.0001,-0.0001,-0.0001,-0.0001,-0.0001,-0.0001,-0.0001,-0.0001,-0.0001,-0.0001,-0.0001,-0.0001,-0.0001,-0.0001,-0.0001,-0.0001,-0.0001,-0.0001,-0.0001,-0.0001,-0.0001,-0.0001,-0.0001,-0.0001,-0.0001,-0.0001,-0.0001,-0.0001,-0.0001,-0.0001,-0.0001,-0.0001,-0.0001,-0.0001,-0.0001,-0.0001,-0.0001,-0.0001,-0.0001,-0.0001,-0.0001,-0.0001,-0.0001,-0.0001,-0.0001,-0.0001,-0.0001,-0.0001,-0.0001,-0.0001,-0.0001,-0.0001,-0.0001,-0.0001,-0.0001,-0.0001,-0.0001,-0.0001,-0.0001,-0.0001,-0.0001,-0.0001,-0.0001,
