-0.0001,-0.0001,-0.0001,-0.0001,-0.0001,-0.0001,-0.0001,-0.0001,-0.0001,-0.0001,-0.0001,-0.0001,-0.0001,-0.0001,-0.0001,-0.0001,-0.0001,-0.0001,-0.0001,-0.0001,-0.0001,-0.0001,-0.0001,-0.0001,-0.0001,-0.0001,-0.0001,-0.0001,-0.0001,-0.0001,-0.0001,-0.0001,-0.0001,-0.0001,-0.0001,-0.0001,0.00253333,-0.0001,-0.0001,-0.0001,-0.0001,-0.0001,-0.0001,-0.0001,-0.0001,8.10536e-05,-0.0001,-0.0001,8.07642e-05,1.08513e-05,-0.0001,-0.0001,-0.0001,1.23944e-05,-0.0001,-0.0001,-0.0001,-0.0001,-0.0001,-0.0001,-0.0001,-0.0001,-0.0001,-0.0001,-0.0001,1.39572e-08,-0.0001,-0.0001,-0.0001,-0.0001,-0.0001,-0.0001,-0.0001,-0.0001,-0.0001,-0.0001,-0.0001,-0.0001,-0.0001,-0.0001,-0.0001,-0.0001,-0.0001,-0.0001,-0.0001,-0.0001,-0.0001,-0.0001,-0.0001,-0.0001,-0.0001,-0.0001,-0.0001,-0.0001,-0.0001,-0.0001,-0.0001,-0.0001,-0.0001,-0.0001,
-0.0001,-0.0001,-0.0001,-0.0001,-0.0001,-0.0001,-0.0001,-0.0001,-0.0001,-0.0001,-0.0001,-0.0001,-0.0001,-0.0001,-0.0001,-0.0001,-0.0001,-0.0001,-0.0001,-0.0001,-0.0001,-0.0001,-0.0001,-0.0001,-0.0001,-0.0001,-0.0001,-0.0001,-0.0001,-0.0001,-0.0001,-0.0001,0.0128397,-0.0001,-0.0001,0.0019796,-0.0001,-0.0001,-0.0001,0.000407768,-0.0001,-0.0001,-0.0001,-0.0001,2.80959e-05,0.000647057,-0.0001,-0.0001,-0.0001,-0.0001,-0.0001,-0.0001,-0.0001,-0.0001,-0.0001,-0.0001,2.44649e-08,8.22451e-11,2.07248e-07,-0.0001,-0.0001,-0.0001,-0.0001,-0.0001,5.69747e-08,-0.0001,-0.0001,-0.0001,-0.0001,-0.0001,-0.0001,-0.0001,-0.0001,-0.0001,-0.0001,-0.0001,-0.0001,-0.0001,-0.0001,-0.0001,-0.0001,-0.0001,-0.0001,-0.0001,-0.0001,-0.0001,-0.0001,-0.0001,-0.0001,-0.0001,-0.0001,-0.0001,-0.0001,-0.0001,-0.0001,-0.0001,-0.0001,-0.0001,-0.0001,-0.0001,
-0.0001,-0.0001,-0.0001,-0.0001,-0.0001,-0.0001,-0.0001,-0.0001,-0.0001,-0.0001,-0.0001,-0.0001,-0.0001,-0.0001,-0.0001,-0.0001,-0.0001,-0.0001,-0.0001,-0.0001,-0.0001,-0.0001,-0.0001,-0.0001,-0.0001,0.0473413,-0.0001,-0.0001,-0.0001,-0.0001,0.00193802,-0.0001,-0.0001,-0.0001,-0.0001,-0.0001,-0.0001,-0.0001,-0.0001,-0.0001,-0.0001,-0.0001,-0.0001,0.00117065,-0.0001,-0.0001,-0.0001,-0.0001,-0.0001,-0.0001,6.97775e-05,-0.0001,-0.0001,-0.0001,-0.0001,-0.0001,-0.0001,-0.0001,-0.0001,1.58795e-06,-0.0001,-0.0001,2.80534e-07,-0.0001,-0.0001,-0.0001,-0.0001,1.77875e-09,-0.0001,9.84649e-09,-0.0001,-0.0001,-0.0001,5.74508e-09,-0.0001,-0.0001,-0.0001,-0.0001,-0.0001,-0.0001,-0.0001,-0.0001,-0.0001,-0.0001,-0.0001,-0.0001,-0.0001,-0.0001,-0.0001,-0.0001,-0.0001,-0.0001,-0.0001,-0.0001,-0.0001,-0.0001,-0.0001,-0.0001,-0.0001,-0.0001,
-0.0001,-0.0001,-0.0001,-0.0001,-0.0001,-0.0001,-0.0001,-0.0001,-0.0001,-0.0001,-0.0001,-0.0001,-0.0001,-0.0001,-0.0001,-0.0001,-0.0001,-0.0001,-0.0001,-0.0001,-0.0001,-0.0001,-0.0001,-0.0001,-0.0001,-0.0001,-0.0001,-0.0001,-0.0001,-0.0001,-0.0001,-0.0001,-0.0001,-0.0001,-0.0001,-0.0001,0.0148769,0.000386231,-0.0001,-0.0001,0.00259453,-0.0001,-0.0001,0.000284002,4.48523e-05,-0.0001,0.000774253,-0.0001,-0.0001,-0.0001,1.74678e-06,-0.0001,-0.0001,9.05681e-08,-0.0001,-0.0001,-0.0001,-0.0001,-0.0001,2.81991e-06,-0.0001,-0.0001,-0.0001,-0.0001,-0.0001,-0.0001,-0.0001,-0.0001,-0.0001,-0.0001,-0.0001,9.95846e-10,-0.0001,9.97514e-09,-0.0001,-0.0001,-0.0001,-0.0001,-0.0001,-0.0001,-0.0001,-0.0001,-0.0001,-0.0001,-0.0001,-0.0001,-0.0001,-0.0001,-0.0001,-0.0001,-0.0001,-0.0001,-0.0001,-0.0001,-0.0001,-0.0001,-0.0001,-0.0001,-0.0001,-0.0001,
-0.0001,-0.0001,-0.0001,-0.0001,-0.0001,-0.0001,-0.0001,-0.0001,-0.0001,-0.0001,-0.0001,-0.0001,-0.0001,-0.0001,-0.0001,-0.0001,-0.0001,-0.0001,-0.0001,-0.0001,-0.0001,-0.0001,-0.0001,-0.0001,-0.0001,-0.0001,-0.0001,-0.0001,-0.0001,-0.0001,-0.0001,-0.0001,-0.0001,-0.0001,-0.0001,-0.0001,0.000637307,-0.0001,-0.0001,0.00587678,-0.0001,-0.0001,-0.0001,-0.0001,-0.0001,-0.0001,0.000162134,-0.0001,-0.0001,1.41565e-06,-0.0001,-0.0001,1.03016e-05,-0.0001,-0.0001,-0.0001,-0.0001,-0.0001,1.79672e-06,-0.0001,-0.0001,1.41467e-07,-0.0001,-0.0001,-0.0001,-0.0001,-0.0001,-0.0001,1.88975e-08,-0.0001,-0.0001,-0.0001,1.07877e-09,-0.0001,-0.0001,-0.0001,-0.0001,-0.0001,-0.0001,-0.0001,-0.0001,-0.0001,-0.0001,-0.0001,-0.0001,-0.0001,-0.0001,-0.0001,-0.0001,-0.0001,-0.0001,-0.0001,-0.0001,-0.0001,-0.0001,-0.0001,-0.0001,-0.0001,-0.0001,-0.0001,
-0.0001,-0.0001,-0.0001,-0.0001,-0.0001,-0.0001,-0.0001,-0.0001,-0.0001,-0.0001,-0.0001,-0.0001,-0.0001,-0.0001,-0.0001,-0.0001,-0.0001,-0.0001,-0.0001,-0.0001,-0.0001,0.163392,-0.0001,-0.0001,0.0570991,-0.0001,-0.0001,-0.0001,-0.0001,0.00393337,-0.0001,0.0187178,-0.0001,0.0241192,-0.0001,-0.0001,0.018003,0.0014549,-0.0001,0.000783455,-0.0001,0.00225317,-0.0001,-0.0001,-0.0001,-0.0001,-0.0001,3.69264e-05,-0.0001,4.95946e-06,-0.0001,-0.0001,-0.0001,5.29039e-06,-0.0001,-0.0001,-0.0001,-0.0001,1.44584e-05,-0.0001,-0.0001,7.931e-06,1.89955e-06,-0.0001,-0.0001,-0.0001,-0.0001,-0.0001,-0.0001,-0.0001,-0.0001,2.42315e-08,4.23807e-08,-0.0001,-0.0001,1.0499e-08,-0.0001,-0.0001,-0.0001,-0.0001,-0.0001,-0.0001,-0.0001,-0.0001,-0.0001,-0.0001,-0.0001,-0.0001,-0.0001,-0.0001,-0.0001,-0.0001,-0.0001,-0.0001,-0.0001,-0.0001,-0.0001,-0.0001,-0.0001,-0.0001,
-0.0001,-0.0001,-0.0001,-0.0001,-0.0001,-0.0001,-0.0001,-0.0001,-0.0001,-0.0001,-0.0001,-0.0001,-0.0001,-0.0001,-0.0001,-0.0001,-0.0001,-0.0001,-0.0001,-0.0001,-0.0001,-0.0001,-0.0001,-0.0001,-0.0001,-0.0001,-0.0001,-0.0001,-0.0001,-0.0001,-0.0001,-0.0001,-0.0001,-0.0001,-0.0001,0.0026352,-0.0001,0.000497942,-0.0001,0.000128506,-0.0001,-0.0001,-0.0001,-0.0001,-0.0001,0.000769109,7.12477e-05,-0.0001,0.000178617,-0.0001,2.61922e-06,-0.0001,6.20385e-05,0.00027332,-0.0001,3.82293e-05,-0.0001,-0.0001,-0.0001,-0.0001,6.91403e-06,8.14923e-07,-0.0001,-0.0001,-0.0001,1.07463e-06,-0.0001,-0.0001,-0.0001,-0.0001,-0.0001,-0.0001,-0.0001,-0.0001,-0.0001,-0.0001,-0.0001,-0.0001,-0.0001,-0.0001,5.24824e-10,-0.0001,-0.0001,-0.0001,-0.0001,-0.0001,-0.0001,-0.0001,-0.0001,-0.0001,-0.0001,-0.0001,-0.0001,-0.0001,-0.0001,-0.0001,-0.0001,-0.0001,-0.0001,-0.0001,
-0.0001,-0.0001,-0.0001,-0.0001,-0.0001,-0.0001,-0.0001,-0.0001,-0.0001,-0.0001,0.597507,-0.0001,-0.0001,-0.0001,-0.0001,-0.0001,-0.0001,-0.0001,-0.0001,-0.0001,-0.0001,-0.0001,-0.0001,-0.0001,0.455341,-0.0001,-0.0001,0.00857357,0.03152,0.130196,0.0469945,0.00177717,-0.0001,0.000123328,0.0271405,0.0151104,0.00513364,0.00649713,0.00342806,0.00402762,0.00258567,0.00299199,0.000111696,0.00139204,0.00050249,0.000619721,0.000325631,0.0010186,0.000516299,0.000411959,7.82083e-05,0.00010142,0.000130169,6.02264e-05,4.47105e-05,2.31818e-05,4.6955e-05,2.22826e-05,1.91857e-05,1.73899e-06,1.97518e-05,1.17495e-05,2.80332e-06,-0.0001,8.00497e-08,-0.0001,5.36046e-07,3.33346e-07,-0.0001,1.24789e-07,1.03085e-07,9.71547e-08,-0.0001,4.53005e-08,3.28916e-08,-0.0001,-0.0001,-0.0001,-0.0001,-0.0001,-0.0001,-0.0001,-0.0001,-0.0001,-0.0001,-0.0001,-0.0001,-0.0001,-0.0001,-0.0001,-0.0001,-0.0001,-0.0001,-0.0001,-0.0001,-0.0001,-0.0001,-0.0001,-0.0001,-0.0001,
-0.0001,-0.0001,-0.0001,-0.0001,-0.0001,-0.0001,-0.0001,-0.0001,-0.0001,-0.0001,-0.0001,-0.0001,-0.0001,-0.0001,-0.0001,-0.0001,-0.0001,-0.0001,-0.0001,-0.0001,-0.0001,-0.0001,-0.0001,-0.0001,0.289699,-0.0001,0.0608831,0.0319711,0.0482132,0.0100607,0.0235105,0.0767115,3.79565e-07,0.0328088,0.0154791,0.00768987,0.0153095,0.0113811,0.00733858,0.00994995,0.00385742,0.00203081,-0.0001,0.000167547,0.000222355,0.00103697,0.00123049,0.000708038,0.000323265,0.000243086,0.000102499,4.37088e-05,2.0549e-05,0.000188269,-0.0001,3.08814e-05,3.8765e-05,7.95534e-05,2.17623e-06,6.15994e-06,1.4879e-05,1.23737e-06,2.02237e-06,9.74666e-08,-0.0001,2.70271e-08,3.19479e-07,1.87132e-06,-0.0001,-0.0001,1.18132e-07,8.9817e-08,-0.0001,-0.0001,-0.0001,9.93543e-10,-0.0001,1.62188e-08,-0.0001,-0.0001,-0.0001,-0.0001,-0.0001,-0.0001,-0.0001,-0.0001,-0.0001,-0.0001,-0.0001,-0.0001,-0.0001,-0.0001,-0.0001,-0.0001,-0.0001,-0.0001,-0.0001,-0.0001,-0.0001,-0.0001,
-0.0001,-0.0001,-0.0001,-0.0001,-0.0001,-0.0001,-0.0001,-0.0001,-0.0001,-0.0001,-0.0001,-0.0001,-0.0001,-0.0001,-0.0001,-0.0001,-0.0001,-0.0001,-0.0001,-0.0001,-0.0001,-0.0001,0.139411,-0.0001,-0.0001,-0.0001,-0.0001,0.0564352,0.0234297,0.0546511,0.0129762,-0.0001,-0.0001,0.0265542,0.0531331,0.015288,0.00474139,0.0635943,0.0167632,0.00265287,0.0168571,0.00387962,0.00127449,0.00263113,0.00146791,0.00153943,0.000982011,0.000718317,0.000872624,0.000845973,0.000634017,9.42553e-05,0.000265856,0.000186899,0.000109817,8.95149e-05,7.01777e-05,1.91924e-05,2.04688e-05,2.12002e-05,2.16173e-05,1.26204e-05,3.54075e-06,7.04756e-06,4.14932e-06,1.53458e-06,-0.0001,1.69378e-06,2.38486e-07,2.87433e-07,2.22314e-07,1.58121e-07,2.84453e-08,-0.0001,-0.0001,-0.0001,-0.0001,-0.0001,-0.0001,-0.0001,-0.0001,-0.0001,2.39637e-10,-0.0001,-0.0001,-0.0001,-0.0001,-0.0001,-0.0001,-0.0001,-0.0001,-0.0001,-0.0001,-0.0001,-0.0001,-0.0001,-0.0001,-0.0001,-0.0001,-0.0001,
-0.0001,-0.0001,-0.0001,-0.0001,-0.0001,-0.0001,-0.0001,0.936116,-0.0001,-0.0001,-0.0001,-0.0001,-0.0001,-0.0001,-0.0001,-0.0001,-0.0001,-0.0001,-0.0001,-0.0001,-0.0001,0.267524,-0.0001,0.055702,-0.0001,-0.0001,0.103882,-0.0001,0.142324,0.0916002,-0.0001,0.0578956,0.029335,0.0462458,0.041611,0.031601,0.00299141,0.00120931,0.00657568,0.00722801,0.00546405,0.0014733,0.0102675,0.00117944,0.00320909,0.00387061,0.00181823,0.000524863,0.00132718,0.00103878,0.00011929,0.000994771,0.000263335,0.00013396,0.000104299,0.000153089,3.95406e-05,2.31713e-05,3.08607e-05,3.09576e-05,5.575e-06,7.45669e-06,8.29877e-06,1.48763e-05,4.03374e-06,1.11052e-06,5.47697e-07,7.89638e-07,1.19113e-07,8.76406e-10,3.79326e-07,3.39277e-07,1.13043e-07,-0.0001,1.13405e-08,7.19988e-08,-0.0001,-0.0001,-0.0001,-0.0001,1.01086e-08,-0.0001,-0.0001,-0.0001,-0.0001,-0.0001,-0.0001,-0.0001,-0.0001,-0.0001,-0.0001,-0.0001,-0.0001,-0.0001,-0.0001,-0.0001,-0.0001,-0.0001,-0.0001,-0.0001,
-0.0001,-0.0001,-0.0001,-0.0001,-0.0001,-0.0001,-0.0001,-0.0001,-0.0001,-0.0001,-0.0001,-0.0001,-0.0001,-0.0001,-0.0001,-0.0001,0.394904,-0.0001,-0.0001,-0.0001,0.184478,0.0638598,0.172778,-0.0001,-0.0001,0.00376032,-0.0001,-0.0001,-0.0001,-0.0001,-0.0001,0.00397729,0.0349894,0.108232,0.0318647,0.0737856,0.0385903,0.0810552,0.0134269,0.0262558,0.00333429,0.00821359,0.00318808,0.0116653,0.00333934,0.00731755,0.00411384,0.00236061,0.00118449,0.00063364,0.000317984,0.000254677,0.000145033,0.000260266,0.000497522,0.000162283,0.000265345,0.000161425,6.3994e-05,3.12558e-05,3.96669e-05,1.26059e-05,5.0169e-06,3.78307e-06,4.00342e-06,1.80408e-06,-0.0001,3.20194e-08,1.65662e-06,-0.0001,9.89377e-08,-0.0001,-0.0001,-0.0001,-0.0001,-0.0001,6.37219e-08,-0.0001,-0.0001,-0.0001,-0.0001,-0.0001,-0.0001,-0.0001,-0.0001,-0.0001,-0.0001,-0.0001,-0.0001,-0.0001,-0.0001,-0.0001,-0.0001,-0.0001,-0.0001,-0.0001,-0.0001,-0.0001,-0.0001,-0.0001,
-0.0001,-0.0001,-0.0001,-0.0001,-0.0001,-0.0001,-0.0001,-0.0001,-0.0001,-0.0001,-0.0001,-0.0001,-0.0001,-0.0001,-0.0001,0.242224,-0.0001,2.43543,-0.0001,-0.0001,-0.0001,-0.0001,1.29755,-0.0001,0.145907,-0.0001,-0.0001,0.106352,0.122932,0.0157768,0.0712835,0.0867158,0.050596,0.0599347,0.0922005,0.0647866,0.0249504,0.014175,0.0242066,0.0144765,0.0212986,0.0187303,0.00726983,0.00562073,0.00594357,0.00722531,0.00287647,0.00341052,0.000884424,0.000605832,0.0014269,0.000569476,0.000300382,0.000405917,9.07622e-05,0.00029401,4.67697e-05,0.000112808,0.000114042,4.11945e-05,6.86638e-05,3.91903e-05,1.74602e-05,1.26924e-05,1.79362e-05,6.93339e-06,2.24365e-06,7.86904e-07,8.07163e-06,1.62374e-06,3.12604e-06,4.65477e-07,4.31012e-07,-0.0001,4.1155e-07,-0.0001,8.46881e-08,5.23799e-08,2.07455e-08,-0.0001,1.28809e-10,3.54215e-09,-0.0001,1.07983e-08,-0.0001,-0.0001,-0.0001,-0.0001,-0.0001,-0.0001,-0.0001,-0.0001,-0.0001,-0.0001,-0.0001,-0.0001,-0.0001,-0.0001,4.05501e-13,-0.0001,
-0.0001,-0.0001,-0.0001,-0.0001,-0.0001,-0.0001,-0.0001,-0.0001,-0.0001,-0.0001,-0.0001,-0.0001,-0.0001,-0.0001,-0.0001,-0.0001,-0.0001,-0.0001,-0.0001,-0.0001,-0.0001,-0.0001,0.244399,-0.0001,1.05779,0.672077,0.151822,-0.0001,0.305939,0.192161,0.121826,0.361888,-0.0001,0.0946984,0.138653,0.0286382,0.03636,0.0481636,0.0407329,0.100574,0.0095877,0.0114432,0.0153991,0.00415326,0.00483938,0.00553336,0.00518436,0.00154128,0.000975167,0.00236965,0.00142507,0.000414378,0.000511328,0.000510859,0.000338201,0.000277831,0.000280733,9.93907e-05,9.13835e-05,7.72349e-05,4.51673e-05,1.91291e-05,3.25058e-05,5.87759e-06,1.53383e-05,1.34046e-05,3.62459e-06,8.80728e-08,1.39032e-07,1.60397e-06,2.11485e-06,-0.0001,1.18671e-06,4.81713e-08,3.32208e-07,1.67836e-07,3.17176e-08,7.77136e-08,-0.0001,-0.0001,-0.0001,-0.0001,-0.0001,-0.0001,-0.0001,-0.0001,9.42846e-10,-0.0001,-0.0001,-0.0001,-0.0001,-0.0001,-0.0001,-0.0001,-0.0001,-0.0001,-0.0001,-0.0001,-0.0001,-0.0001,
-0.0001,-0.0001,-0.0001,-0.0001,-0.0001,-0.0001,-0.0001,-0.0001,-0.0001,-0.0001,-0.0001,-0.0001,-0.0001,-0.0001,-0.0001,-0.0001,1.96078,-0.0001,-0.0001,0.488099,-0.0001,0.395175,0.591975,0.22512,0.0604729,0.528117,0.183377,0.00133642,0.656068,0.476231,0.251928,0.20149,0.0955167,0.0605034,0.0554059,0.0344615,0.0926337,0.0204214,0.0399269,0.0253482,0.0143962,0.0238953,0.00922704,0.0130599,0.00700442,0.00467369,0.00718095,0.00437632,0.00245742,0.0024945,0.00287825,0.00192544,0.000413831,0.000662862,0.000365507,0.000311213,0.000269805,0.000247062,0.000144887,6.40446e-05,2.2336e-05,4.7545e-05,3.64404e-05,1.85262e-05,1.89475e-05,1.61978e-05,1.29155e-05,9.90974e-07,1.86954e-06,5.52932e-06,2.7882e-06,1.31335e-09,1.0009e-06,8.11141e-07,5.67814e-07,-0.0001,2.08887e-07,6.53177e-09,-0.0001,9.86103e-08,3.67292e-08,2.28454e-08,-0.0001,-0.0001,-0.0001,1.55036e-10,-0.0001,-0.0001,-0.0001,-0.0001,-0.0001,-0.0001,-0.0001,-0.0001,-0.0001,1.21237e-11,-0.0001,-0.0001,-0.0001,-0.0001,
-0.0001,-0.0001,-0.0001,-0.0001,-0.0001,-0.0001,-0.0001,-0.0001,-0.0001,-0.0001,-0.0001,-0.0001,0.374825,-0.0001,-0.0001,-0.0001,-0.0001,-0.0001,-0.0001,0.613988,0.415195,0.00319016,-0.0001,1.57585,0.111999,0.339361,1.18925,0.0678018,0.315026,0.245451,0.0955201,0.205902,0.159574,0.130741,0.0890798,0.0462658,0.0202947,0.0298701,0.0313604,0.0261627,0.0201564,0.0284021,0.0256273,0.0113109,0.0108436,0.0185107,0.00273901,0.00872147,0.00287361,0.00350122,0.000896067,0.002318,0.00130864,0.00113012,0.000721878,0.000874184,0.000275781,0.000258059,0.000302022,0.000137206,6.63485e-05,0.000142736,3.00875e-05,4.2582e-05,2.75891e-05,2.21501e-05,8.02583e-06,1.15558e-05,4.77472e-06,4.49855e-06,-0.0001,-0.0001,-0.0001,1.57544e-07,4.54062e-07,3.91919e-07,-0.0001,1.12085e-07,1.64219e-08,1.48096e-08,1.46569e-08,-0.0001,4.56518e-09,-0.0001,2.20306e-09,-0.0001,-0.0001,-0.0001,-0.0001,-0.0001,-0.0001,-0.0001,-0.0001,-0.0001,-0.0001,-0.0001,-0.0001,-0.0001,-0.0001,-0.0001,
-0.0001,-0.0001,-0.0001,-0.0001,-0.0001,-0.0001,-0.0001,-0.0001,-0.0001,-0.0001,-0.0001,1.04254,-0.0001,-0.0001,2.58387,-0.0001,-0.0001,0.0265778,-0.0001,-0.0001,-0.0001,-0.0001,0.0867256,0.372792,0.161827,0.712284,0.660559,0.506559,0.41361,0.156325,0.257524,0.124933,0.0924297,0.125801,0.0777696,0.13415,0.0649949,0.0897249,0.031763,0.0384271,0.0130577,0.0284785,0.0120927,0.0116714,0.0121414,0.012421,0.00903654,0.00848148,0.0050597,0.0049856,0.00368481,0.00222263,0.00163912,0.0011821,0.000868048,0.00132068,0.000230928,0.000230419,0.000260937,0.000152023,7.76963e-05,0.000112847,6.18716e-05,5.60872e-05,3.65837e-05,3.29554e-05,1.40456e-05,3.29635e-06,1.90589e-05,6.27158e-06,7.58209e-06,3.92643e-06,2.66485e-06,4.01603e-07,-0.0001,8.20406e-07,1.68955e-07,3.32255e-09,-0.0001,6.43388e-08,5.86947e-09,7.04355e-08,-0.0001,-0.0001,-0.0001,3.4723e-14,-0.0001,-0.0001,-0.0001,-0.0001,-0.0001,-0.0001,-0.0001,1.87643e-10,-0.0001,-0.0001,-0.0001,-0.0001,-0.0001,-0.0001,
-0.0001,-0.0001,-0.0001,-0.0001,-0.0001,-0.0001,-0.0001,-0.0001,-0.0001,-0.0001,-0.0001,-0.0001,5.85206,-0.0001,-0.0001,-0.0001,0.0318276,-0.0001,1.62577,0.835975,4.06647,-0.0001,1.02173,0.462596,1.06416,0.5124,0.240516,0.577356,0.191419,0.19827,0.265617,0.241836,0.285944,0.145257,0.0910532,0.11816,0.105047,0.0429147,0.0430012,0.0406883,0.0511885,0.0329288,0.0255629,0.017519,0.0216483,0.0120106,0.0100836,0.00730682,0.0054316,0.00384276,0.00325777,0.00345881,0.0023701,0.00183488,0.00105977,0.000962199,0.000879384,0.000520788,0.000291568,0.000175842,0.000140156,0.000220219,6.27943e-05,0.00011607,5.53384e-05,5.27585e-05,2.80653e-05,1.76941e-05,1.40422e-05,2.92164e-07,6.65372e-06,2.55211e-06,3.11847e-06,7.28563e-07,1.45465e-06,1.99631e-06,5.51288e-08,1.72598e-07,-0.0001,2.1249e-07,3.23154e-08,9.15638e-08,-0.0001,-0.0001,-0.0001,-0.0001,-0.0001,-0.0001,-0.0001,-0.0001,-0.0001,-0.0001,-0.0001,-0.0001,-0.0001,1.94543e-10,-0.0001,-0.0001,-0.0001,-0.0001,
-0.0001,-0.0001,-0.0001,-0.0001,-0.0001,-0.0001,-0.0001,-0.0001,-0.0001,-0.0001,-0.0001,-0.0001,-0.0001,-0.0001,-0.0001,-0.0001,-0.0001,2.08474,0.447537,-0.0001,2.11374,0.990804,0.184192,0.0151022,1.09751,1.01906,0.663466,0.281877,0.630457,0.512157,0.259515,0.308448,0.208883,0.215975,0.171459,0.159628,0.125116,0.116104,0.0969909,0.0670489,0.0408027,0.038511,0.0379439,0.025364,0.0209614,0.0140808,0.0140941,0.0108902,0.0108893,0.00517445,0.00583208,0.00435403,0.00327586,0.0025229,0.00202672,0.00154026,0.000784264,0.00107673,0.000548153,0.000404121,0.000216471,0.000216291,0.000128336,5.57628e-05,6.89855e-05,2.63629e-05,5.00427e-05,3.99287e-05,3.09133e-05,1.72148e-05,9.08596e-07,5.9125e-06,4.64698e-06,4.22819e-06,6.40862e-07,2.33214e-06,1.51139e-06,-0.0001,3.21467e-08,9.12105e-08,-0.0001,4.94387e-08,1.31133e-07,-0.0001,-0.0001,-0.0001,-0.0001,-0.0001,-0.0001,-0.0001,4.46538e-11,-0.0001,-0.0001,-0.0001,-0.0001,-0.0001,-0.0001,-0.0001,-0.0001,-0.0001,
-0.0001,-0.0001,-0.0001,-0.0001,-0.0001,-0.0001,-0.0001,-0.0001,-0.0001,-0.0001,-0.0001,-0.0001,-0.0001,-0.0001,1.18672,1.30811,-0.0001,1.11443,-0.0001,0.60018,1.46959,0.558272,0.571197,0.142585,0.33231,0.698307,0.747333,1.64439,0.330832,0.489371,0.426545,0.767794,0.430216,0.239853,0.182913,0.160239,0.0771997,0.11126,0.0550085,0.0840039,0.0655185,0.0512119,0.0373994,0.0373791,0.0279718,0.0184995,0.0155629,0.0193791,0.0146226,0.00637607,0.00650217,0.00468513,0.0042759,0.00343289,0.00220681,0.00163132,0.00150454,0.000785631,0.000861595,0.000630659,0.000375194,0.000272162,0.00030204,0.000103274,0.000100799,6.04315e-05,5.69569e-05,3.29746e-05,2.98172e-05,1.76159e-05,8.25413e-06,1.02328e-05,5.0755e-06,5.63151e-06,2.01867e-06,1.90688e-06,2.25304e-06,-0.0001,5.36852e-08,7.98799e-07,7.88629e-08,1.55442e-08,1.3097e-07,-0.0001,8.81464e-08,-0.0001,-0.0001,1.98859e-08,-0.0001,-0.0001,-0.0001,-0.0001,-0.0001,-0.0001,-0.0001,-0.0001,-0.0001,-0.0001,-0.0001,-0.0001,
-0.0001,-0.0001,-0.0001,-0.0001,-0.0001,-0.0001,-0.0001,-0.0001,-0.0001,-0.0001,-0.0001,0.866453,-0.0001,-0.0001,-0.0001,0.975774,-0.0001,6.287,2.8596,1.71636,-0.0001,1.71497,0.970536,0.572645,1.01659,1.14285,0.492335,0.885105,1.1333,0.621041,0.298254,0.387854,0.320709,0.20675,0.323948,0.186833,0.160257,0.114664,0.13034,0.100038,0.0597146,0.0741895,0.0649926,0.0309475,0.0288884,0.029899,0.017558,0.0162338,0.0129222,0.0108838,0.0064215,0.00616484,0.00568393,0.00494246,0.00325987,0.00206392,0.00193844,0.000909472,0.000907572,0.000742367,0.000308258,0.000365956,0.000213699,0.000169461,7.8317e-05,9.77472e-05,8.67915e-05,4.92113e-05,2.31189e-05,3.30024e-05,2.08964e-05,1.8759e-05,7.27173e-06,9.01359e-06,5.79337e-06,2.19734e-06,1.67437e-06,1.02418e-06,4.68461e-07,7.83971e-07,3.36149e-08,7.3946e-07,6.46235e-07,5.00789e-08,1.09556e-07,6.92557e-08,6.35492e-08,2.04215e-08,-0.0001,-0.0001,-0.0001,-0.0001,-0.0001,-0.0001,-0.0001,-0.0001,-0.0001,-0.0001,-0.0001,-0.0001,
-0.0001,-0.0001,-0.0001,-0.0001,-0.0001,2.3502,-0.0001,-0.0001,-0.0001,-0.0001,1.60115,0.387192,-0.0001,-0.0001,1.26208,0.00902506,-0.0001,-0.0001,1.62819,0.883949,2.00776,0.0203738,0.771163,0.561212,1.58488,0.764976,1.30445,0.301321,0.841504,0.608111,0.366048,0.511947,0.396547,0.220931,0.305471,0.228179,0.213916,0.135171,0.130705,0.131236,0.163155,0.0733555,0.0646731,0.04992,0.0431753,0.0401083,0.0255001,0.0252296,0.015599,0.0141573,0.00996051,0.0088076,0.00485287,0.00517019,0.00367349,0.00232338,0.00350927,0.00114388,0.00154223,0.00115167,0.000699716,0.000552614,0.000306103,0.000289195,0.00021024,0.000143514,8.22986e-05,5.68646e-05,5.89244e-05,2.087e-05,1.96279e-05,8.50961e-06,8.69051e-06,6.93304e-06,6.92394e-06,2.89792e-06,3.78174e-06,2.59778e-06,2.08096e-06,3.22077e-07,5.00786e-07,1.34783e-07,8.23149e-08,4.44798e-08,1.76871e-07,1.12238e-07,8.88836e-09,8.77636e-08,-0.0001,-0.0001,2.37463e-08,-0.0001,1.18268e-09,-0.0001,-0.0001,-0.0001,-0.0001,-0.0001,-0.0001,-0.0001,
-0.0001,-0.0001,-0.0001,-0.0001,-0.0001,-0.0001,-0.0001,-0.0001,-0.0001,1.21182,-0.0001,1.05504,7.77743,1.01939,2.23407,-0.0001,0.224415,2.30725,0.385973,0.96688,1.4213,0.927316,1.99322,0.774719,1.02836,0.63825,1.46133,0.557948,1.05906,0.591919,0.603715,0.382747,0.290217,0.469952,0.312063,0.333112,0.222421,0.20619,0.17091,0.125401,0.106368,0.11493,0.0668085,0.0514244,0.0614998,0.0409856,0.0291344,0.0247511,0.0218334,0.0218466,0.0136126,0.0108971,0.00841853,0.00513007,0.00564877,0.00333571,0.00346312,0.00235609,0.00181136,0.00115617,0.000730735,0.000715903,0.000619513,0.000292356,0.000282297,0.000150366,0.000145708,9.20357e-05,6.1125e-05,3.47851e-05,2.92161e-05,2.07529e-05,2.1709e-05,1.07652e-05,8.33011e-06,6.75099e-06,6.45289e-06,1.93293e-06,2.00231e-06,1.32244e-06,9.69108e-07,3.95064e-07,2.83329e-07,1.54972e-06,1.1419e-07,1.4091e-08,9.79716e-10,-0.0001,-0.0001,-0.0001,-0.0001,2.48595e-09,-0.0001,-0.0001,-0.0001,-0.0001,-0.0001,-0.0001,-0.0001,-0.0001,
-0.0001,-0.0001,-0.0001,-0.0001,-0.0001,-0.0001,-0.0001,-0.0001,-0.0001,-0.0001,0.495459,-0.0001,-0.0001,-0.0001,0.981992,5.55443,1.34067,1.23626,0.0362134,0.287321,0.938195,0.823802,0.901383,2.59082,1.37275,1.09987,1.04968,0.866132,0.825484,0.926684,0.766039,0.681049,0.464655,0.502131,0.224388,0.301054,0.270465,0.249633,0.208741,0.156705,0.180367,0.0841889,0.0907831,0.0626653,0.059456,0.0724687,0.0462251,0.0319392,0.0283835,0.0184174,0.0141533,0.0134333,0.0101392,0.00763675,0.00607985,0.00522257,0.00296185,0.00335733,0.0020398,0.00180039,0.00104588,0.000735132,0.000495991,0.000534837,0.000202543,0.000249679,0.000138501,0.000110518,9.93671e-05,7.89455e-05,5.40124e-05,2.20968e-05,1.67546e-05,1.2764e-05,1.11272e-05,1.18922e-05,3.57066e-06,2.62669e-06,2.36197e-06,2.02942e-06,2.10238e-06,4.03663e-07,1.69523e-07,-0.0001,9.27444e-08,2.00798e-08,-0.0001,-0.0001,-0.0001,4.14791e-08,-0.0001,-0.0001,2.12196e-10,-0.0001,-0.0001,-0.0001,-0.0001,-0.0001,-0.0001,-0.0001,
-0.0001,-0.0001,-0.0001,-0.0001,-0.0001,1.47892,-0.0001,8.83209,4.62491,-0.0001,-0.0001,-0.0001,1.29511,6.60009,0.327584,0.540094,0.694247,3.59381,3.03299,0.811743,2.05913,2.52881,1.42205,1.64401,0.956922,1.07369,0.67312,1.08257,1.50682,0.652993,0.471432,0.677477,0.622166,0.47267,0.364003,0.494596,0.281415,0.209923,0.276161,0.16748,0.156237,0.141724,0.0959289,0.0965849,0.0747908,0.058731,0.0480263,0.0388743,0.0343031,0.0278074,0.0217908,0.016171,0.0144751,0.0113762,0.00904492,0.00684283,0.00472842,0.00425358,0.00319323,0.00174171,0.00200853,0.00100031,0.00099593,0.000813093,0.000487885,0.000282771,0.000186397,0.000228035,0.000112215,9.62367e-05,8.06094e-05,5.86015e-05,2.79921e-05,3.26884e-05,9.04212e-06,1.10424e-05,4.66065e-06,3.76078e-06,4.12499e-06,1.0494e-06,2.65465e-06,1.47067e-06,1.9534e-07,1.2239e-06,2.12988e-08,4.28117e-07,-0.0001,-0.0001,1.89659e-07,-0.0001,3.37396e-08,4.57389e-09,-0.0001,-0.0001,-0.0001,-0.0001,-0.0001,-0.0001,-0.0001,-0.0001,
-0.0001,-0.0001,2.33614,-0.0001,-0.0001,-0.0001,-0.0001,-0.0001,-0.0001,-0.0001,-0.0001,0.0483354,-0.0001,5.09649,3.81226,1.89078,3.26977,1.92431,3.34074,2.10283,2.82406,1.55778,1.03487,1.59756,1.3047,2.73941,1.46181,1.47608,0.542755,1.40883,0.706976,0.73663,0.905886,0.551805,0.397199,0.434041,0.287768,0.29619,0.276329,0.198235,0.166745,0.157768,0.146187,0.108533,0.0933031,0.0865116,0.0646206,0.051621,0.0427364,0.0364921,0.0267793,0.0213271,0.0168204,0.0125711,0.00991993,0.00845283,0.00734431,0.00451854,0.00340802,0.00250778,0.00247074,0.00167044,0.00107309,0.000767,0.000705295,0.000406237,0.000457238,0.000268107,0.000206903,0.000122044,6.54311e-05,4.84613e-05,7.58782e-05,4.5623e-05,1.6484e-05,2.2084e-05,1.98927e-05,1.16503e-05,6.1624e-06,2.89594e-06,1.97337e-06,1.26312e-06,2.3929e-07,2.19244e-07,3.33161e-07,6.6008e-07,6.10182e-08,-0.0001,1.04429e-07,4.24093e-08,2.24705e-08,-0.0001,-0.0001,-0.0001,-0.0001,-0.0001,-0.0001,-0.0001,-0.0001,-0.0001,
-0.0001,-0.0001,-0.0001,-0.0001,-0.0001,-0.0001,-0.0001,-0.0001,1.45005,-0.0001,1.72246,-0.0001,-0.0001,1.47662,1.38917,7.27019,4.03401,1.12995,2.52173,2.3817,1.27995,3.21266,2.81561,1.74818,0.968643,1.76512,1.01621,1.22567,1.24203,0.852335,0.858094,0.788026,0.660436,0.700108,0.690584,0.591111,0.414648,0.396341,0.339024,0.226879,0.197107,0.196666,0.151577,0.15335,0.102815,0.0994215,0.0781434,0.0667109,0.0462777,0.0386371,0.0302327,0.0318579,0.0198028,0.0134809,0.0138935,0.0110558,0.00832556,0.00698401,0.00424487,0.00338454,0.00216382,0.00186276,0.00197464,0.00115779,0.000764174,0.000730192,0.000556222,0.000398431,0.000289021,0.000205653,0.000233747,0.00010834,5.22499e-05,4.90577e-05,4.75058e-05,3.12635e-05,2.20197e-05,1.76473e-05,6.28959e-06,5.69252e-06,3.31718e-06,3.08347e-06,1.29846e-06,1.35773e-06,1.69128e-06,9.54646e-07,-0.0001,-0.0001,-0.0001,-0.0001,-0.0001,6.25038e-09,-0.0001,-0.0001,-0.0001,-0.0001,-0.0001,-0.0001,-0.0001,-0.0001,
-0.0001,-0.0001,-0.0001,-0.0001,-0.0001,-0.0001,-0.0001,0.274845,0.806556,1.22669,-0.0001,-0.0001,1.49272,-0.0001,0.0123762,0.506529,3.32322,3.36263,1.37252,6.48229,2.97382,0.871652,1.32146,1.78592,1.728,2.0851,1.49199,1.91097,1.52374,0.947412,0.980925,1.11164,0.803472,0.539507,0.544038,0.451771,0.451329,0.466872,0.353794,0.271129,0.302791,0.207041,0.200563,0.155047,0.13204,0.129137,0.0839058,0.0786922,0.0688017,0.0390191,0.0466899,0.0322831,0.0265345,0.0240049,0.0167541,0.013518,0.00855646,0.00924053,0.00572153,0.00405065,0.00426191,0.00264732,0.00220104,0.00159932,0.00125445,0.000942279,0.000682684,0.000402709,0.000336223,0.000268593,0.000210743,0.000121803,8.80977e-05,6.82797e-05,7.67234e-05,4.25374e-05,2.59011e-05,1.54134e-05,8.2291e-06,6.86849e-06,4.36142e-06,8.07492e-06,3.694e-06,8.58741e-07,2.57507e-06,3.36415e-07,1.17653e-07,3.13549e-07,3.69353e-07,1.34625e-08,-0.0001,1.47426e-08,-0.0001,-0.0001,-0.0001,-0.0001,-0.0001,-0.0001,-0.0001,-0.0001,
-0.0001,-0.0001,-0.0001,-0.0001,-0.0001,-0.0001,-0.0001,1.16395,1.38804,0.616926,2.9335,-0.0001,1.75162,3.93892,6.70995,2.90569,3.5029,1.36147,3.5204,1.5658,4.40627,2.74187,2.94914,1.93321,2.99755,0.915484,1.68374,1.8302,1.09911,1.16199,1.07294,0.776356,0.777819,0.659521,0.673622,0.616202,0.627015,0.524244,0.414561,0.406677,0.310156,0.237058,0.225658,0.184558,0.16099,0.13988,0.123063,0.0994421,0.077456,0.0580238,0.0510157,0.0379534,0.0328863,0.0252834,0.0215554,0.0184982,0.0124083,0.0115419,0.0084634,0.00806079,0.00496685,0.00376576,0.0030829,0.0021539,0.00144235,0.00126394,0.000768165,0.000558326,0.000494618,0.000341184,0.000237236,0.000217765,0.000131538,0.000117384,9.23297e-05,4.9001e-05,3.73697e-05,2.55931e-05,1.76312e-05,1.6676e-05,5.29584e-06,7.19786e-06,3.19091e-06,3.20806e-06,1.47919e-06,1.07467e-06,8.47559e-07,1.0871e-06,-0.0001,-0.0001,-0.0001,1.96946e-07,-0.0001,4.66465e-08,-0.0001,4.38289e-09,-0.0001,-0.0001,-0.0001,-0.0001,
-0.0001,-0.0001,-0.0001,-0.0001,-0.0001,0.263481,-0.0001,5.24949,0.385981,1.60438,2.35737,-0.0001,0.254428,2.83421,6.80963,2.46443,1.53582,1.60684,3.22122,2.75204,2.95416,2.4598,1.90696,2.56284,1.5067,2.56386,1.45076,1.36779,1.38401,1.85622,1.18769,1.01685,1.0329,0.870075,0.604114,0.77006,0.548173,0.631604,0.431715,0.422071,0.389974,0.388175,0.253025,0.202817,0.207125,0.156771,0.1318,0.123623,0.0865567,0.0832756,0.0706617,0.0497623,0.041058,0.0360189,0.0241685,0.0205973,0.0173113,0.0116675,0.0113262,0.00864728,0.00651194,0.00416972,0.00399449,0.00291438,0.00198385,0.00175913,0.000998363,0.00107253,0.000654328,0.000356961,0.000469779,0.000275064,0.000168755,0.000128739,0.00012406,9.08731e-05,3.32007e-05,1.95055e-05,3.69061e-05,1.50084e-05,1.46122e-05,7.34754e-06,5.9253e-06,2.91951e-06,1.51318e-06,1.30016e-06,3.38753e-06,1.0549e-07,9.81089e-07,1.99877e-07,3.45817e-07,-0.0001,1.39552e-07,1.3325e-08,-0.0001,-0.0001,-0.0001,-0.0001,-0.0001,9.006e-10,
-0.0001,-0.0001,0.22552,-0.0001,-0.0001,-0.0001,-0.0001,2.18832,1.05811,0.459807,-0.0001,-0.0001,1.60979,2.11253,3.7683,1.28239,2.96492,2.41808,2.02613,3.0039,1.56046,1.70954,2.41711,2.56914,1.34359,1.67979,1.70467,1.68846,1.51541,1.39763,0.968404,1.03161,0.880606,1.29333,1.01486,0.616727,0.674765,0.668615,0.504884,0.483611,0.455006,0.341633,0.301378,0.306181,0.207358,0.181379,0.166892,0.133817,0.101112,0.103996,0.078796,0.0643071,0.0502638,0.0376785,0.0368656,0.0248686,0.0185227,0.0152023,0.0140261,0.00961007,0.00690843,0.00614577,0.00374406,0.00442005,0.00373726,0.00203284,0.00177117,0.00111303,0.000861743,0.000661848,0.000584642,0.000377764,0.000221248,0.000186261,0.000115611,0.000101797,5.10546e-05,5.84564e-05,2.84474e-05,2.0499e-05,1.93378e-05,7.96978e-06,1.3138e-05,2.93149e-06,1.6036e-06,1.76151e-06,2.60255e-06,6.23191e-07,-0.0001,4.86734e-07,1.27993e-08,2.81157e-08,-0.0001,-0.0001,-0.0001,-0.0001,-0.0001,-0.0001,-0.0001,-0.0001,
-0.0001,-0.0001,-0.0001,-0.0001,-0.0001,1.59744,-0.0001,0.104949,4.14564,-0.0001,2.18192,0.114474,2.05582,7.7218,4.05159,3.19561,1.82951,2.67403,2.85859,6.30348,2.63412,2.86495,1.81976,2.62764,2.32281,2.06181,1.86232,2.17668,1.30538,1.43654,1.25884,1.23102,1.19143,1.13151,0.959418,0.914253,0.784108,0.742941,0.58478,0.555127,0.483473,0.376147,0.330259,0.295008,0.270334,0.226644,0.174563,0.151396,0.141509,0.11414,0.0837454,0.0734504,0.064782,0.0620093,0.0368958,0.0290622,0.0282068,0.0191279,0.0172288,0.0138428,0.0107672,0.00839922,0.0065651,0.00469448,0.00351257,0.00313612,0.00238975,0.00174983,0.00130831,0.00114334,0.000708663,0.000457307,0.000404308,0.000263075,0.000165078,0.000111303,0.000111247,5.85694e-05,6.60325e-05,4.42695e-05,1.9944e-05,8.92257e-06,2.12645e-05,8.66757e-06,3.28391e-06,8.11004e-06,4.56187e-09,-0.0001,-0.0001,-0.0001,-0.0001,2.46764e-07,-0.0001,-0.0001,-0.0001,-0.0001,-0.0001,-0.0001,-0.0001,1.83914e-08,
-0.0001,2.6852,-0.0001,-0.0001,-0.0001,-0.0001,-0.0001,-0.0001,2.46513e-05,-0.0001,1.28435,1.37093,1.53826,-0.0001,2.102,3.00209,1.52041,3.62822,2.31026,3.99762,2.62367,2.58285,1.59617,2.23029,2.50081,3.04976,1.8483,1.94104,1.58532,1.73168,1.25699,1.41327,1.31091,1.21017,1.13301,0.942786,0.833752,0.729655,0.67366,0.622518,0.531983,0.462637,0.38847,0.34226,0.304221,0.260773,0.23183,0.188272,0.156364,0.115353,0.12453,0.0873389,0.0662806,0.0624508,0.0449637,0.0467869,0.0325289,0.0265938,0.0196612,0.0142415,0.0132505,0.00836267,0.00961318,0.00565851,0.0047721,0.00321969,0.0029622,0.00243235,0.00162664,0.00119943,0.00070879,0.000760573,0.000481375,0.000351777,0.000246924,0.000157834,0.000208368,8.81407e-05,7.06212e-05,6.73466e-05,2.55979e-05,3.32779e-05,8.91243e-05,1.85559e-05,2.07492e-05,5.8519e-06,9.84098e-06,3.23541e-06,3.06873e-07,1.70052e-06,-0.0001,8.75569e-07,3.22258e-08,-0.0001,-0.0001,-0.0001,-0.0001,-0.0001,-0.0001,-0.0001,
-0.0001,-0.0001,-0.0001,-0.0001,-0.0001,2.85739,-0.0001,0.0110036,2.34454,1.677,2.37543,4.28913,2.25513,2.72461,1.66564,2.85721,2.31624,2.31164,2.79916,2.63825,2.00083,1.80503,3.08335,2.77894,2.27067,2.19144,2.36443,1.51441,1.54152,1.6848,2.16575,1.62318,1.44203,1.30856,1.17192,1.02831,1.05303,0.842087,0.776094,0.656344,0.542658,0.502216,0.465336,0.407826,0.332167,0.300445,0.276078,0.209914,0.162209,0.170578,0.137901,0.105121,0.0935962,0.0764577,0.0616332,0.0486324,0.0439114,0.0361084,0.0253574,0.0271026,0.0178509,0.0117773,0.00913001,0.00703982,0.00651558,0.00484176,0.00397564,0.00308847,0.00192206,0.00188422,0.00125471,0.000670589,0.000664247,0.000406075,0.000347691,0.000261642,0.000174576,0.00016124,0.000103114,6.26922e-05,4.79701e-05,4.14398e-05,1.55309e-05,3.38641e-05,1.59954e-05,1.3953e-05,6.84429e-06,7.83442e-07,-0.0001,1.2302e-06,8.1686e-07,1.48268e-06,-0.0001,-0.0001,-0.0001,2.38143e-08,-0.0001,-0.0001,-0.0001,1.31703e-09,
-0.0001,-0.0001,-0.0001,-0.0001,-0.0001,-0.0001,-0.0001,2.83826,1.44532,4.04026,2.38047,1.65747,4.19144,5.07433,1.70603,2.26309,1.74434,1.78765,2.6609,2.36687,3.67628,2.81723,2.44615,1.54071,1.97764,1.84088,2.77054,1.82249,1.87369,1.41789,2.00596,1.62719,1.5908,1.38766,1.23057,1.223,1.00591,0.894795,0.877325,0.684433,0.790246,0.584117,0.561651,0.475451,0.432801,0.385489,0.323008,0.276964,0.204505,0.185592,0.150052,0.116249,0.107342,0.0827769,0.070121,0.0547588,0.0427189,0.0383354,0.0304406,0.0260783,0.0209176,0.0164387,0.0140665,0.00994419,0.00746942,0.00563072,0.00449423,0.00329048,0.00306772,0.00215628,0.00178128,0.00116813,0.00109061,0.000762727,0.000539022,0.000378633,0.000125382,0.000166634,0.000148429,0.000110088,4.83617e-05,6.73091e-05,3.51325e-05,2.63968e-05,2.82077e-05,1.749e-05,1.4076e-05,5.88368e-06,3.21039e-06,-0.0001,5.51454e-07,8.53188e-07,-0.0001,2.03492e-06,-0.0001,-0.0001,-0.0001,1.69967e-07,-0.0001,3.26848e-08,
-0.0001,0.717063,-0.0001,-0.0001,-0.0001,-0.0001,0.350273,2.01843,0.800346,1.23368,2.55502,4.61808,3.57337,1.26292,1.28718,1.48085,3.60937,2.67882,3.04411,2.5261,2.48555,2.54113,3.03372,2.40751,3.31066,2.44246,2.78911,1.81857,2.09964,2.19641,1.4788,1.81586,1.59918,1.43877,1.42174,1.39622,1.01382,1.02079,0.885865,0.924613,0.73574,0.719748,0.696576,0.504624,0.39723,0.363479,0.343643,0.293265,0.279252,0.202816,0.161817,0.13627,0.143787,0.105106,0.087514,0.0647615,0.0571201,0.0492798,0.0379996,0.030831,0.0263017,0.0203596,0.0176591,0.0128807,0.00834173,0.00710491,0.00655183,0.00434833,0.0037101,0.00250116,0.00247653,0.00173467,0.00137772,0.00101091,0.000662642,0.000587657,0.000470274,0.000220634,0.000139263,0.000156182,7.57914e-05,8.99236e-05,3.34119e-05,1.94016e-05,2.45674e-05,1.38108e-05,8.40164e-06,2.68072e-06,1.36906e-06,8.89495e-10,3.43247e-06,9.64901e-07,4.08952e-07,-0.0001,-0.0001,7.35043e-07,-0.0001,-0.0001,-0.0001,-0.0001,
1.16995,-0.0001,-0.0001,4.14381,0.172238,3.75915,-0.0001,0.790601,1.8246,0.452982,0.250166,2.92459,1.52822,1.86388,4.2844,0.72812,1.92606,2.66621,2.79424,1.38772,2.49783,2.74392,2.53203,2.54654,2.16051,1.88915,2.32314,2.11807,2.46848,1.8123,1.90055,1.84964,1.66416,1.74915,1.40534,1.20826,1.11864,1.21554,0.993129,0.911958,0.880409,0.743455,0.655012,0.579214,0.508664,0.422921,0.371744,0.352763,0.290339,0.256795,0.21039,0.19073,0.144512,0.136814,0.12267,0.0810701,0.071266,0.0578991,0.0503154,0.0376485,0.0300312,0.0234542,0.02099,0.0167961,0.01117,0.0103231,0.00796098,0.00705741,0.00445087,0.00277488,0.003068,0.00223658,0.00153734,0.00143842,0.0012392,0.000793037,0.000406165,0.000439995,0.000257591,0.000128684,0.000154146,0.000101479,6.84078e-05,8.10236e-05,2.98993e-05,1.62636e-05,2.24139e-05,1.15355e-05,2.06522e-06,4.80839e-06,1.5918e-06,3.18872e-07,1.56124e-06,3.32676e-07,-0.0001,-0.0001,-0.0001,4.85545e-08,-0.0001,-0.0001,
-0.0001,-0.0001,-0.0001,0.135823,-0.0001,0.363339,0.109293,1.03296,1.7307,6.82128,0.121491,7.29764,1.01584,3.05915,0.979455,1.31312,3.31229,1.26719,2.98879,2.5366,2.16843,2.2098,2.65755,2.79195,2.00773,2.31902,2.60164,2.61273,2.44097,2.48189,2.22771,2.07717,1.7543,1.69341,1.50723,1.43541,1.4407,1.32628,1.0664,1.00379,0.890544,0.872195,0.762357,0.650635,0.593121,0.520793,0.439566,0.385521,0.374722,0.296952,0.240576,0.20354,0.184518,0.166525,0.125152,0.106907,0.0874001,0.0639219,0.0560894,0.04391,0.0387708,0.0310501,0.0222162,0.0183723,0.0200933,0.0110939,0.00953399,0.00868953,0.00590484,0.00428789,0.00372665,0.00286373,0.00221447,0.00188835,0.00141905,0.00125083,0.000685695,0.000457252,0.000323476,0.000158661,0.000205889,9.82444e-05,0.000138538,3.0751e-05,4.37894e-05,2.91598e-05,4.12384e-05,1.29663e-05,3.24349e-05,1.61616e-05,7.39262e-07,1.01773e-06,-0.0001,-0.0001,3.07401e-06,-0.0001,-0.0001,-0.0001,-0.0001,-0.0001,
-0.0001,-0.0001,-0.0001,-0.0001,-0.0001,-0.0001,-0.0001,0.747121,1.38113,2.50406,0.787021,1.38365,1.94224,3.0539,2.54529,1.57388,1.46526,1.65647,3.01511,1.42258,2.9626,2.38847,2.58444,2.76129,3.08942,2.62197,2.70093,2.3784,2.3572,2.04862,2.00161,1.97778,1.85885,1.84258,1.77227,1.49166,1.42045,1.28097,1.11379,1.15538,0.959539,0.914781,0.922189,0.731857,0.683986,0.611694,0.534986,0.435571,0.387841,0.336643,0.311687,0.259084,0.211025,0.196306,0.14703,0.133018,0.11027,0.0918242,0.0751645,0.0655845,0.0456114,0.0412164,0.0312011,0.0223402,0.020561,0.014414,0.0124957,0.00872203,0.00800757,0.00635813,0.00444368,0.00332634,0.00295926,0.00197558,0.00141927,0.00122677,0.000969467,0.000578403,0.00031268,0.000334265,0.000290517,0.000233896,0.000191783,0.000118554,6.94987e-05,6.45946e-05,1.48561e-06,3.8671e-05,3.13088e-05,7.89254e-06,3.90253e-06,4.08304e-06,1.04392e-05,2.29523e-06,1.05505e-08,4.95199e-06,-0.0001,-0.0001,-0.0001,-0.0001,
-0.0001,0.319577,-0.0001,-0.0001,2.28698,0.25333,0.0382765,1.03536,2.11787,0.45709,1.06092,3.06654,1.59152,8.78618,2.08985,1.56399,2.0568,1.78403,2.49783,2.72538,2.64746,2.88482,2.35062,2.55321,2.23196,2.1923,2.15111,2.14236,2.65563,2.3527,2.3107,2.20712,2.07473,1.83211,1.6391,1.84597,1.50998,1.42613,1.37615,1.29904,1.09594,1.1013,0.901883,0.820853,0.765166,0.619804,0.658179,0.563598,0.449315,0.430564,0.380432,0.285481,0.241234,0.188777,0.18896,0.150636,0.134671,0.117167,0.0935134,0.0706959,0.0586287,0.0477618,0.0378189,0.0288882,0.0253126,0.0157382,0.017237,0.0119847,0.0113177,0.00773384,0.00575658,0.00440681,0.00336053,0.00283449,0.00213671,0.00192902,0.00131123,0.000994335,0.000761756,0.000476001,0.000281674,0.000361346,0.000137967,0.000110338,0.000114546,3.83149e-05,3.19908e-05,2.68881e-05,8.0372e-05,9.60208e-06,1.69542e-05,2.6598e-05,1.81346e-06,-0.0001,-0.0001,1.06015e-10,-0.0001,-0.0001,1.28904e-06,-0.0001,
-0.0001,-0.0001,-0.0001,1.44459,-0.0001,-0.0001,-0.0001,0.852392,1.00017,3.51607,0.999959,0.467829,2.54235,1.11167,1.2309,1.44275,0.830118,2.76297,1.82157,2.43249,1.88462,4.1941,2.33416,3.34926,2.441,2.21797,2.19794,2.8038,2.45781,2.59619,2.53698,2.29466,2.12805,1.82669,2.20555,1.74374,1.76136,1.49018,1.3436,1.28496,1.07022,1.12873,1.1747,0.901527,0.772337,0.787495,0.637713,0.588845,0.493775,0.443381,0.393993,0.357135,0.270242,0.245049,0.197674,0.181666,0.161141,0.120973,0.0939477,0.0893425,0.0718812,0.0631437,0.0493567,0.0352772,0.0316315,0.0222044,0.0212404,0.0144697,0.0127642,0.0106192,0.00765435,0.00593473,0.00560449,0.00298634,0.00214791,0.00231988,0.00155171,0.0013497,0.000814612,0.000863221,0.000483921,0.000344069,0.000173705,0.00012598,0.00015662,8.91698e-05,4.65075e-05,5.0191e-05,1.37391e-05,1.34684e-05,4.10038e-06,2.62926e-06,3.47777e-05,1.2016e-06,-0.0001,4.1337e-06,-0.0001,-0.0001,-0.0001,4.80864e-07,
-0.0001,-0.0001,-0.0001,-0.0001,-0.0001,1.03473,-0.0001,1.0576,0.659409,0.960089,0.304771,1.54875,2.90623,1.49597,2.54883,2.547,2.10639,1.9984,2.06375,2.30481,2.78848,2.3442,3.00167,1.87471,2.73122,2.49647,2.55344,2.31067,2.24344,3.08204,2.31592,2.10946,2.19702,1.99652,1.93565,2.01976,1.77272,1.73982,1.52868,1.55269,1.34657,1.29264,1.24077,1.05537,0.878149,0.748439,0.750593,0.683667,0.596313,0.49461,0.464869,0.385192,0.336603,0.2678,0.227818,0.210745,0.18112,0.145823,0.131352,0.107381,0.086171,0.0675178,0.0542403,0.0503521,0.0422714,0.0300028,0.0233705,0.0214196,0.0147401,0.0145354,0.00961354,0.00812848,0.00672511,0.00460799,0.00333326,0.00246893,0.00207732,0.00141148,0.00143671,0.000780806,0.000646519,0.000649274,0.00030444,0.000232756,0.000248247,0.000241065,8.3999e-05,0.000102639,8.72908e-05,2.5405e-05,-0.0001,1.63471e-05,2.32486e-06,4.5428e-07,-0.0001,-0.0001,-0.0001,-0.0001,-0.0001,-0.0001,
-0.0001,-0.0001,-0.0001,-0.0001,-0.0001,-0.0001,-0.0001,0.0455208,-0.0001,0.340103,2.5143,0.683362,1.31504,2.2531,1.07525,2.55658,1.06898,1.92924,2.19296,2.02735,2.76931,2.42041,2.09748,2.43489,2.15048,2.7785,2.4205,2.63293,2.52847,2.38228,2.38586,2.17264,2.18226,2.16873,2.24797,2.30215,1.83976,1.79865,1.82245,1.51635,1.66223,1.46862,1.32241,1.05655,1.01494,0.919335,0.883622,0.761627,0.654962,0.581131,0.443761,0.437418,0.376002,0.325949,0.272368,0.249944,0.208046,0.179639,0.14147,0.117553,0.104009,0.0880437,0.0744647,0.0595024,0.0468148,0.0365115,0.0323566,0.0242314,0.0171325,0.0150369,0.012352,0.0101552,0.00775382,0.00511005,0.00582,0.00384755,0.00264724,0.0017194,0.00157337,0.00128481,0.000445773,0.000716831,0.000369821,0.000446233,0.000284139,0.000217908,0.000228909,5.87864e-05,0.000100555,3.07145e-05,-0.0001,3.2237e-05,1.50595e-05,-0.0001,7.09354e-10,-0.0001,-0.0001,-0.0001,-0.0001,-0.0001,
-0.0001,-0.0001,1.24449,0.288127,-0.0001,-0.0001,-0.0001,0.685433,0.0757054,0.945484,0.366599,3.15331,1.18414,0.721662,1.89923,1.38989,1.20782,1.56764,1.84579,2.26657,1.61346,2.18695,1.91963,2.00552,2.55528,2.40487,2.84803,2.44645,2.43749,2.24938,2.86104,2.33533,2.2626,2.28144,2.25655,2.01983,1.93799,1.81509,1.71896,1.62846,1.51627,1.48662,1.25665,1.33008,1.21615,1.04088,0.960664,0.850467,0.737198,0.705883,0.545121,0.502158,0.465392,0.388584,0.320195,0.303591,0.228916,0.201782,0.181894,0.144587,0.130041,0.096309,0.0797919,0.081076,0.0591113,0.0527169,0.0373797,0.0296542,0.0251164,0.0195725,0.0161281,0.0132523,0.00880021,0.00897207,0.00645436,0.00458159,0.00298355,0.00311396,0.00219636,0.00196673,0.00102941,0.000937471,0.000685477,0.000537597,0.000286553,0.000237128,6.66026e-05,0.000196421,3.31987e-05,0.000112445,3.30373e-05,4.09639e-05,-0.0001,1.82501e-05,2.01061e-05,1.24632e-05,-0.0001,-0.0001,-0.0001,7.43395e-07,
-0.0001,0.046657,-0.0001,0.0553044,-0.0001,-0.0001,-0.0001,0.30153,0.115853,0.588669,1.14177,1.04742,1.45846,1.01976,1.15185,1.69293,1.47962,2.23979,1.87702,2.02666,1.78241,2.218,2.69046,2.20727,2.36656,2.48178,2.31331,2.43608,2.50812,2.7758,2.29842,2.51612,2.40712,2.23203,2.40835,1.86411,2.02189,1.97155,1.91187,1.81252,1.54516,1.47078,1.42748,1.43836,1.28049,1.05289,1.03236,0.900949,0.82143,0.741076,0.674441,0.611167,0.518809,0.416923,0.384089,0.343504,0.304332,0.248651,0.213765,0.187644,0.147139,0.114118,0.103833,0.0878398,0.0706251,0.0564627,0.041285,0.0366635,0.0315997,0.0249679,0.0174793,0.0167151,0.0130758,0.00741285,0.00812675,0.0069216,0.00494479,0.00263544,0.00253653,0.00130468,0.0020309,0.00124343,0.000989526,0.000431835,0.000835654,0.000547968,0.000389892,0.000229677,0.000199712,0.000160999,3.24584e-05,2.34658e-05,4.88528e-05,1.54032e-05,1.63616e-05,-0.0001,-0.0001,-0.0001,-0.0001,-0.0001,
0.198431,1.26072,-0.0001,-0.0001,-0.0001,-0.0001,0.685611,0.424936,0.583814,0.777339,1.57253,2.47628,2.13132,1.38918,0.969639,3.00135,1.8227,1.54835,1.46442,1.63122,2.23762,2.52925,2.16559,3.20916,2.20756,2.73486,2.61621,2.87025,2.62715,2.46034,2.40502,2.52526,2.46277,2.35969,2.56161,2.02331,2.01128,2.05775,2.01773,1.75852,1.88129,1.49392,1.55187,1.46875,1.25384,1.29679,1.09154,1.0071,0.948189,0.784616,0.762774,0.636997,0.62853,0.49569,0.435913,0.382635,0.314295,0.296139,0.230619,0.21691,0.173836,0.150879,0.112171,0.102967,0.0896309,0.0694172,0.0493343,0.0495003,0.0388426,0.0324097,0.0212376,0.0180792,0.0134031,0.0130866,0.0101072,0.0066449,0.00515858,0.00350868,0.00308327,0.00264892,0.00217482,0.0016486,0.00131218,0.000927017,0.000359874,0.000481055,0.000435784,0.000137525,7.26965e-07,2.54442e-05,8.45458e-05,6.41755e-05,6.47919e-05,2.77419e-08,-0.0001,-0.0001,-0.0001,-0.0001,3.79787e-09,-0.0001,
-0.0001,-0.0001,-0.0001,1.1735,0.216724,-0.0001,0.0600212,0.268566,0.878933,0.524895,0.865459,1.71737,0.989652,1.47957,1.76779,0.593129,1.533,1.50491,1.71704,1.60802,1.56268,1.88525,1.78666,2.38133,2.12816,2.40726,2.43316,2.21202,2.74676,2.45281,2.60116,2.27666,2.60434,2.57749,2.55085,2.28875,2.08339,2.05749,2.11522,2.20147,1.79726,1.7611,1.76113,1.60822,1.44864,1.28653,1.26444,1.1822,0.993711,0.992911,0.776647,0.758042,0.613635,0.582265,0.500157,0.437053,0.353692,0.314371,0.290566,0.235488,0.18828,0.17109,0.14414,0.104687,0.0964979,0.0856897,0.0690374,0.053245,0.0449738,0.0396978,0.0282322,0.0243368,0.0236922,0.0162224,0.0110781,0.0094173,0.00634947,0.00709223,0.00500517,0.00229929,0.00374836,0.00234529,0.0014408,0.000822029,0.000934477,0.000558595,0.000283805,2.04172e-05,0.000247666,0.000296076,7.1313e-05,7.26083e-05,8.49153e-06,3.19372e-05,0.000159776,-0.0001,-0.0001,-0.0001,-0.0001,-0.0001,
-0.0001,-0.0001,-0.0001,-0.0001,-0.0001,0.0465781,-0.0001,0.960377,0.575231,0.481192,0.317626,1.22819,1.38967,0.545283,1.29589,2.12157,1.74659,1.282,1.59648,2.40888,1.68927,2.25099,1.83396,2.00502,2.06796,2.29526,2.49186,2.46089,2.62011,2.76481,2.48328,2.39161,2.51192,2.34877,2.63389,2.33716,2.34716,2.13901,2.03152,2.23072,1.9563,1.92507,1.79007,1.68655,1.49887,1.42769,1.39901,1.1501,1.03179,1.02001,0.903186,0.73736,0.739397,0.654926,0.545284,0.484888,0.435869,0.394241,0.331135,0.288297,0.235497,0.197404,0.163838,0.151542,0.113139,0.104878,0.0837201,0.061635,0.0613562,0.0422452,0.0412319,0.0297633,0.0217523,0.0166252,0.0148989,0.0130803,0.00862657,0.00980875,0.00516681,0.00466325,0.00309561,0.00236022,0.00273554,0.00157918,0.0007705,0.0009557,0.00057005,0.00062702,0.0003198,8.09922e-05,0.000155677,0.000192014,6.05768e-05,4.44539e-05,-0.0001,-0.0001,-0.0001,-0.0001,-0.0001,-0.0001,
0.317855,-0.0001,-0.0001,-0.0001,-0.0001,-0.0001,0.223004,0.573137,0.326642,0.706181,0.931503,0.690651,0.427166,0.425707,0.863814,0.840794,1.2697,1.11507,1.91636,2.13494,1.58362,1.64758,1.93867,2.1362,2.09501,2.2314,2.07228,2.55578,2.43021,2.31258,2.2318,2.65032,2.4359,2.12788,2.27145,2.62694,2.31394,2.48053,2.17629,2.09088,1.96474,1.98385,1.84811,1.75307,1.6366,1.59443,1.40151,1.23841,1.11263,1.13813,0.986186,0.876914,0.77863,0.776372,0.651008,0.57572,0.494715,0.442613,0.383569,0.31262,0.286031,0.245419,0.217483,0.152425,0.150433,0.125335,0.0941423,0.0814042,0.0765914,0.0529822,0.0461208,0.0412084,0.0322006,0.0258578,0.0187886,0.013803,0.0132056,0.00887214,0.00891372,0.00530924,0.00522922,0.00264268,0.00268186,0.0019313,0.00127173,0.000888856,0.00158293,0.0011839,0.000551469,0.000382508,0.000183511,8.62834e-05,6.96443e-05,-0.0001,-0.0001,4.48088e-05,-0.0001,-0.0001,-0.0001,-0.0001,
0.0459969,-0.0001,-0.0001,-0.0001,0.00329671,0.00905848,-0.0001,0.556197,0.287876,0.765287,0.880149,0.477751,0.35796,1.19557,1.0292,1.18649,1.46045,1.00209,1.07546,1.08616,1.62831,1.79714,2.24465,1.64666,2.06314,2.26095,2.05139,1.7111,2.1901,2.6144,2.75993,2.52274,2.15569,2.68415,2.43991,2.24926,2.42054,2.33756,2.22733,2.4122,2.08312,1.95985,1.94685,1.98041,1.73615,1.55343,1.6686,1.4419,1.34811,1.17849,1.12762,0.970797,0.902863,0.773373,0.712277,0.649837,0.544041,0.489342,0.457893,0.382825,0.320707,0.303679,0.228182,0.206598,0.162425,0.156678,0.122635,0.116478,0.0873569,0.0630138,0.0534957,0.0491622,0.0352077,0.0294655,0.0220954,0.0197283,0.0182614,0.0115503,0.00816598,0.00731622,0.00557029,0.00193736,0.00359615,0.00254878,0.00227968,0.00150279,0.000376097,0.000810751,0.000668984,0.000597443,-0.0001,0.000424305,-0.0001,-0.0001,-0.0001,8.98699e-06,-0.0001,-0.0001,-0.0001,3.90261e-11,
-0.0001,-0.0001,0.246054,0.00579533,-0.0001,-0.0001,0.00505338,0.118452,0.144349,0.738294,0.134254,0.253567,1.00767,0.921594,1.54487,0.381064,1.26625,0.965513,1.42521,1.35952,1.13497,1.48197,1.71441,1.45169,1.92942,1.95445,1.85696,2.46653,2.28275,2.59333,2.44134,2.21343,2.75285,2.55311,2.35415,2.12372,2.33787,2.24955,2.46931,2.50074,2.19195,2.17516,1.76193,1.83197,1.90569,1.7967,1.54387,1.51687,1.38859,1.33319,1.15292,1.10658,0.946017,0.837032,0.826773,0.686542,0.644102,0.598969,0.489857,0.452044,0.361984,0.302314,0.264998,0.241537,0.1983,0.196646,0.135127,0.123139,0.104951,0.0779656,0.0866288,0.063172,0.0513897,0.0363332,0.0285177,0.0259868,0.0205729,0.0154198,0.0121652,0.00925576,0.00728023,0.00648514,0.00354242,0.00177988,0.00266622,0.00221547,0.00313665,0.000135296,0.00102638,0.00059097,0.000400822,0.000334586,0.000269192,1.09196e-05,-0.0001,7.84603e-06,-0.0001,9.19446e-05,4.58907e-05,-0.0001,
-0.0001,-0.0001,-0.0001,-0.0001,-0.0001,-0.0001,-0.0001,0.190179,0.0702984,0.127092,1.0547,0.246582,0.455391,0.268415,1.08158,1.12437,0.899993,1.19863,1.25103,1.1543,1.27309,1.5593,1.63861,1.66495,1.71445,1.87677,2.33816,1.99124,1.97676,2.1551,2.37051,2.26895,2.30535,2.34557,2.16865,2.12229,2.54682,2.24481,2.42491,2.25526,2.36255,2.15064,2.04868,1.98755,2.03399,1.79448,1.78733,1.46535,1.46468,1.36608,1.31652,1.25934,1.05462,0.921107,0.863616,0.913671,0.71626,0.604046,0.559744,0.48373,0.429571,0.359548,0.309207,0.279614,0.242695,0.201351,0.18665,0.154419,0.10912,0.108927,0.0756544,0.0748181,0.0567895,0.0417858,0.0416504,0.0302238,0.0255619,0.0203414,0.014124,0.0123065,0.00848778,0.00680609,0.00712556,0.00467772,0.00244813,0.00176459,0.0029818,0.00103535,0.000717966,0.00136147,0.000271769,0.00042279,0.00015027,0.000181392,2.0665e-05,0.000187515,-0.0001,-0.0001,-0.0001,-0.0001,
-0.0001,-0.0001,-0.0001,-0.0001,0.0430831,-0.0001,0.16776,0.305284,0.0379943,0.451794,0.367569,0.178196,0.287383,0.433494,0.277871,0.745368,0.765372,0.95512,1.13,1.21098,1.42459,1.03212,1.43683,1.5009,1.81916,1.75698,1.72581,1.93575,2.05165,2.16999,2.18978,2.35627,2.07165,2.46408,2.3626,2.67538,2.26388,2.42757,2.33921,2.24686,2.13528,2.24847,2.10654,2.17867,2.0536,2.0872,1.71841,1.76308,1.53823,1.51521,1.34101,1.24392,1.19848,1.02011,1.0017,0.871801,0.743509,0.70611,0.625117,0.551968,0.508126,0.407872,0.398504,0.341367,0.29062,0.230409,0.182226,0.169051,0.147374,0.10898,0.109889,0.0824604,0.0686738,0.0564664,0.0405589,0.0412975,0.0282489,0.0256718,0.0197112,0.0148677,0.00895342,0.0117843,0.00815032,0.00717674,0.00390414,0.00981621,0.00527665,0.00430286,0.000915459,0.00246503,0.000246803,0.000405065,0.000136527,0.000437271,0.000206624,0.000836046,-0.0001,-0.0001,9.07314e-05,-0.0001,
0.10971,-0.0001,-0.0001,0.000478785,-0.0001,0.0199916,0.882096,0.161528,0.435584,0.359812,0.229707,0.360813,0.45772,0.499869,0.533088,0.761077,0.685087,0.933766,1.05585,1.18352,1.45181,1.25937,1.06064,1.32496,1.70052,1.56102,1.40786,2.09452,1.85605,2.26902,1.97107,2.67891,2.33525,2.36184,2.1934,2.33713,2.56875,2.60295,2.60933,2.10785,2.29469,2.12172,2.16898,2.18897,1.97083,1.95601,1.93299,1.84528,1.83257,1.5352,1.40832,1.30875,1.22328,1.14055,1.1552,1.03859,0.903183,0.790301,0.769256,0.623662,0.535127,0.488486,0.379451,0.341035,0.31969,0.260645,0.202261,0.191921,0.188007,0.134201,0.109849,0.111633,0.0828618,0.0608334,0.0508004,0.0490038,0.041548,0.0295322,0.0232632,0.0159305,0.0166716,0.012386,0.0104619,0.00658792,0.00883582,0.00197047,0.001787,0.00251949,0.000769083,0.00142791,0.000937589,0.000571526,-0.0001,-0.0001,6.29505e-06,9.72606e-05,-0.0001,-0.0001,-0.0001,-0.0001,
-0.0001,-0.0001,-0.0001,-0.0001,-0.0001,-0.0001,-0.0001,0.150681,-0.0001,0.250197,0.201457,0.730924,0.129667,0.396333,0.373758,0.604103,0.581972,0.639706,0.957512,0.888544,1.15549,1.06079,1.43737,1.27012,1.60212,1.48593,1.71706,1.77035,1.90861,1.79964,2.30439,1.90415,1.96985,2.25191,2.20111,2.3055,2.69679,2.32647,2.30806,2.50439,2.19676,2.1329,2.1546,2.13016,2.12613,2.06425,1.97259,1.82586,1.83431,1.69212,1.64993,1.4577,1.42471,1.36331,1.09556,1.07987,0.987308,0.813204,0.72302,0.701717,0.595816,0.525514,0.481459,0.436282,0.371313,0.299738,0.288293,0.236428,0.187023,0.140175,0.143845,0.113448,0.104288,0.0765009,0.0544428,0.0552354,0.0505766,0.0478192,0.0293397,0.0169155,0.0220717,0.0143818,0.0168944,0.00841213,0.00757106,0.00623566,0.00567817,0.00302225,4.22836e-05,0.00208405,0.00128742,0.00103637,3.27417e-05,0.000418427,-0.0001,0.000200196,-0.0001,7.08914e-05,8.00508e-05,-0.0001,
-0.0001,-0.0001,-0.0001,-0.0001,-0.0001,-0.0001,0.153111,0.088416,0.10441,0.220734,0.322619,0.309553,0.472102,0.390449,0.379795,0.842933,1.09262,0.682304,0.937472,0.802165,0.8419,0.824221,0.983955,1.28365,1.44031,1.46054,1.65911,1.69423,1.95353,1.81786,1.81916,1.81883,2.47252,2.14929,2.02794,2.0329,2.15977,2.36851,2.4706,2.36764,2.41345,2.32561,2.34286,2.4021,2.28459,2.14027,2.05513,1.92256,1.9163,1.82194,1.6272,1.82665,1.45657,1.46572,1.27941,1.35745,1.12444,0.868315,0.834522,0.772353,0.711101,0.573914,0.521261,0.484173,0.44209,0.397508,0.275322,0.287329,0.240754,0.179765,0.181956,0.135123,0.12652,0.0909653,0.0838671,0.054424,0.0671723,0.0339119,0.0339205,0.0297503,0.0184504,0.0220865,0.00944337,0.0114897,0.0112076,0.00732376,0.00438341,0.0066381,0.00273667,0.00127871,0.000895768,0.00142389,0.000523892,0.00098289,7.51604e-05,5.09085e-08,-0.0001,-0.0001,0.000168316,6.1728e-06,
-0.0001,0.000324761,-0.0001,-0.0001,-0.0001,-0.0001,-0.0001,0.206951,0.14989,0.238364,0.111343,0.54651,0.0961827,0.501965,0.36065,0.331302,0.236607,0.736424,0.530676,0.853281,0.9785,1.41731,1.20356,0.871421,1.16918,1.52523,1.45075,1.25512,1.57439,1.80647,1.62818,2.05726,2.00889,2.30195,1.88116,2.10902,2.23831,2.30606,2.46734,2.50439,2.55193,2.3932,2.3228,2.14406,2.40521,2.0825,2.00999,2.05555,1.96061,1.80802,1.8185,1.71443,1.4781,1.51222,1.38408,1.34332,1.11751,1.0634,0.935284,0.929295,0.784015,0.692145,0.623046,0.566388,0.493918,0.441194,0.358126,0.324202,0.223861,0.244709,0.20482,0.195248,0.147714,0.144558,0.0842864,0.0854834,0.0696152,0.066474,0.0339878,0.0485705,0.0238874,0.0280629,0.0154964,0.0198263,0.0113306,0.0113255,0.00370123,0.00501039,0.0125211,0.000538593,0.00310591,0.00187194,0.00102669,0.001181,-0.0001,0.000712291,-0.0001,-0.0001,0.000170998,-0.0001,
-0.0001,1.28951e-06,-0.0001,-0.0001,-0.0001,-0.0001,-0.0001,0.11828,0.360279,0.079128,0.0713743,0.435108,0.272921,0.186429,0.411873,0.344913,0.27096,0.495567,0.849543,0.555401,0.52592,0.557475,0.985801,1.20066,1.25226,1.12242,1.43967,1.60048,1.71275,1.43866,1.60568,1.70286,1.95233,2.252,2.00206,2.16671,2.18594,1.98811,2.41286,2.60036,2.26875,2.26939,2.35905,2.25961,2.3282,2.33636,2.10098,2.21652,2.08325,1.95486,2.0137,1.70324,1.66573,1.57157,1.37312,1.23869,1.26282,1.0141,1.04353,0.972014,0.924582,0.755168,0.709449,0.691954,0.56309,0.510415,0.486338,0.385972,0.285926,0.244586,0.233286,0.236495,0.164816,0.106421,0.139649,0.106008,0.0884109,0.0492462,0.0595206,0.0353254,0.0420859,0.0276864,0.0186791,0.0311404,0.0182419,0.0119182,0.0142629,0.00628432,0.0213018,0.0081666,0.00904252,0.0014306,0.00164933,0.00172619,-0.0001,0.000650504,-0.0001,-0.0001,0.000297261,-0.0001,
-0.0001,0.00387256,-0.0001,-0.0001,0.0204903,0.124387,-0.0001,0.12546,0.0110942,0.0913498,0.11665,0.204092,0.310045,0.200514,0.264675,0.486817,0.354023,0.333709,0.520002,0.692311,0.611888,0.894479,0.895532,0.858859,1.11559,1.01619,1.06854,1.19217,1.46545,1.65625,1.71689,1.79603,1.72766,1.89351,1.88016,1.99728,2.23905,2.07248,2.33218,2.43982,2.07084,2.44391,2.20312,2.3908,2.37804,2.17056,2.30694,2.22089,2.13977,2.16515,1.94408,1.87542,1.75185,1.81219,1.43453,1.39651,1.31459,1.23453,1.12936,1.00376,0.875538,0.8766,0.717105,0.684343,0.542705,0.446964,0.449326,0.330745,0.335305,0.293827,0.278011,0.248757,0.194307,0.148178,0.121165,0.112329,0.0856114,0.0579296,0.0485646,0.0687839,0.0404312,0.0433929,0.0295701,0.0213969,0.0190341,0.0141999,0.0044346,0.00818841,0.00778361,0.000866128,0.00311408,0.0027956,4.55639e-05,-0.0001,-0.0001,0.000868068,-0.0001,-0.0001,-0.0001,-0.0001,
-0.0001,-0.0001,0.025552,0.0440152,-0.0001,-0.0001,-0.0001,0.0131911,0.040451,0.124053,0.149412,0.126761,0.137388,0.215175,0.151694,0.251412,0.262095,0.236046,0.478964,0.601926,0.617995,0.792088,0.673218,0.885608,0.712399,0.866296,0.996297,1.00602,1.6793,1.50701,1.41452,1.71339,1.48468,2.35937,1.91436,1.92801,2.00869,1.92399,2.43663,2.23449,2.37034,2.40032,2.21183,2.28013,2.46428,2.41625,2.21058,2.28309,2.0756,2.14096,2.14473,1.92791,1.85494,1.77029,1.67282,1.54314,1.54627,1.37695,1.20228,0.996748,0.966778,0.882977,0.887491,0.700822,0.699353,0.626258,0.567319,0.430742,0.408852,0.367457,0.305038,0.264426,0.198531,0.201097,0.13873,0.148865,0.131258,0.0657519,0.076447,0.0261603,0.0505066,0.0424542,0.0326524,0.0395363,0.0407306,0.0157569,0.00930254,0.013347,0.00252105,0.00564676,0.00683501,0.00274876,0.0017365,-0.0001,-0.0001,2.82197e-05,-0.0001,-0.0001,-0.0001,-0.0001,
-0.0001,-0.0001,-0.0001,-0.0001,-0.0001,-0.0001,0.0720946,0.178341,0.120662,0.136746,0.0313847,0.17409,0.269151,0.144515,0.0609167,0.148466,0.154085,0.233456,0.309413,0.429703,0.290791,0.568846,0.521847,0.625784,1.00187,0.995958,0.746046,1.25381,1.24393,1.36043,1.20127,1.56621,1.63109,1.86022,1.83407,1.92738,1.86405,2.02097,1.99906,2.17701,2.23992,2.26759,2.31654,2.41555,2.30081,2.29683,2.11188,2.22056,2.25535,2.1337,2.02139,2.02414,2.02717,1.78914,1.68523,1.67765,1.55785,1.55005,1.24234,1.14711,1.06238,1.0805,0.98969,0.88384,0.76559,0.63576,0.633518,0.547537,0.539705,0.371492,0.372222,0.287803,0.194341,0.162128,0.218785,0.151188,0.171541,0.100277,0.108664,0.0818365,0.101588,0.0523133,0.0345313,0.0281181,0.0285212,0.0325242,0.0244906,0.00465616,-0.0001,0.00189816,-0.0001,0.00412436,0.000158734,0.00238335,-0.0001,0.00311206,-0.0001,0.0011385,3.25224e-09,-0.0001,
-0.0001,-0.0001,-0.0001,-0.0001,0.00272495,0.12069,0.0120716,0.129304,0.0110519,0.103158,0.0472801,0.0649909,0.178381,0.0767069,0.144993,0.373829,0.261546,0.426123,0.340853,0.371045,0.425433,0.545145,0.577952,0.516663,0.581493,0.814677,0.7761,0.917838,1.11369,1.03884,1.28691,1.46853,1.23737,1.45459,1.72007,1.76903,1.72684,1.91432,2.16327,2.10556,2.35923,2.10528,2.33256,2.1551,2.12109,2.37615,2.25164,2.22383,2.30479,2.39358,2.00829,2.02363,1.91088,1.9363,1.73641,1.60779,1.63918,1.50858,1.48223,1.23712,1.29006,1.11751,0.983297,0.923902,0.807921,0.8252,0.701687,0.595825,0.524511,0.480488,0.527322,0.44179,0.341802,0.226414,0.229161,0.207376,0.110306,0.157311,0.095796,0.122586,0.0566974,0.0329925,0.0563301,0.0453973,0.0327096,0.0159516,0.0562744,0.0108992,0.0499495,-0.0001,0.00195546,0.0135602,0.00193805,0.000582362,-0.0001,4.2006e-05,-0.0001,-0.0001,-0.0001,-0.0001,
-0.0001,-0.0001,0.00843304,-0.0001,-0.0001,0.0330976,-0.0001,0.0382314,0.0209763,0.0371983,0.0660116,0.0330672,0.0902145,0.153307,0.151886,0.0956928,0.175931,0.148825,0.24978,0.485117,0.302578,0.360918,0.617876,0.422,0.692032,0.632609,0.974237,0.894664,1.06964,1.17889,0.919086,1.34832,1.65669,1.3374,1.74291,1.85113,1.84495,1.6425,1.95085,1.97218,2.17085,2.01139,2.32693,2.09999,2.29913,2.09386,2.26327,2.16245,2.42706,2.15556,2.09936,2.07308,2.22922,1.7998,1.9034,1.73563,1.77856,1.67661,1.41964,1.48262,1.40726,1.17415,1.13128,1.06062,0.966548,0.879074,0.697411,0.707243,0.624282,0.549907,0.524128,0.446546,0.288012,0.374257,0.250602,0.220639,0.144647,0.0945346,0.205317,0.132722,0.0953244,0.0729433,0.0423703,0.0576224,0.0281381,0.0271932,0.0133089,0.0345314,0.0223914,0.00628196,0.00973313,-0.0001,0.001743,-0.0001,-0.0001,0.00312731,-0.0001,-0.0001,0.00063332,-0.0001,
-0.0001,-0.0001,-0.0001,-0.0001,-0.0001,-0.0001,-0.0001,-0.0001,0.00134307,0.0753331,0.139287,0.0317395,0.0762035,0.0299009,0.088336,0.161748,0.191561,0.317217,0.123865,0.201498,0.280283,0.393118,0.340623,0.515393,0.664833,0.538047,0.674689,0.794536,0.892066,1.00969,1.29461,1.15066,1.19861,1.20593,1.46498,1.58298,1.75998,1.62292,1.65422,1.7829,1.84969,2.22472,2.19349,2.56914,2.30365,2.25956,1.94285,2.36147,2.01261,2.28677,2.25685,2.20839,2.2615,1.91261,2.06492,1.90347,1.87035,1.96327,1.62497,1.38019,1.47968,1.31314,1.25467,1.19391,1.04337,1.04091,0.827905,0.763224,0.633028,0.568992,0.531925,0.522384,0.455432,0.362533,0.308797,0.332332,0.230129,0.21898,0.211298,0.122216,0.107736,0.102932,0.041209,0.0743851,0.0395764,0.0888321,0.0255738,0.0048499,-0.0001,2.5155e-05,0.0237224,0.027881,0.00118114,0.0213721,-0.0001,-0.0001,-0.0001,-0.0001,-0.0001,-0.0001,
-0.0001,0.00297824,-0.0001,-0.0001,-0.0001,-0.0001,-0.0001,0.00150223,-0.0001,0.0535525,0.0484008,0.0345686,0.137975,0.0989988,0.107078,0.13758,0.148545,0.18266,0.196074,0.224917,0.154923,0.337144,0.378691,0.236777,0.482836,0.584777,0.531344,0.718271,0.696841,0.835747,1.28232,1.0446,1.16446,1.35012,1.30059,1.21423,1.39691,2.10046,1.80076,1.86393,1.9721,2.21829,2.05828,2.17438,2.19008,2.35416,2.12769,2.11584,2.35486,2.17522,2.18249,2.27726,2.29398,2.13557,2.07232,2.06856,1.95002,1.8561,1.51882,1.63888,1.51092,1.33769,1.36403,1.23756,0.978454,0.995852,0.998045,0.81481,0.720436,0.627628,0.504628,0.446462,0.427293,0.472763,0.335426,0.298661,0.279162,0.288902,0.0892373,0.185523,0.194323,0.186753,0.0467824,0.110272,0.0488074,0.0428421,0.0414459,0.0424399,0.000189897,0.0271126,0.00600002,0.00243502,0.00356576,-0.0001,0.0142133,0.00136935,-0.0001,-0.0001,-0.0001,-0.0001,
0.000958635,-0.0001,-0.0001,-0.0001,-0.0001,-0.0001,0.0304572,-0.0001,0.000559274,0.0246947,0.0152214,0.0179763,0.0640454,0.10285,0.101387,0.11601,0.146588,0.204486,0.0878962,0.160876,0.2197,0.279245,0.248814,0.347811,0.330212,0.3959,0.591591,0.631143,0.736846,0.866137,0.84751,1.08954,0.953224,1.18888,1.16791,1.2342,1.5123,1.37866,1.5268,1.37812,1.64996,1.85314,1.92121,2.33592,2.09422,2.16419,2.23429,2.31403,2.32991,2.47231,2.59258,2.23702,2.15799,2.03179,1.97569,2.21555,2.0592,2.00459,1.48645,1.74251,1.50869,1.62939,1.44819,1.47592,1.19614,1.10763,0.994188,0.876049,0.959076,0.781839,0.697559,0.623815,0.503709,0.490655,0.427153,0.40788,0.38305,0.298814,0.27008,0.213186,0.102538,0.111089,0.117452,0.0502361,0.0755243,0.070645,0.0748451,0.0291375,0.00623682,-0.0001,0.0144161,0.00804907,0.0157906,-0.0001,-0.0001,-0.0001,-0.0001,-0.0001,0.00364556,-0.0001,
-0.0001,-0.0001,-0.0001,-0.0001,-0.0001,-0.0001,-0.0001,0.0147765,0.00640515,-0.0001,0.00776438,-0.0001,0.0254058,0.0333354,0.0976953,0.0537095,0.0791388,0.128213,0.190129,0.184509,0.235063,0.183221,0.281761,0.236128,0.259154,0.525747,0.541286,0.565001,0.530032,0.59075,0.876738,0.971013,1.03077,1.16779,1.11322,1.34902,1.39569,1.4089,1.54653,1.80149,1.88064,1.71559,2.02211,1.94091,1.79705,1.81575,2.16429,2.21132,2.09508,2.27043,2.11931,2.43935,2.04343,1.88879,2.26328,1.84931,2.00735,2.27222,1.78571,1.87981,1.76543,1.65874,1.37667,1.35666,1.39884,1.17521,0.837917,1.03773,0.806066,0.706071,0.702555,0.678794,0.724631,0.412328,0.405075,0.553673,0.395408,0.236393,0.290189,0.218089,0.112658,0.0806554,0.15002,0.114325,0.094981,0.0726229,0.0399417,0.059508,0.139887,0.0215013,0.0704664,0.0257023,0.0296482,0.00524214,-0.0001,0.0142197,-0.0001,-0.0001,0.000728002,-0.0001,
-0.0001,-0.0001,0.000116419,-0.0001,-0.0001,-0.0001,-0.0001,0.00969583,0.0512558,0.0382568,0.0139043,0.000570555,0.0112967,0.00107594,0.00931497,0.0879465,0.0232649,0.0980506,0.181392,0.125676,0.158633,0.160251,0.208442,0.216206,0.367305,0.378184,0.456607,0.39001,0.468346,0.739552,0.652131,0.841242,0.996691,1.07395,0.977132,1.06509,1.4625,1.51868,1.30381,1.48338,1.50623,1.88201,1.79387,1.84349,1.9006,2.16431,1.98637,1.91436,2.1447,2.58436,2.30084,2.40721,2.26007,2.124,2.25525,2.27174,2.15658,2.17391,1.53719,1.70074,1.82468,1.67958,1.65814,1.52858,1.3737,1.22185,1.22804,0.885775,0.942155,0.850714,0.798835,0.689948,0.685773,0.381033,0.675935,0.443366,0.311774,0.322145,0.33846,0.272136,0.185984,0.120953,0.128518,0.151679,0.0900157,0.186166,0.0422142,0.00120945,0.000662085,-0.0001,0.0179815,0.030568,-0.0001,0.0105396,-0.0001,0.00338826,-0.0001,-0.0001,-0.0001,-0.0001,
-0.0001,-0.0001,-0.0001,-0.0001,0.00122369,-0.0001,-0.0001,-0.0001,-0.0001,0.00608842,0.00284807,0.0288975,0.114004,0.00184091,0.0194556,0.0438183,0.135529,0.0924682,0.168514,0.137866,0.0956567,0.189014,0.163929,0.22919,0.225314,0.346415,0.397573,0.397936,0.491063,0.5351,0.606506,0.759553,0.796414,0.812417,1.06965,1.07871,1.0876,1.2188,1.40425,1.67027,1.57926,1.52124,1.50781,1.83197,1.95861,2.02694,1.98114,2.27644,2.39052,2.30073,2.32232,2.02898,2.33294,2.48687,2.09513,2.21961,1.76936,1.87982,1.86479,1.9283,2.17033,1.73828,1.75706,1.49419,1.45855,1.60466,1.14988,1.11896,1.12346,1.40428,0.824667,0.735752,0.823062,0.744779,0.800037,0.491698,0.46538,0.35627,0.219442,0.347028,0.158915,0.171513,0.176976,0.109465,0.189767,0.000191324,0.168397,0.187688,0.0562914,-0.0001,-0.0001,0.0424796,-0.0001,0.0205091,-0.0001,0.00886809,-0.0001,-0.0001,-0.0001,-0.0001,
-0.0001,-0.0001,0.000956807,-0.0001,-0.0001,-0.0001,-0.0001,0.00561494,-0.0001,0.00908898,2.08856e-05,-0.0001,0.0307446,0.024198,0.0810129,0.0474745,0.0620628,0.00228898,0.115124,0.0925118,0.154343,0.0835931,0.115217,0.214237,0.213176,0.245652,0.335309,0.369055,0.387638,0.347309,0.533245,0.807139,0.691979,0.925543,0.88006,0.864616,0.801277,1.06277,1.33456,1.36571,1.54823,1.77235,1.59101,1.73005,1.86406,1.99812,2.07231,1.84693,1.96955,1.96951,2.06695,2.37666,2.03985,2.11358,1.85971,2.0082,2.27592,1.92729,1.93664,2.07141,1.74296,1.92825,1.84979,1.59628,1.50569,1.53551,1.18906,1.17929,1.68009,1.19594,0.953054,1.09191,0.536037,0.795801,0.989838,0.426117,0.268335,0.399459,0.158245,0.358833,0.386343,0.409275,0.221439,0.282132,0.038771,0.334211,0.078431,0.0918063,-0.0001,0.0311948,0.0635191,0.0446513,0.01128,0.0533798,-0.0001,0.00189892,-0.0001,-0.0001,-0.0001,-0.0001,
-0.0001,-0.0001,-0.0001,-0.0001,-0.0001,-0.0001,-0.0001,0.00515669,0.00479643,0.00788092,0.0115181,0.00263484,0.0662769,0.0367116,0.0445174,-0.0001,0.0787661,0.0601087,0.00702222,0.0521942,0.11602,0.0878923,0.113415,0.175761,0.220873,0.151242,0.465062,0.343126,0.344428,0.547709,0.569463,0.5808,0.495294,0.733021,0.882316,1.00921,1.05916,1.09024,1.08695,1.18526,1.33188,1.41888,1.53662,1.7203,1.51731,1.58411,1.74882,2.16783,2.03978,1.97297,2.71123,1.9961,2.45327,2.0227,2.2453,2.40142,2.27735,2.16947,2.19395,2.04719,2.06325,2.50399,2.07847,1.75764,1.42996,1.6403,1.41445,1.35838,1.13857,1.12869,1.09367,0.877968,1.04276,0.869217,1.05793,0.848982,0.184409,0.304433,0.466672,0.212155,0.254158,0.254022,0.257861,0.278907,0.211291,0.191379,0.216029,0.17057,-0.0001,0.0675356,0.0157259,0.172487,-0.0001,-0.0001,-0.0001,-0.0001,-0.0001,-0.0001,-0.0001,-0.0001,
-0.0001,-0.0001,-0.0001,0.000122767,-0.0001,0.00198501,-0.0001,0.00609502,0.00508484,0.00612942,0.0108964,-0.0001,0.011292,-0.0001,2.44059e-05,-0.0001,0.0544097,0.0273602,0.055525,0.0803902,0.119808,0.0442129,0.0940492,0.090481,0.194773,0.135855,0.250275,0.238446,0.362279,0.376662,0.438362,0.446257,0.618868,0.476001,0.692104,0.857799,0.918947,0.993198,0.974747,1.09813,1.24277,1.42865,1.49732,1.63187,1.77733,1.61618,1.81751,1.8707,2.14468,2.21875,2.35384,2.3739,2.16568,2.46515,2.1453,2.11791,2.5954,2.64307,2.35432,2.10948,1.95751,2.46619,2.05348,2.10779,1.49947,1.73992,1.63428,1.35403,1.21684,1.55195,1.04975,0.826736,0.628024,0.847082,0.9042,0.787431,0.451478,0.398561,0.686867,0.336102,0.455223,0.252548,0.183038,0.143032,0.117396,0.0361355,0.0374072,-0.0001,0.143886,-0.0001,0.0531193,0.0274014,-0.0001,-0.0001,-0.0001,-0.0001,-0.0001,-0.0001,-0.0001,-0.0001,
-0.0001,-0.0001,-0.0001,-0.0001,0.00013924,0.00378765,-0.0001,-0.0001,-0.0001,0.00148955,0.00447486,-0.0001,0.0126913,0.0296498,0.0226449,-0.0001,0.0411098,0.0383461,0.0549374,0.0458516,0.0565409,0.0599136,0.111325,0.0778399,0.115281,0.239911,0.140493,0.207557,0.264228,0.279843,0.29331,0.463682,0.481663,0.539575,0.755804,0.80715,0.763656,0.916626,1.03508,0.979955,1.40522,1.3776,1.34842,1.30144,1.62462,1.40642,2.03011,1.60581,1.98885,1.8727,2.25443,2.11211,2.17399,2.1975,2.31627,2.29301,2.32021,2.1494,2.19041,1.85072,1.51792,2.27977,1.5964,2.14098,1.69681,1.71693,2.04223,1.64377,1.65625,0.883708,1.49547,0.707632,0.725287,1.0439,1.14014,1.02728,0.718015,0.575813,0.286407,0.445571,0.69231,0.23479,0.265745,0.198236,0.257042,0.146962,0.150325,0.159371,-0.0001,-0.0001,0.00566039,0.0665384,0.0384428,-0.0001,-0.0001,-0.0001,-0.0001,-0.0001,-0.0001,-0.0001,
-0.0001,-0.0001,0.00109185,0.00184046,-0.0001,-0.0001,-0.0001,0.00449462,-0.0001,-0.0001,-0.0001,-0.0001,-0.0001,0.00137667,0.0216679,0.00354382,0.00794838,0.0111033,0.0502313,0.0578179,0.0808359,0.0535857,0.071265,0.0665313,0.146732,0.178248,0.161744,0.187965,0.271733,0.253269,0.303463,0.361811,0.412396,0.396431,0.62825,0.695157,0.82463,0.934637,0.818902,0.978161,0.898918,1.11892,1.06484,1.52732,1.07411,1.66609,1.69966,1.44805,1.94371,1.81366,1.94429,1.85805,2.10847,1.88709,2.05796,1.98412,2.67569,1.68741,1.9638,2.25877,1.5294,1.78693,2.41274,2.0065,2.21113,1.89114,1.39471,1.05072,1.76198,1.57601,1.51088,1.18377,1.25644,0.674247,1.02047,0.914268,0.552741,0.693981,0.282885,0.505853,0.452092,0.750399,0.259528,0.157319,0.820187,0.267949,-0.0001,0.352197,-0.0001,0.241107,0.212089,-0.0001,-0.0001,-0.0001,-0.0001,-0.0001,-0.0001,-0.0001,-0.0001,-0.0001,
-0.0001,-0.0001,-0.0001,-0.0001,-0.0001,-0.0001,-0.0001,0.00312189,-0.0001,-0.0001,0.000734491,-0.0001,0.0180589,0.0109154,0.0173497,0.0115963,-0.0001,0.027672,0.0100977,0.0301248,0.0629708,0.0658905,0.0639988,0.0744859,0.0515839,0.0760446,0.179464,0.248365,0.259915,0.283733,0.226704,0.279477,0.341333,0.392019,0.515625,0.529937,0.873354,0.825253,0.686478,0.888424,0.751585,0.975126,1.40051,1.34537,1.40917,1.47442,1.37799,1.54087,1.65817,1.6503,1.79482,2.25883,1.83342,1.90768,1.72255,2.19391,1.84905,2.55295,1.86847,1.8466,2.42677,2.13451,2.00159,2.0596,1.81262,1.99618,1.58939,2.25116,2.29324,2.33814,2.02548,1.48417,1.62815,1.27248,1.55171,0.751998,1.42492,1.09626,0.37929,0.514672,0.308578,0.281261,1.24605,-0.0001,0.230049,0.317917,-0.0001,0.0181069,0.00853254,0.371003,-0.0001,-0.0001,-0.0001,0.00209137,-0.0001,-0.0001,-0.0001,-0.0001,0.000310319,-0.0001,
-0.0001,-0.0001,-0.0001,-0.0001,-0.0001,0.00165732,-0.0001,-0.0001,0.000108322,-0.0001,0.00478708,-0.0001,-0.0001,0.00661661,-0.0001,0.0118074,0.0222851,0.0457588,0.0426428,0.0290149,0.0293351,0.0315356,0.0624963,0.0897117,0.0766491,0.120758,0.145238,0.164897,0.167104,0.257357,0.234199,0.215005,0.260771,0.37928,0.442388,0.556116,0.640674,0.878041,0.723723,0.946814,0.941351,0.849089,1.11436,1.15783,1.40371,1.15709,1.35382,1.58497,1.45087,1.71812,1.91955,1.92111,2.1688,2.14102,2.0542,1.70803,2.2718,2.27139,2.08601,2.39237,1.96519,2.29192,2.12403,2.64082,1.98237,2.31916,2.67594,1.79193,1.56469,1.20424,2.02701,1.56787,1.74519,1.34342,0.88657,0.85779,0.661693,0.624266,1.15727,0.326282,1.14688,1.90305,0.530176,0.239844,0.0533578,0.28778,0.29783,0.31474,-0.0001,-0.0001,0.209853,-0.0001,0.125993,-0.0001,-0.0001,-0.0001,-0.0001,-0.0001,-0.0001,-0.0001,
-0.0001,-0.0001,-0.0001,-0.0001,-0.0001,-0.0001,-0.0001,-0.0001,-0.0001,-0.0001,-0.0001,0.00480512,0.00524145,0.00163153,0.0100972,-0.0001,0.00522393,0.00148546,0.0301958,0.0416587,0.0237752,0.0489344,0.0747118,0.0309798,0.0350678,0.128575,0.119734,0.119538,0.140778,0.11114,0.139295,0.250756,0.407285,0.289367,0.169411,0.549472,0.390396,0.546151,0.659235,0.756814,0.760298,0.859564,0.89548,0.870491,1.21657,1.06831,1.08788,1.2416,1.58471,1.88488,1.79228,1.88308,1.75096,2.1979,2.17737,2.50734,2.18259,2.30199,1.9087,2.41211,2.69164,1.43232,1.57588,2.15334,2.22761,2.52399,2.1784,1.47353,1.86076,0.904264,0.532759,1.06043,1.40188,0.92584,1.95338,0.824205,1.32838,0.795008,1.13257,0.167389,0.451054,0.543545,0.247889,0.153644,0.32291,0.296819,0.155952,-0.0001,-0.0001,-0.0001,-0.0001,-0.0001,-0.0001,-0.0001,-0.0001,-0.0001,-0.0001,-0.0001,-0.0001,-0.0001,
-0.0001,-0.0001,-0.0001,-0.0001,-0.0001,-0.0001,-0.0001,-0.0001,0.00238615,-0.0001,-0.0001,-0.0001,0.00354355,0.00475289,0.000306589,0.00440617,0.000125174,0.00536531,-0.0001,-0.0001,0.019704,0.03851,0.0234866,0.0282012,0.0344746,0.0896995,0.114532,0.0883824,0.117535,0.0781505,0.192023,0.163727,0.20069,0.308629,0.272983,0.303576,0.50036,0.444858,0.466149,0.679126,0.779352,0.687125,0.70026,1.06159,0.79776,0.880318,1.47745,1.71997,1.33363,1.46462,1.62102,1.80328,1.89717,1.80056,2.487,1.476,2.43084,1.54873,1.55771,1.41688,1.93225,2.49749,1.30496,2.3733,2.70279,2.27382,1.55781,1.84927,1.69508,1.6251,1.04638,1.16753,1.34721,1.36246,1.87616,0.882189,0.935978,0.795932,0.922108,0.795888,0.039597,1.44947,0.101025,0.671734,-0.0001,0.600855,0.852026,0.105348,1.11269,-0.0001,0.024306,-0.0001,-0.0001,-0.0001,-0.0001,0.0624851,-0.0001,-0.0001,-0.0001,-0.0001,
-0.0001,-0.0001,-0.0001,-0.0001,-0.0001,-0.0001,-0.0001,-0.0001,-0.0001,-0.0001,-0.0001,-0.0001,0.00180282,-0.0001,-0.0001,0.000807981,-0.0001,-0.0001,0.000958762,0.0013966,0.010172,0.039608,0.0287807,0.0305315,0.0467721,0.0540827,0.049122,0.0584077,0.0964005,0.170151,0.109602,0.208566,0.194191,0.242885,0.294645,0.224228,0.343479,0.376643,0.312013,0.636201,0.574281,0.837459,0.765302,0.892345,0.884061,0.886354,1.25238,1.06802,1.53785,1.1932,1.54974,1.46021,1.73074,1.73462,1.88084,1.77442,1.46871,2.1893,1.48069,1.95365,2.49877,1.85362,3.31531,2.7858,1.02901,2.46055,2.29497,2.26394,1.25881,0.740411,1.872,2.35487,0.791975,0.639377,0.715564,2.04159,1.51717,1.05845,0.274435,1.19407,0.390887,0.381075,0.000466475,-0.0001,0.163753,0.129962,-0.0001,-0.0001,-0.0001,0.263912,-0.0001,-0.0001,-0.0001,-0.0001,-0.0001,-0.0001,-0.0001,-0.0001,-0.0001,-0.0001,
-0.0001,-0.0001,-0.0001,-0.0001,-0.0001,-0.0001,-0.0001,-0.0001,-0.0001,-0.0001,-0.0001,-0.0001,-0.0001,-0.0001,0.00738621,0.000908918,0.00311309,0.0103324,0.0034131,0.0230552,0.0228979,0.00703637,0.0229427,0.031958,0.0132589,0.0307299,0.0554506,0.0506074,0.106937,0.0849644,0.0964119,0.17125,0.21877,0.169728,0.257617,0.304962,0.215793,0.214606,0.391909,0.477003,0.702133,0.542386,0.756009,0.968014,0.555834,0.905756,0.673529,1.13701,1.11356,1.29728,1.35723,1.53829,1.56061,1.39025,1.24702,1.92063,2.49206,1.58685,2.51285,0.831175,2.11674,2.7781,2.4771,1.94591,2.45925,2.38554,2.02932,2.3076,2.32355,1.88386,0.952944,1.28904,1.4078,1.436,1.17569,0.678727,0.266667,1.10032,1.39401,1.84361,0.893744,-0.0001,0.269658,-0.0001,-0.0001,-0.0001,-0.0001,-0.0001,-0.0001,-0.0001,0.582086,-0.0001,-0.0001,-0.0001,-0.0001,-0.0001,-0.0001,-0.0001,-0.0001,-0.0001,
-0.0001,-0.0001,-0.0001,-0.0001,-0.0001,-0.0001,0.000200253,-0.0001,-0.0001,-0.0001,0.00180162,-0.0001,1.52052e-05,-0.0001,0.00346686,0.000995282,0.000380246,0.00151933,-0.0001,0.00281873,0.00118354,0.0119464,0.0220875,0.0375016,0.0395486,0.0264387,0.0362068,0.0445582,0.0387562,0.0982982,0.100405,0.0955005,0.101616,0.160941,0.132138,0.1743,0.311538,0.348361,0.413422,0.339231,0.500684,0.54043,0.311723,0.606673,0.976591,0.900059,1.32104,0.887113,1.29237,1.19998,1.25865,1.25023,1.10421,1.73459,2.02774,1.40615,1.43925,2.2605,1.75581,1.90391,3.26964,1.56095,2.06239,2.00223,3.16924,1.26822,1.24597,1.81906,1.29796,2.72188,1.56441,2.22114,2.83376,1.45165,0.841229,2.83113,0.94637,0.0643201,0.573259,1.14049,0.956643,0.485467,0.0115336,0.000244568,-0.0001,-0.0001,-0.0001,-0.0001,-0.0001,-0.0001,-0.0001,-0.0001,-0.0001,-0.0001,-0.0001,-0.0001,-0.0001,-0.0001,-0.0001,-0.0001,
-0.0001,-0.0001,-0.0001,-0.0001,-0.0001,-0.0001,-0.0001,-0.0001,-0.0001,-0.0001,-0.0001,-0.0001,0.00055394,-0.0001,0.00214616,-0.0001,0.00526106,0.00597879,0.00267454,0.000686501,0.0269205,0.00424765,0.0105932,0.00869955,0.029524,0.0191482,0.0416119,0.0857688,0.0702739,0.0572456,0.0526351,0.0487881,0.149541,0.160345,0.212005,0.250034,0.230113,0.195309,0.374734,0.505901,0.390879,0.614135,0.589466,0.633689,0.749937,0.822381,0.978805,0.840832,0.781582,0.48326,1.31986,1.13317,1.77039,1.51614,1.51651,1.99184,2.12374,1.76536,2.26371,1.8756,2.01464,1.05221,1.91587,2.31748,3.56191,1.74389,1.06457,1.41795,1.67322,3.18575,1.69568,1.45609,1.06769,2.96255,1.02303,5.31086,1.38965,2.81658,0.637286,-0.0001,0.582087,-0.0001,-0.0001,-0.0001,0.212696,-0.0001,0.205498,-0.0001,-0.0001,-0.0001,-0.0001,-0.0001,-0.0001,-0.0001,-0.0001,-0.0001,-0.0001,-0.0001,-0.0001,-0.0001,
-0.0001,-0.0001,-0.0001,-0.0001,-0.0001,-0.0001,-0.0001,-0.0001,-0.0001,7.28944e-05,-0.0001,-0.0001,-0.0001,-0.0001,-0.0001,0.000502158,-0.0001,-0.0001,0.00801608,0.0060935,0.0282277,0.00302653,0.00880594,0.00396625,0.00448562,0.00400611,0.0219836,0.0480274,0.0338426,0.0574035,0.108823,0.131916,0.475875,0.0740154,0.142831,0.10559,0.189614,0.329186,0.391048,0.225201,0.242065,0.367516,0.356139,0.548923,0.678151,0.74545,0.681389,1.13566,0.945993,1.07395,0.890231,1.51373,1.41537,1.55572,2.15298,1.03583,1.42993,1.46862,1.9184,1.73763,1.55675,2.05815,1.2805,1.11614,1.06246,2.1882,2.28543,1.67481,1.88324,2.25215,1.97932,1.25282,1.46123,1.29096,4.91722,1.72579,0.726489,0.243277,0.000868123,0.438513,0.0158946,-0.0001,-0.0001,-0.0001,1.03654,0.808519,-0.0001,-0.0001,-0.0001,-0.0001,-0.0001,-0.0001,-0.0001,-0.0001,-0.0001,-0.0001,-0.0001,-0.0001,-0.0001,-0.0001,
-0.0001,-0.0001,-0.0001,-0.0001,-0.0001,-0.0001,-0.0001,-0.0001,-0.0001,-0.0001,-0.0001,-0.0001,0.00214425,-0.0001,-0.0001,-0.0001,-0.0001,-0.0001,-0.0001,-0.0001,0.00272918,0.00214599,0.0502191,-0.0001,0.0307199,0.00519291,0.0256413,0.014199,0.0385144,0.0318204,0.0261235,0.0668347,0.122202,0.187335,0.112905,0.0786732,0.245277,0.0850615,0.267573,0.220211,0.202235,0.308897,0.545005,0.544181,0.344015,0.631186,0.490319,0.780385,0.804912,0.87453,0.55875,1.14202,1.48732,1.13273,1.23093,1.38839,2.10039,2.65209,1.60326,2.32496,1.51219,2.03638,2.14156,2.36596,3.00099,1.2014,2.08611,2.45722,1.48659,3.21035,2.3915,1.11953,1.28559,0.89056,-0.0001,1.06906,0.503377,1.89418,-0.0001,-0.0001,0.000374825,-0.0001,-0.0001,-0.0001,-0.0001,0.254248,-0.0001,-0.0001,-0.0001,-0.0001,-0.0001,-0.0001,-0.0001,-0.0001,-0.0001,-0.0001,-0.0001,-0.0001,-0.0001,-0.0001,
-0.0001,-0.0001,-0.0001,-0.0001,-0.0001,-0.0001,-0.0001,-0.0001,-0.0001,-0.0001,-0.0001,-0.0001,-0.0001,-0.0001,-0.0001,0.000373838,-0.0001,-0.0001,-0.0001,0.00608012,0.00687048,0.0104427,0.00532999,0.00353685,0.000613439,0.00809748,0.0398045,0.0450305,0.023213,0.0207212,0.0182411,0.029609,0.150682,0.105196,0.157685,0.112069,0.113357,0.144464,0.187624,0.273468,0.306097,0.407296,0.408561,0.367412,0.80832,0.304595,0.643165,0.447058,0.626833,0.974197,0.946303,0.729874,0.963039,1.83348,1.32437,1.70306,1.34601,1.89826,1.73851,3.15974,1.77907,1.67562,1.24301,1.5048,1.48814,2.00022,2.00175,1.54414,2.80206,0.551901,2.16136,1.01009,2.101,4.68239,1.29418,0.270879,1.20489,-0.0001,0.477448,-0.0001,-0.0001,0.418176,1.57837,-0.0001,0.163492,-0.0001,0.566877,-0.0001,-0.0001,-0.0001,-0.0001,-0.0001,-0.0001,-0.0001,-0.0001,-0.0001,-0.0001,-0.0001,-0.0001,-0.0001,
-0.0001,-0.0001,-0.0001,-0.0001,-0.0001,-0.0001,-0.0001,-0.0001,-0.0001,-0.0001,-0.0001,-0.0001,-0.0001,-0.0001,3.19249e-05,-0.0001,5.1116e-09,-0.0001,-0.0001,-0.0001,0.00533257,0.00642699,0.000726981,0.000874166,0.0160543,0.0206722,0.0232124,0.00752172,0.0209614,0.0218336,0.0227521,0.085635,0.0551345,0.108912,0.115782,0.0767061,0.0779623,0.106796,0.214227,0.112126,0.196618,0.47059,0.36158,0.335957,0.679617,0.469854,0.474842,0.649173,0.530684,0.769428,0.885695,0.588416,2.96118,0.493319,1.328,1.27128,1.72685,1.53315,1.4379,1.42096,2.42523,0.929126,1.47411,3.7549,1.60974,2.30701,1.88622,4.17513,0.00325671,4.93091,2.49778,0.404114,1.45924,2.10411,1.9365,1.66378,1.4121,2.75444,0.386267,-0.0001,-0.0001,-0.0001,1.51693,0.346395,-0.0001,-0.0001,-0.0001,1.10654,-0.0001,0.00331543,-0.0001,-0.0001,-0.0001,-0.0001,-0.0001,0.207191,-0.0001,-0.0001,-0.0001,-0.0001,
-0.0001,-0.0001,-0.0001,-0.0001,-0.0001,-0.0001,-0.0001,-0.0001,-0.0001,-0.0001,-0.0001,-0.0001,-0.0001,0.000305944,-0.0001,-0.0001,-0.0001,-0.0001,-0.0001,-0.0001,0.0049649,0.000634331,7.0536e-05,-0.0001,-0.0001,0.00229441,-0.0001,0.00323351,0.017859,0.0627772,0.0416396,5.68986e-05,0.108026,0.062145,0.109285,0.0575568,0.131161,0.190802,0.0057717,0.110344,0.124131,0.192162,0.472874,0.112708,0.546756,0.518194,0.260773,0.490662,1.0905,0.236991,1.62203,1.17304,1.76498,0.555826,1.40792,0.929507,0.641471,2.03624,0.55557,1.00343,2.1459,3.74354,0.796616,1.39431,1.94612,2.74692,1.32711,1.19507,3.8778,1.57433,3.39814,0.429654,1.76421,-0.0001,-0.0001,2.2417,0.82264,3.74913,-0.0001,-0.0001,-0.0001,0.502087,-0.0001,-0.0001,0.797091,-0.0001,-0.0001,-0.0001,-0.0001,-0.0001,-0.0001,-0.0001,-0.0001,-0.0001,-0.0001,-0.0001,-0.0001,-0.0001,-0.0001,-0.0001,
-0.0001,-0.0001,-0.0001,-0.0001,-0.0001,-0.0001,-0.0001,-0.0001,-0.0001,-0.0001,-0.0001,-0.0001,-0.0001,-0.0001,-0.0001,-0.0001,-0.0001,-0.0001,-0.0001,0.00241363,0.0020524,0.00696329,-0.0001,-0.0001,-0.0001,-0.0001,-0.0001,0.00898511,0.0281959,0.00228406,0.0105465,-0.0001,0.045278,0.00792316,0.0541589,0.0225857,0.074972,0.0700242,0.177076,0.0924675,0.174843,0.269552,0.132818,0.402618,0.3718,0.194845,0.0231922,0.627659,1.04967,0.574297,0.0809969,0.494238,1.70531,0.861913,0.927727,1.68381,1.01136,1.18287,1.18425,1.64271,0.489825,1.00433,2.80687,0.304549,2.11679,1.34946,2.43239,0.0393345,5.11037,2.31903,2.7363,-0.0001,2.26929,3.51833,0.17428,2.5417,-0.0001,0.662999,-0.0001,-0.0001,-0.0001,-0.0001,-0.0001,-0.0001,-0.0001,1.63276,-0.0001,-0.0001,-0.0001,-0.0001,-0.0001,-0.0001,-0.0001,-0.0001,-0.0001,0.918349,-0.0001,-0.0001,-0.0001,-0.0001,
-0.0001,-0.0001,-0.0001,-0.0001,-0.0001,-0.0001,-0.0001,-0.0001,-0.0001,-0.0001,-0.0001,-0.0001,-0.0001,-0.0001,-0.0001,-0.0001,-0.0001,-0.0001,-0.0001,-0.0001,-0.0001,-0.0001,-0.0001,-0.0001,0.0116711,0.0053866,-0.0001,0.014254,-0.0001,0.0240444,-0.0001,-0.0001,0.00493871,-0.0001,0.0324338,0.0115837,0.0163871,0.196767,0.181204,0.348234,0.0490447,0.292975,0.301029,0.0730059,0.376423,0.116621,0.320026,0.378224,0.54159,0.544307,0.719554,0.393574,0.458728,0.333022,0.0151605,0.781492,2.79425,4.10625,1.4709,0.354258,-0.0001,5.27356,1.94674,-0.0001,0.0106617,0.320245,6.16321,0.0237994,1.49927,-0.0001,-0.0001,2.64161,-0.0001,-0.0001,0.0948944,-0.0001,-0.0001,6.79542,-0.0001,-0.0001,-0.0001,-0.0001,-0.0001,-0.0001,-0.0001,-0.0001,-0.0001,-0.0001,-0.0001,-0.0001,-0.0001,-0.0001,-0.0001,-0.0001,-0.0001,-0.0001,-0.0001,-0.0001,-0.0001,-0.0001,
-0.0001,-0.0001,-0.0001,-0.0001,-0.0001,-0.0001,-0.0001,-0.0001,-0.0001,-0.0001,-0.0001,-0.0001,-0.0001,-0.0001,-0.0001,-0.0001,-0.0001,-0.0001,-0.0001,-0.0001,-0.0001,-0.0001,-0.0001,0.00338859,-0.0001,0.00290245,-0.0001,0.000624111,-0.0001,0.00582586,0.0130209,-0.0001,0.0286858,0.0184635,-0.0001,9.14372e-06,0.042411,0.125639,0.0547116,0.0534227,0.0607433,0.0907607,0.107385,0.305377,0.368122,0.0514946,0.453284,0.11582,0.45744,0.568421,0.485035,0.938795,1.31905,0.788215,0.837067,0.448604,0.159347,2.18957,0.191121,1.09794,0.314821,-0.0001,0.647372,0.00213633,1.91361,-0.0001,1.23743,-0.0001,-0.0001,1.00109,1.72632,-0.0001,-0.0001,3.28791,4.59318,-0.0001,-0.0001,-0.0001,1.69941,-0.0001,-0.0001,-0.0001,-0.0001,-0.0001,-0.0001,0.00622155,-0.0001,-0.0001,-0.0001,-0.0001,-0.0001,-0.0001,-0.0001,-0.0001,-0.0001,-0.0001,-0.0001,-0.0001,-0.0001,-0.0001,
-0.0001,-0.0001,-0.0001,-0.0001,-0.0001,-0.0001,-0.0001,-0.0001,-0.0001,-0.0001,-0.0001,-0.0001,-0.0001,-0.0001,-0.0001,-0.0001,-0.0001,-0.0001,1.13499e-05,-0.0001,-0.0001,0.00347451,-0.0001,-0.0001,0.00310054,0.00176487,-0.0001,-0.0001,-0.0001,0.0122181,0.00041468,-0.0001,-0.0001,0.0159824,0.00830596,0.0460869,0.0164568,0.00675093,0.0283436,0.10804,0.0227925,-0.0001,-0.0001,0.109463,0.0853069,0.190607,0.132046,0.263868,0.264422,-0.0001,0.372104,0.223294,0.173921,0.599759,0.643171,0.414413,0.990974,2.83309,0.84623,1.37984,-0.0001,0.313192,1.19566,2.24154,0.565948,1.00931,4.27787,0.95174,-0.0001,2.24067,0.43692,1.4178,0.122355,3.96404,-0.0001,2.72941,-0.0001,0.219859,-0.0001,4.14223,-0.0001,-0.0001,-0.0001,-0.0001,-0.0001,-0.0001,-0.0001,-0.0001,-0.0001,-0.0001,-0.0001,-0.0001,-0.0001,-0.0001,-0.0001,-0.0001,-0.0001,-0.0001,-0.0001,-0.0001,
-0.0001,-0.0001,-0.0001,-0.0001,-0.0001,-0.0001,-0.0001,-0.0001,-0.0001,-0.0001,-0.0001,-0.0001,-0.0001,-0.0001,-0.0001,-0.0001,-0.0001,-0.0001,-0.0001,-0.0001,-0.0001,-0.0001,0.000411592,-0.0001,0.000501074,-0.0001,0.000450281,0.000909318,0.00972287,-0.0001,0.00109664,0.00846222,0.0218125,0.0334069,0.0151369,0.0170593,0.00468989,0.0117533,0.0417448,0.20712,0.0167365,0.0925369,0.146915,0.16784,0.0798418,0.194267,0.1769,0.339654,0.143833,0.61137,0.399567,0.414543,0.336593,0.413732,0.651527,0.709033,0.825588,0.483033,0.885553,0.698755,0.901692,2.28703,-0.0001,3.40726,0.256401,0.794432,2.08917,1.77877,2.04428,1.90877,6.79407,0.830013,1.77619,-0.0001,-0.0001,-0.0001,-0.0001,-0.0001,-0.0001,-0.0001,-0.0001,-0.0001,-0.0001,-0.0001,-0.0001,-0.0001,-0.0001,-0.0001,-0.0001,-0.0001,-0.0001,-0.0001,-0.0001,-0.0001,-0.0001,-0.0001,-0.0001,-0.0001,-0.0001,-0.0001,
-0.0001,-0.0001,-0.0001,-0.0001,-0.0001,-0.0001,-0.0001,-0.0001,-0.0001,-0.0001,-0.0001,-0.0001,-0.0001,-0.0001,-0.0001,-0.0001,-0.0001,-0.0001,-0.0001,-0.0001,-0.0001,0.000252833,-0.0001,3.1873e-05,-0.0001,-0.0001,-0.0001,-0.0001,-0.0001,0.00743822,-0.0001,-0.0001,0.0010579,-0.0001,-0.0001,0.00831003,0.0252196,-0.0001,0.108146,0.0160618,0.276712,0.0131788,0.0857076,-0.0001,0.172201,0.209983,0.024429,0.147324,0.137645,-0.0001,0.365303,0.163653,0.123101,-0.0001,0.0236287,0.333008,0.501913,0.659235,0.0148335,0.535313,0.0396955,0.410939,0.330164,0.173623,0.393808,1.51289,2.32973,-0.0001,-0.0001,0.628599,-0.0001,-0.0001,1.02674,-0.0001,-0.0001,2.42118,-0.0001,-0.0001,-0.0001,-0.0001,-0.0001,-0.0001,-0.0001,-0.0001,-0.0001,-0.0001,-0.0001,-0.0001,-0.0001,-0.0001,-0.0001,-0.0001,-0.0001,-0.0001,-0.0001,-0.0001,-0.0001,-0.0001,-0.0001,-0.0001,
-0.0001,-0.0001,-0.0001,-0.0001,-0.0001,-0.0001,-0.0001,-0.0001,-0.0001,-0.0001,-0.0001,-0.0001,-0.0001,-0.0001,-0.0001,-0.0001,0.000110075,-0.0001,-0.0001,-0.0001,-0.0001,-0.0001,-0.0001,-0.0001,-0.0001,-0.0001,-0.0001,-0.0001,0.00314808,0.00072614,-0.0001,-0.0001,-0.0001,-0.0001,0.0510299,-0.0001,0.00618616,-0.0001,0.0278761,-0.0001,0.0105486,0.00349296,-0.0001,0.102092,0.0705145,0.000108859,0.111629,0.119604,-0.0001,-0.0001,0.0162701,0.255888,0.475273,-0.0001,0.3385,0.69217,0.703759,0.900015,-0.0001,-0.0001,0.714477,0.133082,-0.0001,3.77311,-0.0001,-0.0001,0.540282,0.961487,1.3166,3.31184,-0.0001,-0.0001,-0.0001,-0.0001,0.0520361,-0.0001,-0.0001,-0.0001,-0.0001,-0.0001,-0.0001,-0.0001,-0.0001,-0.0001,-0.0001,-0.0001,-0.0001,-0.0001,-0.0001,-0.0001,-0.0001,-0.0001,-0.0001,-0.0001,-0.0001,-0.0001,-0.0001,-0.0001,-0.0001,-0.0001,
-0.0001,-0.0001,-0.0001,-0.0001,-0.0001,-0.0001,-0.0001,-0.0001,-0.0001,-0.0001,-0.0001,-0.0001,-0.0001,-0.0001,-0.0001,-0.0001,-0.0001,-0.0001,-0.0001,-0.0001,-0.0001,-0.0001,-0.0001,-0.0001,-0.0001,-0.0001,-0.0001,-0.0001,-0.0001,-0.0001,-0.0001,-0.0001,-0.0001,-0.0001,-0.0001,-0.0001,-0.0001,0.0518736,0.000142589,-0.0001,-0.0001,-0.0001,4.96365e-06,0.131596,0.0875307,-0.0001,0.575703,-0.0001,-0.0001,-0.0001,-0.0001,0.0301499,0.264038,0.00670135,-0.0001,0.0638301,-0.0001,-0.0001,-0.0001,-0.0001,-0.0001,-0.0001,-0.0001,-0.0001,2.40596,-0.0001,-0.0001,-0.0001,-0.0001,-0.0001,-0.0001,-0.0001,-0.0001,-0.0001,-0.0001,-0.0001,-0.0001,-0.0001,-0.0001,-0.0001,-0.0001,-0.0001,-0.0001,-0.0001,-0.0001,-0.0001,-0.0001,-0.0001,-0.0001,-0.0001,-0.0001,-0.0001,-0.0001,-0.0001,-0.0001,-0.0001,-0.0001,-0.0001,-0.0001,-0.0001,
-0.0001,-0.0001,-0.0001,-0.0001,-0.0001,-0.0001,-0.0001,-0.0001,-0.0001,-0.0001,-0.0001,-0.0001,-0.0001,-0.0001,1.27047e-05,-0.0001,-0.0001,0.000138756,-0.0001,-0.0001,-0.0001,-0.0001,-0.0001,-0.0001,-0.0001,-0.0001,-0.0001,-0.0001,0.000484969,-0.0001,-0.0001,-0.0001,-0.0001,0.00104272,-0.0001,0.0257051,-0.0001,-0.0001,0.0846524,1.69546e-06,0.0481343,-0.0001,-0.0001,0.0895974,-0.0001,-0.0001,-0.0001,-0.0001,0.148547,0.0214583,0.0171214,0.374904,1.32272,0.139496,0.217567,4.439e-05,0.598904,0.49583,0.4987,0.0138943,1.24092,0.0162437,0.929065,-0.0001,0.243331,-0.0001,1.79966,0.401177,0.829428,0.192399,-0.0001,-0.0001,-0.0001,-0.0001,-0.0001,-0.0001,-0.0001,1.25003,-0.0001,-0.0001,-0.0001,-0.0001,-0.0001,-0.0001,-0.0001,1.14423,-0.0001,3.61446,-0.0001,-0.0001,-0.0001,-0.0001,-0.0001,-0.0001,-0.0001,-0.0001,-0.0001,-0.0001,-0.0001,-0.0001,
-0.0001,-0.0001,-0.0001,-0.0001,-0.0001,-0.0001,-0.0001,-0.0001,-0.0001,-0.0001,-0.0001,-0.0001,-0.0001,-0.0001,-0.0001,-0.0001,-0.0001,-0.0001,-0.0001,-0.0001,-0.0001,-0.0001,-0.0001,-0.0001,-0.0001,-0.0001,-0.0001,-0.0001,-0.0001,-0.0001,-0.0001,-0.0001,-0.0001,-0.0001,-0.0001,-0.0001,-0.0001,-0.0001,-0.0001,-0.0001,-0.0001,-0.0001,-0.0001,-0.0001,-0.0001,-0.0001,-0.0001,-0.0001,-0.0001,-0.0001,-0.0001,-0.0001,-0.0001,-0.0001,-0.0001,-0.0001,-0.0001,-0.0001,-0.0001,-0.0001,-0.0001,-0.0001,-0.0001,-0.0001,-0.0001,-0.0001,-0.0001,-0.0001,-0.0001,-0.0001,-0.0001,-0.0001,-0.0001,-0.0001,-0.0001,-0.0001,-0.0001,-0.0001,-0.0001,-0.0001,-0.0001,-0.0001,-0.0001,-0.0001,-0.0001,-0.0001,-0.0001,-0.0001,-0.0001,-0.0001,-0.0001,-0.0001,-0.0001,-0.0001,-0.0001,-0.0001,-0.0001,-0.0001,-0.0001,-0.0001,
-0.0001,-0.0001,-0.0001,-0.0001,-0.0001,-0.0001,-0.0001,-0.0001,-0.0001,-0.0001,-0.0001,-0.0001,-0.0001,-0.0001,-0.0001,-0.0001,-0.0001,-0.0001,-0.0001,-0.0001,-0.0001,-0.0001,-0.0001,-0.0001,-0.0001,-0.0001,-0.0001,-0.0001,-0.0001,-0.0001,-0.0001,-0.0001,-0.0001,-0.0001,0.00956995,-0.0001,0.00167561,-0.0001,-0.0001,-0.0001,-0.0001,-0.0001,-0.0001,-0.0001,-0.0001,-0.0001,-0.0001,-0.0001,-0.0001,-0.0001,0.326171,-0.0001,-0.0001,-0.0001,0.126651,-0.0001,-0.0001,-0.0001,-0.0001,-0.0001,0.630005,-0.0001,-0.0001,-0.0001,-0.0001,-0.0001,-0.0001,-0.0001,-0.0001,-0.0001,-0.0001,-0.0001,-0.0001,-0.0001,-0.0001,-0.0001,-0.0001,-0.0001,-0.0001,-0.0001,-0.0001,-0.0001,-0.0001,-0.0001,-0.0001,-0.0001,-0.0001,-0.0001,-0.0001,-0.0001,-0.0001,-0.0001,-0.0001,-0.0001,-0.0001,-0.0001,-0.0001,-0.0001,-0.0001,-0.0001,
-0.0001,-0.0001,-0.0001,-0.0001,-0.0001,-0.0001,-0.0001,-0.0001,-0.0001,-0.0001,-0.0001,-0.0001,1.18335e-06,-0.0001,-0.0001,-0.0001,-0.0001,-0.0001,-0.0001,-0.0001,-0.0001,-0.0001,-0.0001,-0.0001,-0.0001,-0.0001,-0.0001,-0.0001,-0.0001,-0.0001,-0.0001,-0.0001,-0.0001,-0.0001,-0.0001,-0.0001,-0.0001,-0.0001,-0.0001,0.0312835,-0.0001,-0.0001,-0.0001,-0.0001,-0.0001,3.75462e-05,-0.0001,-0.0001,-0.0001,-0.0001,0.194278,-0.0001,0.264075,-0.0001,0.143167,0.275712,0.241469,0.327555,-0.0001,-0.0001,2.40947e-06,-0.0001,0.336982,-0.0001,-0.0001,1.14403,0.18378,-0.0001,-0.0001,-0.0001,-0.0001,-0.0001,-0.0001,-0.0001,0.0196204,-0.0001,-0.0001,-0.0001,-0.0001,-0.0001,-0.0001,-0.0001,-0.0001,-0.0001,-0.0001,-0.0001,-0.0001,-0.0001,-0.0001,-0.0001,-0.0001,-0.0001,-0.0001,-0.0001,-0.0001,-0.0001,-0.0001,-0.0001,-0.0001,-0.0001,
-0.0001,-0.0001,-0.0001,-0.0001,-0.0001,-0.0001,-0.0001,-0.0001,-0.0001,-0.0001,-0.0001,-0.0001,-0.0001,-0.0001,-0.0001,-0.0001,-0.0001,-0.0001,-0.0001,-0.0001,-0.0001,-0.0001,-0.0001,-0.0001,-0.0001,-0.0001,-0.0001,-0.0001,-0.0001,0.000174788,-0.0001,0.00223621,-0.0001,0.000118591,0.00250753,-0.0001,-0.0001,-0.0001,-0.0001,-0.0001,0.012467,-0.0001,-0.0001,0.0126306,-0.0001,-0.0001,-0.0001,-0.0001,-0.0001,2.17407e-07,-0.0001,-0.0001,-0.0001,-0.0001,-0.0001,0.0136324,-0.0001,-0.0001,-0.0001,-0.0001,-0.0001,-0.0001,-0.0001,-0.0001,-0.0001,-0.0001,-0.0001,-0.0001,-0.0001,-0.0001,-0.0001,-0.0001,-0.0001,-0.0001,-0.0001,-0.0001,-0.0001,-0.0001,-0.0001,-0.0001,-0.0001,-0.0001,-0.0001,-0.0001,-0.0001,-0.0001,-0.0001,-0.0001,-0.0001,-0.0001,-0.0001,-0.0001,-0.0001,-0.0001,-0.0001,-0.0001,-0.0001,-0.0001,-0.0001,-0.0001,
