0,0,0,0,0,0,0,0,0,0,0,0,0,0,0,0,2,0,0,0,0,0,0,0,0,1,0,0,0,1,1,1,0,1,2,3,0,3,2,2,2,3,1,6,3,13,14,12,9,12,16,17,21,20,35,34,32,36,42,60,48,53,59,55,72,85,103,98,127,125,136,156,168,168,200,182,213,248,249,279,292,313,306,335,346,351,418,385,395,408,436,451,452,438,443,468,458,485,461,531,538,502,471,499,441,510,506,490,475,472,470,394,404,456,388,420,371,385,344,336,306,311,306,270,255,266,235,231,209,187,179,183,170,159,118,125,116,111,105,96,80,68,68,65,47,60,34,32,38,32,36,33,17,18,13,15,16,13,7,3,11,5,8,5,4,6,2,2,2,1,1,2,2,1,0,0,0,0,0,0,1,0,1,0,0,0,0,0,0,0,0,0,0,0,0,0,0,0,0,0
0,0,0,0,0,0,0,0,0,0,0,0,0,0,0,0,0,1,0,0,0,1,0,1,1,0,0,0,1,3,2,0,0,0,2,3,3,0,3,1,2,8,3,8,8,6,7,12,13,10,11,15,27,41,27,31,34,45,53,61,55,62,79,93,95,99,129,121,139,166,140,197,204,202,218,256,231,296,275,316,298,324,337,328,358,408,413,422,422,405,455,415,473,524,480,490,469,486,516,453,461,495,488,446,480,455,459,474,423,447,439,391,372,347,356,309,328,324,280,313,263,270,235,213,225,213,187,185,178,156,155,142,107,112,125,115,79,98,85,75,62,58,70,59,47,34,36,32,30,32,12,29,16,15,19,12,12,16,10,7,4,4,7,0,2,2,2,2,1,0,4,1,0,1,2,0,0,0,0,2,0,0,2,0,0,0,0,0,0,0,0,0,0,0,0,0,0,0,0,0
0,0,0,0,0,0,0,0,0,0,0,0,0,0,0,0,0,0,0,0,0,0,1,0,1,0,1,1,2,2,0,2,0,2,1,5,3,5,4,4,4,9,4,10,7,15,11,10,15,25,17,27,30,38,41,48,52,53,44,67,75,68,74,94,103,120,131,119,149,180,146,188,222,232,246,274,294,304,281,313,337,353,362,425,380,390,393,417,461,453,447,440,449,474,482,442,478,481,453,500,464,453,454,434,471,432,434,421,408,370,351,357,327,315,294,322,282,282,228,257,202,222,236,184,175,175,165,131,130,136,126,91,102,97,93,63,82,58,50,59,54,53,38,36,39,29,19,25,27,17,20,23,16,10,13,9,9,7,6,8,5,4,1,5,2,3,2,0,1,1,1,0,0,0,1,0,2,0,0,0,1,0,0,0,1,1,0,0,0,0,0,0,0,0,0,0,0,0,0,0
0,0,0,0,0,0,0,0,0,0,0,0,0,0,0,0,0,0,0,0,0,0,0,0,0,0,0,0,0,2,2,0,2,0,1,1,3,3,4,5,10,7,3,6,12,12,17,21,18,17,18,22,36,37,43,42,51,67,57,65,82,78,96,125,110,130,148,155,177,189,199,213,243,238,254,288,274,341,303,337,386,344,362,382,375,467,423,451,427,433,459,441,514,477,470,482,435,504,469,475,493,417,479,420,436,378,431,393,354,368,378,336,305,283,294,252,255,237,245,224,206,201,192,174,174,162,126,118,128,97,118,91,87,68,82,60,59,60,40,52,38,36,36,31,34,18,35,19,12,13,15,10,9,6,8,8,5,11,6,5,6,3,3,3,3,4,1,0,1,1,3,2,1,0,2,0,1,0,0,1,1,0,0,0,0,0,0,0,0,0,0,0,0,0,0,0,0,0,0,0
0,0,0,0,0,0,0,0,0,0,0,0,0,0,0,0,0,1,0,0,0,1,0,0,0,0,0,1,0,1,1,5,0,1,2,3,3,2,6,5,1,7,4,8,7,15,7,15,19,24,24,27,30,32,38,42,59,70,70,82,76,102,112,122,133,137,173,146,192,187,206,233,234,254,273,270,289,341,337,349,381,372,379,400,429,455,439,486,486,473,482,424,484,481,455,478,510,469,464,496,439,454,400,418,393,392,351,348,346,324,328,332,311,287,231,243,237,206,183,182,188,154,163,141,129,113,121,99,96,79,100,76,75,67,57,56,52,47,33,39,45,39,31,26,22,24,16,14,11,16,11,11,14,16,5,10,4,7,4,4,4,4,3,1,2,2,0,1,0,0,1,4,0,1,0,0,3,0,0,0,0,0,0,0,0,0,0,0,0,0,0,0,0,0,0,0,0,0,0,1
0,0,0,0,0,0,0,0,0,0,0,0,0,0,0,0,1,0,0,0,0,0,1,1,0,0,2,1,1,3,2,1,3,0,0,1,4,1,4,1,5,6,6,11,13,22,11,19,18,25,20,34,41,36,37,49,63,53,73,82,78,121,116,102,126,138,152,159,178,197,207,256,252,241,302,305,326,328,330,356,374,387,395,383,398,408,456,457,462,432,467,459,480,478,513,458,446,428,449,425,416,409,400,387,365,361,373,368,354,321,284,270,272,255,217,236,212,197,221,173,155,127,135,125,125,121,106,99,69,84,82,65,62,44,49,49,45,37,29,24,30,27,25,24,19,19,17,18,9,9,10,14,11,9,15,10,7,9,2,5,6,2,4,1,1,2,0,2,0,1,0,1,0,0,0,0,1,0,1,0,0,0,0,0,0,0,0,0,1,0,0,0,1,0,0,0,0,0,0,0
0,0,0,0,0,0,0,0,0,0,0,0,0,0,0,0,0,0,0,0,0,2,0,0,0,0,0,0,0,2,3,1,2,0,1,5,2,5,7,5,0,5,3,4,8,11,15,17,22,31,24,40,44,32,47,67,61,71,76,89,79,99,117,107,126,151,162,174,193,206,253,236,243,286,313,291,319,321,357,388,368,379,397,437,396,418,468,484,447,468,443,445,470,470,468,419,462,438,397,388,410,416,392,397,365,363,340,313,282,257,268,250,243,228,240,188,187,181,163,166,135,128,149,105,118,91,100,79,82,52,63,55,54,50,45,40,49,36,30,21,22,21,22,13,12,24,16,14,13,10,8,9,14,7,6,6,6,5,4,3,3,3,1,0,3,1,1,0,0,1,0,2,1,1,0,1,1,0,0,0,1,0,0,0,0,0,0,0,0,0,0,0,0,0,0,0,0,0,0,0
0,0,0,0,0,0,0,0,0,0,0,0,0,0,0,0,0,0,0,0,0,0,1,0,0,1,0,0,0,1,1,3,1,0,2,6,4,2,4,6,5,13,8,5,4,17,7,34,22,25,30,29,36,36,49,50,52,82,82,95,90,91,119,154,142,171,170,197,205,221,226,250,279,268,272,305,338,386,363,351,374,411,414,410,440,430,502,435,510,442,495,470,471,477,459,427,398,456,415,404,390,419,384,306,371,358,311,259,306,248,244,234,248,216,210,173,157,168,146,143,133,104,108,103,99,87,75,75,64,66,66,45,37,43,48,25,25,29,28,29,25,18,12,20,11,15,10,8,8,10,4,9,2,6,4,2,1,4,2,3,5,2,3,0,0,1,3,2,0,1,1,2,1,0,1,0,1,0,0,0,0,0,0,0,0,0,0,0,0,0,0,0,0,0,0,0,0,0,0,0
0,0,0,0,0,0,0,0,0,0,0,0,0,0,0,0,0,1,0,0,0,0,0,1,0,0,1,2,0,2,0,0,1,5,4,5,4,4,4,5,4,9,9,10,14,20,18,20,28,23,21,36,33,47,54,61,69,75,89,100,85,128,127,143,130,155,174,175,232,234,276,248,277,273,325,319,316,349,358,367,385,424,424,423,447,463,450,451,445,441,496,427,447,443,428,417,390,399,404,365,370,358,385,363,335,317,308,261,290,234,233,209,204,201,175,153,170,135,121,123,117,103,111,99,81,67,59,48,55,47,54,48,42,38,32,22,19,16,21,21,21,14,13,11,12,13,6,5,7,7,4,6,6,7,5,4,3,3,6,2,0,1,0,2,0,0,3,1,2,2,1,1,1,0,1,0,0,0,0,0,0,0,0,0,0,0,0,0,0,0,0,0,0,0,0,0,0,0,0,0
0,0,0,0,0,0,0,0,0,0,0,0,0,0,0,0,0,0,0,0,0,0,0,2,0,1,0,1,0,1,2,0,0,1,6,3,5,6,2,4,2,8,6,9,11,9,11,24,17,21,21,41,42,50,67,53,57,79,83,97,98,116,132,153,155,153,164,183,225,245,237,222,282,293,284,332,321,378,339,351,400,420,414,457,386,439,437,450,455,469,424,435,430,427,466,377,406,386,392,375,343,374,329,314,326,280,275,243,241,212,217,212,190,163,165,166,137,120,128,107,117,106,84,60,65,54,58,62,47,49,35,41,35,31,31,29,23,18,19,17,13,19,16,17,9,12,8,11,8,9,6,4,8,5,3,1,2,3,1,0,2,1,2,0,1,4,1,0,0,0,0,1,0,1,0,0,2,1,1,0,1,0,0,0,0,0,0,0,0,0,0,0,0,0,0,0,0,0,0,0
0,0,0,0,0,0,0,0,0,0,0,0,0,0,0,0,0,0,0,0,0,0,0,0,0,0,2,0,3,0,1,2,0,1,3,0,4,6,4,13,5,10,8,15,20,14,15,26,31,25,30,43,51,45,66,55,45,80,95,105,115,132,125,126,146,147,158,185,218,205,265,253,255,296,330,328,332,346,388,362,395,388,374,446,410,397,427,423,406,462,472,413,420,421,402,425,382,409,355,374,369,327,339,298,314,258,278,222,249,224,217,188,150,160,141,127,136,118,105,109,110,74,75,68,43,68,62,38,58,29,41,34,25,23,21,22,23,16,9,17,11,13,10,10,7,9,7,9,8,7,7,5,1,2,2,3,4,1,3,0,3,0,2,1,0,1,2,1,2,0,1,0,0,0,0,0,0,0,0,0,0,0,0,0,0,0,0,0,0,0,0,0,0,0,0,0,0,0,0,0
0,0,0,0,0,0,0,0,0,0,0,0,0,0,0,0,1,0,0,0,0,0,0,0,0,1,0,0,0,2,1,3,0,4,0,4,2,2,4,4,10,6,9,4,17,19,12,16,19,23,27,30,45,46,56,64,57,70,83,114,105,114,125,163,157,181,171,212,235,246,273,269,294,292,364,332,358,343,365,336,407,377,425,399,436,422,431,436,427,431,432,414,430,394,431,373,370,362,332,348,326,335,339,282,287,285,277,252,225,209,168,174,159,154,123,153,132,117,108,116,97,82,65,65,63,54,41,35,56,33,31,30,35,31,33,23,15,24,12,13,17,13,8,9,8,7,2,6,5,8,3,3,5,3,3,3,1,1,2,1,0,2,2,1,1,2,2,1,0,0,1,0,1,0,1,0,1,0,0,0,0,0,0,0,0,0,1,0,0,0,0,0,0,0,0,0,0,0,0,0
0,0,0,0,0,0,0,0,0,0,0,0,0,0,1,0,0,0,0,0,0,0,1,0,0,0,1,0,1,1,1,0,1,3,1,4,4,7,7,4,11,6,7,9,11,15,21,20,23,39,21,45,48,43,68,44,55,82,100,116,127,151,124,152,156,191,200,205,230,226,279,248,286,289,325,336,314,348,394,362,381,378,389,382,409,437,420,433,433,447,407,387,391,404,394,358,349,344,328,336,354,333,297,278,262,259,239,222,224,194,193,147,168,130,121,115,92,101,92,84,72,79,74,61,45,46,49,40,33,31,31,32,27,19,13,15,16,11,8,9,8,10,10,6,9,4,6,4,10,4,2,4,4,0,2,0,4,3,1,2,2,3,0,0,2,2,1,0,0,0,1,0,0,0,1,0,1,0,0,1,0,0,0,0,0,0,0,0,0,0,0,0,0,0,0,0,0,0,0,0
0,0,0,0,0,0,0,0,0,0,0,0,0,0,0,0,1,0,0,1,0,0,0,0,1,0,1,0,0,3,1,1,1,1,1,5,7,7,3,10,13,8,7,10,16,17,14,16,23,28,23,49,53,45,60,51,68,88,82,113,117,125,143,157,165,174,195,210,211,229,224,251,268,309,279,299,372,373,359,355,363,388,411,388,372,404,381,433,398,431,431,386,416,394,402,381,356,331,321,341,312,296,305,259,268,250,241,198,206,168,180,158,142,147,129,101,98,85,85,77,72,77,50,44,42,47,40,44,26,27,23,23,22,18,16,21,15,14,5,15,9,6,5,4,3,6,4,6,5,5,5,3,5,2,4,2,0,2,0,0,0,1,4,1,1,0,1,0,1,1,1,0,0,1,0,0,2,0,0,0,0,0,0,0,1,1,0,0,0,0,0,0,0,0,0,0,0,0,0,0
0,0,0,0,0,0,0,0,0,0,0,0,0,0,0,0,1,0,0,0,0,0,1,0,0,2,0,1,0,3,0,1,0,1,4,4,5,2,9,4,12,6,6,11,19,20,7,20,30,27,26,36,59,61,63,55,79,97,85,96,98,128,136,148,142,192,191,192,210,234,240,256,281,298,318,318,317,372,364,368,405,411,388,411,421,380,382,381,420,413,376,385,390,411,347,309,361,346,297,312,304,260,304,236,230,218,199,193,191,178,160,168,134,127,123,113,101,100,92,77,68,61,45,52,48,30,34,30,24,30,34,27,21,15,19,7,8,14,13,14,7,9,7,3,5,3,3,2,3,1,1,3,0,2,3,0,1,1,1,1,3,0,0,0,1,0,1,0,0,0,0,0,0,0,1,1,1,0,1,0,0,0,0,0,0,0,0,0,0,0,0,0,0,0,0,0,0,0,0,0
0,0,0,0,0,0,0,0,0,0,0,0,0,0,0,0,0,0,0,0,0,0,0,1,0,0,2,0,0,1,4,2,0,4,2,4,6,5,10,3,6,8,14,15,14,12,13,27,15,37,35,46,61,52,74,69,67,74,96,113,111,124,123,159,177,177,189,207,231,220,263,278,265,282,329,324,327,355,354,350,405,389,395,380,372,397,371,381,359,388,403,372,389,374,365,344,334,287,329,274,279,302,239,214,210,197,199,168,189,161,145,147,122,125,113,102,97,91,57,68,65,57,44,48,37,43,30,29,27,30,32,24,17,14,18,11,7,9,10,4,2,4,3,6,10,7,3,2,2,4,4,2,1,1,0,1,7,1,1,3,1,1,1,1,0,1,1,1,1,2,0,0,0,0,0,1,0,0,0,1,0,0,0,0,0,0,0,0,0,0,0,0,0,0,0,0,0,0,0,0
0,0,0,0,0,0,0,0,0,0,0,0,0,0,0,0,0,1,0,1,0,0,0,3,0,2,0,1,0,4,1,3,2,2,5,5,2,2,6,5,7,3,12,10,18,19,16,26,31,26,23,51,45,57,47,59,81,94,73,100,122,118,148,163,147,156,190,204,221,221,266,256,263,272,298,329,311,343,404,354,366,343,331,426,411,375,344,361,382,383,380,377,356,347,365,334,277,317,286,304,264,295,242,224,200,174,184,181,156,156,136,116,112,113,113,91,97,55,61,51,55,56,55,45,43,31,25,36,21,17,25,21,17,6,11,10,10,4,7,10,6,9,2,2,6,2,5,2,1,5,3,1,3,0,0,1,0,3,1,0,0,0,3,0,1,1,1,0,1,0,0,0,0,0,0,0,0,0,0,0,0,0,0,0,0,0,0,0,0,0,0,0,0,0,0,0,0,0,0,0
0,0,0,0,0,0,0,0,0,0,0,0,0,0,0,0,0,1,0,0,0,0,0,1,0,0,4,0,1,4,3,1,1,4,1,4,5,4,5,7,3,8,12,13,17,22,16,20,23,28,30,35,46,52,74,73,87,92,99,104,108,113,119,160,164,185,197,178,226,225,237,265,300,288,321,331,286,332,345,368,396,360,380,398,383,377,395,378,347,373,372,350,374,356,348,332,292,287,321,306,275,254,223,223,222,191,185,167,178,132,145,125,118,110,91,82,92,84,76,73,50,42,42,48,38,28,22,36,24,24,18,14,18,11,10,8,14,7,5,8,10,5,1,0,1,5,3,4,4,1,2,0,3,0,0,2,0,1,1,0,0,1,1,0,0,0,2,1,0,0,0,0,0,0,0,0,0,0,0,0,0,1,0,0,0,0,0,0,0,0,0,0,0,0,0,0,0,0,0,0
0,0,0,0,0,0,0,0,0,0,0,0,0,0,0,0,0,0,0,0,0,0,0,2,1,1,1,1,1,0,1,2,3,2,4,3,2,5,11,6,12,7,13,8,11,16,18,23,23,21,38,46,41,62,57,78,71,89,92,108,114,134,138,158,176,196,215,177,239,250,228,264,269,273,324,278,314,345,335,352,348,391,374,381,353,384,364,355,356,380,349,353,331,310,305,260,291,303,300,253,259,222,214,190,192,159,171,148,154,151,133,97,113,92,78,83,81,85,57,63,56,58,54,39,33,31,29,27,21,12,18,18,15,11,10,6,9,11,7,6,5,1,4,3,3,2,0,0,1,1,1,2,0,0,1,0,0,2,2,1,1,2,2,0,1,0,0,0,0,0,0,0,0,1,0,0,0,0,0,0,0,0,0,0,0,0,0,0,0,0,0,0,0,0,0,0,0,0,0,0
0,0,0,0,0,0,0,0,0,0,0,0,0,0,0,0,1,0,0,0,0,0,0,2,0,1,0,1,1,2,1,1,0,4,0,3,4,9,6,6,4,5,8,9,12,19,18,29,24,30,37,41,46,44,64,75,83,94,103,104,119,127,127,155,161,195,187,208,216,226,254,275,264,271,302,334,342,339,363,326,330,360,359,361,358,386,339,365,328,338,345,346,337,319,335,311,273,275,268,271,248,248,237,214,188,208,152,137,138,131,131,105,98,84,74,68,69,63,52,50,43,53,34,34,27,39,20,24,23,14,15,10,13,9,10,8,5,11,1,7,4,3,3,2,5,2,1,3,6,3,2,2,2,0,1,0,1,1,3,0,0,0,0,0,0,0,2,0,0,0,0,0,0,1,1,0,0,0,0,0,0,0,0,0,0,0,0,0,0,0,0,0,0,0,0,0,0,0,0,0
0,0,0,0,0,0,0,0,0,0,0,0,0,0,0,0,1,0,0,0,0,0,0,0,0,0,1,1,1,2,0,1,1,1,7,5,5,8,7,11,8,12,14,12,17,18,16,28,34,27,23,38,61,49,58,52,83,82,93,107,117,122,141,146,172,171,194,204,208,246,265,262,273,283,302,278,290,348,298,331,344,334,384,334,339,383,324,371,344,347,377,314,301,314,294,309,272,235,222,255,216,233,228,179,168,147,147,155,122,112,118,103,91,96,98,64,72,57,58,58,41,38,41,29,26,24,20,18,13,6,19,15,14,8,9,8,8,5,12,3,7,4,1,4,3,4,1,3,1,1,0,2,0,1,0,0,1,2,0,0,0,0,0,0,0,0,0,0,0,0,0,0,0,0,0,0,0,0,0,0,0,0,0,0,0,0,0,0,0,0,0,0,0,0,0,0,0,0,0,0
0,0,0,0,0,0,0,0,0,0,0,0,0,0,0,0,0,0,0,1,0,1,0,0,0,0,0,0,2,2,2,1,4,1,4,4,4,5,10,3,5,5,8,16,14,24,19,29,27,34,30,53,41,71,55,66,83,84,89,107,116,123,120,163,157,167,197,191,208,194,248,256,234,267,272,303,276,325,319,305,339,349,357,378,341,364,338,348,316,334,345,282,326,296,293,272,251,236,206,226,250,209,176,186,158,148,161,125,141,108,109,118,95,66,72,71,70,48,58,44,42,35,41,27,25,24,19,25,23,16,8,13,8,12,11,6,11,7,6,4,3,3,4,0,3,6,1,2,2,1,0,2,1,0,5,0,0,1,1,0,0,0,0,1,0,0,0,0,0,0,0,0,0,0,0,0,0,1,0,0,0,0,0,0,0,0,0,0,0,0,0,0,0,0,0,0,0,0,0,0
0,0,0,0,0,0,0,0,0,0,0,0,0,0,0,0,0,1,0,0,0,0,0,2,0,1,1,2,0,1,0,1,2,3,4,2,9,9,12,7,9,8,15,13,14,18,16,30,34,30,25,30,49,59,67,68,79,88,92,122,112,99,132,138,145,197,184,207,209,225,228,280,245,265,290,302,325,338,346,337,334,346,356,357,353,318,328,328,337,299,336,299,278,314,263,305,268,263,247,232,242,216,192,199,178,157,158,150,115,104,115,100,100,57,60,75,51,56,51,55,40,42,39,27,18,23,20,34,19,16,10,13,5,6,5,8,6,4,8,2,4,2,1,4,0,2,1,4,3,1,1,1,0,1,0,0,1,0,0,0,0,0,1,0,0,1,0,1,0,0,0,0,0,0,1,0,0,0,0,0,0,0,0,0,0,0,0,0,0,0,0,0,0,0,0,0,0,0,0,0
0,0,0,0,0,0,0,0,0,0,0,0,0,0,0,0,0,0,1,0,0,0,0,1,0,0,0,0,0,3,3,0,1,5,11,4,3,10,4,6,11,9,8,13,16,19,17,23,29,33,30,40,43,50,76,79,65,99,92,117,107,113,141,138,149,177,186,222,227,246,254,256,251,247,290,291,295,297,330,300,333,298,308,320,335,338,342,321,348,329,303,335,327,303,258,242,244,217,235,221,191,212,169,177,147,128,164,124,121,109,101,83,69,87,72,70,60,44,64,36,46,37,41,30,16,21,21,14,18,9,14,16,11,16,5,8,5,5,2,4,2,2,1,1,0,1,1,2,3,2,0,2,0,3,0,0,0,0,0,0,1,1,0,0,0,0,0,0,0,0,0,0,0,0,1,0,0,1,0,0,1,0,0,0,0,0,1,0,0,0,0,0,0,0,0,0,0,0,0,0
0,0,0,0,0,0,0,0,0,0,0,0,0,0,1,0,0,1,0,0,0,0,2,1,0,1,2,1,1,1,2,2,4,1,4,3,7,9,7,4,9,4,16,20,12,17,25,26,23,26,44,39,51,49,59,68,74,76,90,80,109,125,116,125,164,180,195,170,189,248,259,234,252,258,309,253,312,292,313,331,300,331,332,366,316,328,319,310,312,297,301,295,260,267,275,237,246,222,229,212,204,184,175,145,149,132,138,124,113,99,115,78,64,71,70,64,53,48,48,37,42,41,45,24,32,18,25,8,15,14,12,9,5,8,9,2,8,3,3,2,5,3,6,1,1,1,0,0,1,0,1,3,0,0,1,0,1,0,0,2,0,0,0,1,0,1,0,0,0,0,0,0,0,1,0,1,0,0,0,0,0,0,0,0,0,1,0,0,0,0,0,0,0,0,0,0,0,0,0,0
0,0,0,0,0,0,0,0,0,0,0,0,0,0,0,0,2,0,0,0,0,0,0,1,0,0,0,0,0,3,1,1,1,2,2,2,7,4,12,5,7,4,12,15,9,27,24,20,25,25,37,53,48,54,64,59,66,87,86,138,100,119,136,165,162,182,191,191,197,225,239,250,225,272,261,248,286,330,268,316,331,315,303,333,314,331,302,308,287,279,276,285,285,263,260,222,255,227,222,176,188,186,177,170,144,122,129,108,117,94,96,79,70,70,61,57,45,44,38,31,38,38,29,27,20,17,15,18,19,15,6,9,12,12,5,4,6,5,3,3,4,1,4,4,2,1,0,0,0,4,0,0,0,1,1,1,1,1,0,0,2,0,0,0,0,0,0,0,0,0,0,0,0,0,0,0,0,0,0,0,0,0,0,0,0,0,0,0,0,0,0,0,0,0,0,0,0,0,0,0
0,0,0,0,0,0,0,0,0,0,0,0,0,0,0,0,0,1,0,0,0,0,1,1,0,1,1,0,2,3,0,3,1,3,7,6,2,4,9,7,3,10,9,11,14,20,19,23,26,19,30,39,51,57,64,60,79,104,89,103,120,131,140,155,161,167,177,188,223,216,228,217,263,236,284,293,289,285,301,312,305,308,327,318,292,295,261,306,299,298,286,254,275,277,262,227,241,201,210,213,176,179,162,182,152,143,137,105,109,99,87,95,69,70,66,63,49,50,52,36,34,24,20,16,18,26,14,11,17,7,10,9,7,6,8,2,4,5,4,4,2,0,3,1,3,3,0,1,2,0,1,2,1,1,0,0,0,0,0,1,0,0,0,0,1,1,1,0,0,1,0,0,0,0,1,0,0,0,0,0,0,0,0,0,0,0,0,0,0,0,0,0,0,0,0,0,0,0,0,0
0,0,0,0,0,0,0,0,0,0,0,0,0,0,1,0,0,0,0,0,0,0,0,2,0,0,1,0,0,1,2,0,0,2,3,7,4,4,8,4,15,5,7,6,13,26,17,26,16,34,31,43,38,49,62,68,78,77,97,94,122,105,127,130,144,155,195,180,224,219,223,240,232,254,250,279,277,304,292,280,264,272,311,295,317,344,317,315,294,302,275,270,232,221,251,208,212,202,199,194,172,155,184,131,153,133,111,109,102,97,83,75,72,70,62,63,50,49,34,35,38,29,26,17,18,13,23,11,9,7,9,7,9,7,2,4,2,0,2,4,3,2,5,0,0,0,1,0,2,0,0,0,1,1,1,0,0,0,0,0,0,0,0,0,0,0,0,0,1,0,0,0,0,0,0,0,1,0,0,0,0,0,0,0,0,0,0,0,0,0,0,0,0,0,0,0,0,0,0,0
0,0,0,0,0,0,0,0,0,0,0,0,0,0,0,0,0,0,0,0,0,0,0,0,0,0,0,1,0,1,1,1,0,3,1,7,3,2,11,8,10,5,12,16,15,23,13,26,30,30,28,45,51,52,58,53,75,75,80,95,99,104,132,130,141,151,153,173,208,203,206,251,242,255,261,246,254,254,275,271,295,299,287,278,262,314,286,282,303,245,247,253,248,265,246,216,189,192,192,199,171,170,159,152,126,138,111,106,87,89,68,79,79,75,61,41,37,47,36,40,22,30,19,20,21,20,9,18,6,11,11,10,11,8,9,1,3,1,1,2,2,0,2,2,1,2,2,1,1,0,1,0,0,0,1,0,0,0,0,0,1,0,0,0,0,0,0,0,0,0,0,0,0,0,0,0,0,0,0,0,0,0,0,0,0,0,0,0,0,0,0,0,0,0,0,0,0,0,0,0
0,0,0,0,0,0,0,0,0,0,0,0,0,0,0,0,1,0,0,0,0,0,0,0,0,1,0,0,0,1,2,1,2,2,2,4,3,10,8,4,12,8,4,15,16,16,14,24,28,25,32,45,46,58,57,53,84,77,104,92,109,108,126,133,140,157,161,197,208,202,228,240,235,259,273,257,281,276,302,293,288,276,274,286,299,294,273,284,286,272,276,249,250,230,218,207,202,182,186,192,170,152,142,131,127,112,120,96,95,75,90,80,69,55,57,41,48,54,28,34,33,25,25,20,13,15,10,15,13,10,10,9,4,2,6,7,1,4,2,2,2,0,1,2,0,2,0,1,1,0,0,0,0,0,1,0,0,0,0,1,0,0,0,0,0,0,0,0,0,0,0,0,0,0,0,0,0,0,0,1,0,0,0,0,0,0,0,0,0,0,0,0,0,0,0,0,0,0,0,0
0,0,0,0,0,0,0,0,0,0,0,0,0,0,0,0,0,0,0,0,0,0,0,0,0,0,1,0,0,2,0,4,0,0,3,2,2,7,7,8,7,9,14,15,14,22,12,19,21,30,27,41,30,60,82,47,72,103,88,101,96,108,114,143,165,165,179,172,170,194,200,251,216,220,268,284,268,255,274,265,277,292,278,305,287,281,263,300,241,246,227,270,245,249,218,192,206,184,188,179,162,150,146,109,137,111,92,81,91,83,73,75,54,45,63,54,50,52,30,31,26,26,23,27,18,24,14,19,6,14,8,8,10,0,6,5,5,7,1,1,3,1,3,0,4,1,0,2,1,0,3,1,0,0,1,0,1,0,0,0,0,0,0,0,0,0,0,0,1,0,0,0,0,0,0,0,0,0,0,0,0,1,0,0,0,0,0,0,0,0,0,0,0,0,0,0,0,0,0,0
0,0,0,0,0,0,0,0,0,0,0,0,0,0,0,0,2,1,0,0,0,0,0,4,0,0,0,3,0,4,2,1,3,1,1,5,1,3,6,11,5,9,8,11,19,21,21,23,16,37,34,48,54,44,63,60,65,80,86,92,103,110,117,136,138,165,163,173,196,205,225,230,204,218,245,216,204,264,265,272,259,269,281,282,261,255,256,260,253,267,223,232,214,239,229,197,190,207,223,152,125,154,126,112,114,111,114,84,83,89,78,68,61,45,54,47,54,26,32,36,22,23,16,19,13,14,8,8,6,16,11,6,6,5,3,8,1,2,0,1,2,3,0,0,0,1,0,0,1,0,0,0,1,0,0,0,0,0,0,0,0,0,1,0,0,0,0,0,0,0,0,1,0,0,0,0,0,0,0,0,0,0,0,0,0,0,0,0,0,0,0,0,0,0,0,0,0,0,0,0
0,0,0,0,0,0,0,0,0,0,0,0,0,0,0,0,0,0,0,0,0,0,0,1,0,0,0,1,0,1,0,1,1,3,4,2,1,3,6,3,5,8,7,11,17,26,23,28,34,28,25,39,46,43,73,68,70,79,82,86,100,114,134,139,131,170,164,183,190,201,213,215,224,241,250,233,253,268,221,304,270,284,279,312,255,267,245,248,247,241,238,243,206,207,216,179,191,180,152,156,166,142,140,118,119,93,104,96,83,69,66,65,67,52,58,43,39,34,26,25,20,25,20,27,15,17,8,15,12,7,5,4,5,3,11,6,4,2,0,2,2,0,0,2,0,1,2,1,1,1,0,0,1,0,0,2,0,2,0,0,0,0,0,0,0,0,0,0,0,0,0,0,1,0,0,0,0,0,0,0,0,0,0,0,0,0,0,0,0,0,0,0,0,0,0,0,0,0,0,0
0,0,0,0,0,0,0,0,0,0,0,0,0,0,0,0,0,0,0,0,0,0,1,1,1,0,0,0,0,2,2,3,1,2,5,4,6,4,6,4,9,6,12,8,7,15,15,25,24,24,33,36,44,49,58,54,75,74,69,93,95,100,136,132,146,148,165,170,166,213,227,193,182,240,225,234,248,273,234,232,296,254,298,283,246,269,250,254,230,229,235,213,215,215,183,186,170,163,167,128,147,149,144,126,112,97,89,82,71,64,58,49,45,49,45,37,35,34,35,32,25,27,24,19,12,15,10,12,10,6,11,6,5,9,3,3,4,1,2,1,3,0,1,0,0,0,1,0,3,0,0,0,1,0,0,0,0,0,0,1,0,0,0,0,1,0,1,0,0,0,0,0,0,1,0,0,0,0,0,0,0,0,0,0,0,0,0,0,0,0,0,0,0,0,0,0,0,0,0,0
0,0,0,0,0,0,0,0,0,0,0,0,0,0,0,0,0,0,0,0,1,0,1,2,0,0,0,0,0,2,1,3,1,2,4,2,7,4,5,6,5,9,8,12,17,13,19,36,26,34,29,53,46,58,57,40,70,88,89,93,95,81,127,114,123,140,171,174,167,193,198,203,218,223,264,219,259,281,228,280,259,277,281,258,257,243,250,251,221,214,230,209,218,190,199,170,178,175,154,145,130,168,131,119,92,100,96,68,84,60,63,71,52,52,55,43,41,26,27,20,16,15,17,10,13,7,25,6,10,8,8,8,7,4,3,6,3,0,2,1,3,2,0,1,0,1,0,0,1,1,0,0,2,0,0,0,0,0,0,0,0,0,0,0,0,0,0,0,0,0,0,0,0,0,0,0,0,0,0,0,0,0,0,0,0,0,0,0,0,0,0,0,0,0,0,0,0,0,0,0
0,0,0,0,0,0,0,0,0,0,0,0,0,0,0,0,0,0,0,0,0,0,1,1,0,0,1,0,0,3,5,1,1,1,1,4,4,10,4,6,9,5,13,8,15,25,12,31,24,28,30,41,41,38,50,55,62,85,93,105,89,116,121,155,150,133,163,162,203,196,200,208,193,211,245,218,236,267,237,236,248,240,245,271,244,246,239,228,241,210,214,235,163,164,206,179,178,153,162,159,129,141,131,106,110,103,92,70,77,70,65,61,51,55,43,45,30,28,41,24,10,26,16,17,17,13,12,10,12,7,6,5,4,4,7,3,2,4,1,2,5,0,3,0,3,0,0,0,0,0,0,1,0,0,0,1,0,0,1,0,0,1,0,0,0,0,0,0,0,0,0,0,1,0,0,0,0,0,0,0,0,0,0,0,0,0,0,0,0,0,0,0,0,0,0,0,0,0,0,0
0,0,0,0,0,0,0,0,0,0,0,0,0,0,0,0,0,0,0,0,0,0,0,0,0,0,1,0,0,1,2,1,3,1,2,5,3,4,10,7,8,8,13,21,13,23,20,20,31,28,25,33,35,53,66,68,66,78,73,96,98,88,105,130,125,160,168,170,155,189,205,215,233,215,233,242,278,255,231,222,245,241,233,256,235,263,218,243,254,220,229,203,191,195,192,184,146,161,140,152,162,119,110,105,105,96,97,81,75,67,63,58,47,35,35,42,42,30,31,21,15,25,10,16,7,15,7,15,2,7,6,6,2,3,4,3,6,4,4,2,3,2,0,1,0,0,1,0,0,0,0,0,0,1,0,0,0,0,0,0,0,0,0,0,0,0,0,0,0,0,0,0,0,0,0,0,0,0,0,0,0,0,0,0,0,0,0,0,0,0,0,0,0,0,0,0,0,0,0,0
0,0,0,0,0,0,0,0,0,0,0,0,0,0,0,0,0,1,0,0,0,0,1,0,1,0,1,1,1,1,1,1,2,3,4,3,4,2,6,4,5,11,7,5,14,7,22,27,19,37,27,50,30,51,67,44,53,68,90,118,96,97,112,111,122,142,147,153,148,190,202,187,190,212,227,197,227,241,245,234,226,213,252,221,245,240,239,202,211,223,227,182,198,179,182,168,147,158,151,138,113,126,106,95,110,94,95,83,49,53,59,49,55,38,32,33,45,45,33,24,20,23,21,16,12,15,5,9,10,5,5,6,7,5,1,3,3,1,2,1,0,1,1,0,0,0,0,0,0,1,0,0,1,0,1,0,0,0,0,0,0,1,0,0,0,0,0,0,0,0,0,1,0,0,0,0,0,0,0,0,0,0,0,0,0,0,0,0,0,0,0,0,0,0,0,0,0,0,0,0
0,0,0,0,0,0,0,0,0,0,0,0,0,0,0,0,0,0,0,0,0,0,0,1,0,1,0,0,0,0,0,1,1,0,0,5,3,10,1,3,4,9,11,13,11,19,12,18,19,17,30,34,46,47,51,54,63,76,79,75,92,95,118,114,104,141,142,147,156,186,185,178,197,206,209,204,230,228,246,220,221,226,241,239,221,225,234,229,217,205,221,188,175,200,161,165,145,148,143,120,107,116,113,99,108,94,68,83,67,71,42,44,59,49,50,33,30,31,25,24,13,12,20,19,11,6,5,9,5,8,8,3,4,4,2,2,1,2,2,1,0,3,0,0,3,0,0,1,0,0,1,0,1,0,0,1,0,1,1,0,0,0,0,0,1,0,0,0,0,1,0,0,0,0,0,0,0,0,0,0,0,0,0,0,0,0,0,0,0,0,0,0,0,0,0,0,0,0,0,0
0,0,0,0,0,0,0,0,0,0,0,0,0,1,0,0,0,0,0,0,0,0,0,1,0,0,1,0,0,1,1,2,3,3,2,3,3,5,3,5,8,10,9,15,17,11,19,26,25,24,28,34,48,47,61,39,59,67,76,90,118,105,122,125,126,137,150,159,151,164,175,177,209,203,214,186,227,227,217,226,217,197,207,246,236,207,218,189,218,191,177,185,171,183,157,131,145,159,143,112,105,89,126,115,94,84,67,77,68,61,45,60,43,35,35,28,23,28,25,17,15,23,19,21,6,7,12,9,6,7,3,3,3,0,2,2,5,2,1,2,2,0,2,1,1,0,0,0,2,0,1,0,0,0,0,0,0,0,0,0,0,0,0,0,0,0,0,0,0,0,0,0,0,0,0,0,0,0,0,0,0,0,0,0,0,0,0,0,0,0,0,0,0,0,0,0,0,0,0,0
0,0,0,0,0,0,0,0,0,0,0,0,0,0,1,0,0,0,0,0,0,1,3,2,0,1,1,0,1,4,2,1,1,2,2,0,4,3,4,3,4,6,9,8,20,10,14,28,19,30,24,33,40,50,59,47,65,63,78,109,92,96,93,119,127,158,152,129,182,162,176,167,181,191,213,211,212,212,209,221,212,218,222,230,201,216,205,214,209,175,181,166,151,176,163,138,152,128,121,133,137,113,109,85,83,78,70,61,59,56,53,43,45,36,28,35,29,23,18,18,13,13,11,14,10,11,7,3,6,5,5,3,4,3,1,3,2,3,2,1,1,1,1,1,0,0,1,0,0,1,0,1,0,0,0,0,0,0,0,1,0,0,0,0,1,0,0,0,0,0,0,0,0,0,0,0,0,0,0,0,0,0,0,0,0,0,1,0,0,0,0,0,0,0,0,0,0,0,0,0
0,0,0,0,0,0,0,0,0,0,0,0,0,0,0,1,0,0,0,0,0,0,0,1,0,0,0,1,0,1,2,3,1,3,3,5,8,10,9,7,4,6,11,11,16,16,15,22,23,23,31,40,35,35,66,52,72,69,77,76,96,84,92,120,103,127,129,159,160,162,182,182,168,180,183,195,203,210,202,205,231,234,245,186,183,185,217,201,190,184,183,158,186,179,185,154,135,125,123,126,99,111,91,92,77,108,70,55,54,47,53,53,53,42,34,30,30,25,24,14,24,10,14,11,15,10,11,10,4,6,5,2,6,1,4,1,4,1,3,3,4,1,0,0,2,0,1,0,1,0,0,1,0,0,0,0,0,0,0,0,0,1,0,0,0,0,0,0,0,0,0,1,0,0,0,0,0,0,0,0,0,0,0,0,0,0,0,0,0,0,0,0,0,0,0,0,0,0,0,0
0,0,0,0,0,0,0,0,0,0,0,0,0,0,0,0,0,0,0,0,0,0,0,1,0,0,0,2,0,0,2,0,1,4,2,2,3,5,7,2,5,8,10,8,13,16,13,19,15,30,19,32,31,45,50,66,57,58,72,72,96,90,101,118,110,131,131,144,156,165,183,182,178,150,217,203,200,185,204,216,213,210,206,241,185,196,221,188,177,194,172,164,162,169,159,124,129,123,107,115,101,100,95,87,67,91,77,61,58,60,52,38,39,34,39,31,27,15,28,11,11,19,12,7,14,9,10,7,6,5,4,2,4,4,5,2,0,0,0,2,0,0,1,0,0,2,1,2,0,0,0,0,0,0,0,0,0,0,0,0,0,0,0,0,0,0,0,0,0,0,0,0,0,0,0,1,0,0,0,0,0,0,0,0,0,0,0,0,0,0,0,0,0,0,0,0,0,0,0,0
0,0,0,0,0,0,0,0,0,0,0,0,0,0,1,0,0,0,0,0,0,0,0,0,0,0,0,0,0,1,0,1,3,3,2,7,0,7,5,9,4,10,7,12,12,12,13,22,27,31,30,41,45,48,47,48,59,77,69,73,92,105,97,117,113,136,159,147,153,162,171,189,174,208,186,210,186,190,168,207,186,174,212,216,197,196,214,170,202,178,167,149,142,159,140,145,134,122,124,123,85,115,76,81,80,68,54,49,53,52,57,44,43,40,37,41,34,10,15,18,16,15,14,11,7,10,7,9,8,3,3,5,6,4,2,3,1,3,1,0,0,2,2,0,0,0,0,0,0,0,0,0,0,0,0,0,0,0,0,0,0,0,0,0,0,0,0,0,0,0,0,0,0,0,0,0,0,0,0,0,0,0,0,0,0,0,0,0,0,0,0,0,0,0,0,0,0,0,0,0
0,0,0,0,0,0,0,0,0,0,0,0,0,0,0,0,0,0,0,0,0,0,0,0,0,0,1,2,1,1,0,1,2,0,5,4,2,2,5,5,11,2,6,13,12,14,14,15,23,17,25,35,44,44,53,35,55,62,63,85,85,79,106,113,110,122,142,146,135,153,153,164,205,187,184,210,180,217,206,171,203,191,210,176,168,195,176,163,182,157,163,169,159,156,136,120,114,97,113,110,96,88,79,75,85,80,63,44,61,48,47,34,32,29,22,26,30,20,20,19,19,12,10,10,15,5,6,10,7,2,2,5,1,1,3,3,0,2,3,0,3,1,0,1,0,0,0,0,0,0,0,0,0,0,0,0,0,0,0,0,2,0,0,0,1,0,0,0,0,0,0,0,0,0,0,0,0,0,0,0,0,0,0,0,0,0,0,0,0,0,0,0,0,0,0,0,0,0,0,0
0,0,0,0,0,0,0,0,0,0,0,0,0,0,0,0,0,2,0,0,0,1,1,1,0,0,2,3,1,2,1,2,1,0,1,2,3,1,9,9,8,7,13,6,7,16,18,21,33,27,14,30,47,49,43,42,47,65,65,86,81,97,104,101,90,123,124,142,161,145,167,159,190,179,198,168,181,216,194,161,190,188,197,205,178,177,162,167,181,194,160,152,134,141,151,137,128,114,110,102,85,95,77,85,68,57,62,54,60,44,47,38,31,39,33,21,25,18,18,8,15,7,15,4,12,10,8,8,7,5,7,3,4,3,2,4,1,2,1,2,0,0,0,0,0,0,0,1,0,1,0,0,0,0,0,0,0,0,0,0,0,0,1,0,0,0,0,0,0,0,0,0,0,0,0,0,0,0,0,0,0,0,0,0,0,0,0,0,0,0,0,0,0,0,0,0,0,0,0,0
0,0,0,0,0,0,0,0,0,0,0,0,0,0,0,0,0,0,0,0,0,1,1,0,0,0,1,1,0,1,1,1,1,1,3,4,6,11,4,6,7,14,9,13,10,16,11,19,22,28,30,32,40,42,39,55,48,81,66,82,74,93,92,134,94,129,142,133,156,142,176,179,164,184,187,179,165,188,202,194,217,197,199,189,186,195,163,172,163,173,190,150,134,146,156,124,128,108,110,105,92,86,80,85,76,63,68,51,43,47,52,40,37,34,30,14,19,20,18,18,14,18,14,9,8,7,10,4,3,2,7,5,2,3,2,4,1,1,1,0,1,1,0,1,0,0,0,0,0,0,0,0,0,0,0,0,0,0,0,0,0,0,0,0,0,0,0,0,0,0,1,0,0,0,0,0,0,0,0,0,0,0,0,0,0,0,0,0,0,0,0,0,0,0,0,0,0,0,0,0
0,0,0,0,0,0,0,0,0,0,0,0,0,0,0,0,0,2,0,0,0,0,0,0,0,0,0,0,0,1,2,4,1,0,2,2,4,6,4,6,11,6,9,10,11,14,16,14,23,28,29,36,40,44,53,45,64,61,56,91,78,103,97,107,103,111,131,133,160,130,148,163,145,180,170,147,168,195,191,172,205,185,206,181,171,182,159,177,185,169,164,135,128,128,136,109,130,102,100,96,95,91,74,79,69,54,51,71,43,34,36,35,31,30,41,23,16,24,21,17,9,15,9,7,7,4,6,3,1,8,5,7,5,1,2,4,1,1,1,0,2,0,1,0,0,0,1,0,0,0,0,1,0,0,0,0,0,0,0,0,0,0,0,0,0,0,0,0,0,0,0,0,0,0,0,0,0,0,0,0,0,0,0,0,0,0,0,0,0,0,0,0,0,0,0,0,0,0,0,0
0,0,0,0,0,0,0,0,0,0,0,0,0,0,0,0,0,0,0,1,0,0,0,1,0,1,1,0,0,2,3,3,2,1,3,3,1,1,6,7,5,9,5,9,12,23,19,19,21,22,13,25,40,45,47,43,53,63,62,72,69,90,86,110,105,103,108,136,129,124,161,163,156,176,180,159,185,184,192,198,187,168,175,175,160,151,172,170,149,158,156,144,161,145,139,118,113,118,85,91,82,94,72,66,57,62,66,49,53,35,49,35,44,35,30,27,13,18,17,12,16,17,12,9,13,9,5,6,3,3,1,5,3,3,0,3,0,2,0,1,2,1,0,1,0,0,1,1,0,0,0,0,0,0,0,0,0,0,0,0,0,0,0,0,0,0,0,0,0,0,0,0,0,0,0,0,0,0,0,0,0,0,0,0,0,0,0,0,0,0,0,0,0,0,0,0,0,0,0,0
0,0,0,0,0,0,0,0,0,0,0,0,0,0,0,0,0,0,0,0,0,0,0,2,0,0,0,0,0,1,2,2,0,3,4,4,5,4,5,4,7,7,7,15,12,12,8,20,19,18,33,37,34,45,65,49,58,63,77,80,79,83,94,96,100,136,112,143,137,160,152,130,141,144,168,176,176,153,141,162,189,171,152,148,148,184,141,148,173,151,152,118,139,108,106,110,96,96,95,84,107,82,78,56,63,45,53,35,59,46,38,27,36,36,31,35,16,20,18,12,16,9,10,10,9,5,0,7,3,6,2,3,6,1,3,1,1,1,0,2,0,1,0,0,1,0,1,0,0,0,0,0,0,0,0,0,0,0,0,0,0,1,0,0,1,0,0,1,0,0,0,0,0,1,0,0,0,0,0,0,0,0,0,0,0,0,0,0,0,0,0,0,0,0,0,0,0,0,0,0
0,0,0,0,0,0,0,0,0,0,0,0,0,0,1,0,0,0,0,0,0,0,0,1,0,0,2,0,0,0,2,1,0,2,7,6,4,5,6,4,9,5,12,6,9,10,17,28,16,16,35,23,37,40,62,50,52,68,72,78,69,102,83,88,94,110,124,131,109,144,131,171,141,146,166,162,155,200,161,163,161,177,181,164,157,150,134,164,154,141,150,153,116,132,127,115,101,109,81,85,96,68,80,71,66,57,53,38,43,46,55,28,31,19,24,25,17,14,13,19,13,7,14,5,2,6,10,3,4,3,0,5,2,2,2,1,0,2,2,0,2,0,0,0,2,0,0,0,0,0,0,0,0,0,0,1,0,0,0,0,0,0,1,0,0,0,0,0,0,0,0,0,0,0,0,0,0,0,0,0,0,0,0,0,0,0,0,0,0,0,0,0,0,0,0,0,0,0,0,0
0,0,0,0,0,0,0,0,0,0,0,0,0,0,0,0,0,0,0,0,0,0,1,0,0,1,2,1,1,2,1,1,0,1,1,3,1,8,4,6,8,4,6,12,6,19,15,23,26,20,19,20,33,34,43,42,51,57,57,77,80,88,80,71,97,122,125,99,128,131,125,150,136,173,158,166,169,163,181,161,164,179,157,159,156,144,145,153,152,139,164,104,137,111,114,106,127,87,99,78,87,84,52,70,74,56,44,38,36,51,36,40,29,23,30,27,18,29,10,16,15,9,7,5,9,5,5,3,3,4,6,3,2,0,0,1,2,0,0,1,0,0,3,0,0,0,0,1,0,0,0,0,1,0,0,0,0,0,1,0,0,0,0,0,0,0,0,0,0,0,0,0,0,0,0,0,0,0,0,0,0,0,0,0,0,0,0,0,0,0,0,0,0,0,0,0,0,0,0,0
0,0,0,0,0,0,0,0,0,0,0,0,0,0,0,0,0,1,0,0,0,0,2,1,0,1,1,0,1,3,2,2,1,4,3,2,2,4,5,9,5,8,12,11,10,28,6,22,22,26,21,36,42,53,48,51,54,61,65,67,75,88,94,90,117,110,109,125,114,147,143,130,135,160,179,153,175,165,186,171,159,168,168,164,151,145,148,159,169,141,120,125,126,102,124,104,103,87,97,98,99,68,69,63,59,56,44,43,41,34,39,31,20,30,15,24,19,16,17,14,10,11,12,8,8,2,9,4,3,2,7,3,2,1,1,1,0,1,2,1,2,1,1,0,1,0,0,0,0,0,0,0,0,0,0,1,1,0,0,0,0,0,0,0,1,1,0,0,0,0,0,0,0,0,0,0,0,0,0,0,0,0,0,0,0,0,0,0,0,0,0,0,0,0,0,0,0,0,0,0
0,0,0,0,0,0,0,0,0,0,0,0,0,1,0,0,1,0,0,0,0,0,0,1,0,0,1,1,0,3,2,1,2,0,2,2,4,3,2,2,8,3,8,8,14,14,12,15,16,18,22,35,24,36,37,39,51,58,56,75,87,74,101,106,97,121,121,121,122,122,119,143,128,160,189,156,142,163,183,147,147,155,160,158,140,149,129,114,166,137,135,121,141,121,113,109,94,96,83,75,66,71,77,63,78,58,52,38,48,37,33,24,30,30,23,22,24,17,14,12,14,9,12,4,10,6,12,5,3,2,7,6,3,1,1,0,0,1,3,0,2,1,0,0,0,0,0,0,0,0,0,0,0,0,0,0,0,0,0,0,0,0,0,0,0,0,0,0,0,0,0,0,0,0,0,0,0,0,0,0,0,0,0,0,0,0,0,0,0,0,0,0,0,0,0,0,0,0,0,0
0,0,0,0,0,0,0,0,0,0,0,0,0,0,0,0,0,0,0,0,0,0,0,1,0,1,0,3,0,1,1,0,0,2,5,0,1,4,8,5,7,5,10,8,14,17,11,14,23,23,29,34,31,31,34,51,54,63,46,57,72,61,76,81,101,99,126,128,123,116,139,143,136,111,158,139,133,154,144,168,162,161,135,170,139,148,131,137,125,130,121,110,120,122,106,108,90,95,73,90,88,73,64,65,61,37,54,47,43,40,33,32,20,20,28,14,17,21,14,13,13,6,10,8,4,2,9,2,3,3,0,1,3,1,2,0,1,1,1,0,2,0,0,0,0,0,0,0,0,0,0,0,0,0,0,0,0,0,0,0,0,0,0,0,0,0,0,0,0,0,0,0,0,0,0,0,0,0,0,0,0,0,0,0,0,0,0,0,0,0,0,0,0,0,0,0,0,0,0,0
0,0,0,0,0,0,0,0,0,0,0,0,0,0,0,0,0,0,0,0,0,0,0,1,0,0,0,1,1,1,1,2,0,1,0,4,0,7,5,5,6,8,8,4,6,15,11,16,15,14,19,30,38,28,40,36,49,50,52,71,50,73,76,84,92,110,116,120,124,133,131,129,131,114,149,138,163,126,134,138,166,149,157,162,153,132,150,144,133,116,108,121,123,106,98,88,79,79,87,76,66,84,71,50,53,57,47,49,41,30,31,34,25,19,17,17,19,15,10,9,9,9,13,9,6,6,1,3,4,2,5,3,2,1,3,2,0,0,1,0,0,2,1,1,0,0,0,0,0,0,2,0,0,1,0,0,0,0,0,0,0,0,0,0,0,0,0,0,0,0,0,0,0,0,0,0,0,0,0,1,0,0,0,0,0,0,0,0,0,0,0,0,0,0,0,0,0,0,0,0
0,0,0,0,0,0,0,0,0,0,0,0,0,0,0,0,0,0,0,0,0,0,0,0,0,1,0,0,0,3,0,2,1,2,2,2,0,5,9,8,7,8,6,7,14,13,9,20,13,17,25,38,37,51,35,43,50,54,43,73,77,68,75,82,86,105,108,101,121,144,105,135,139,158,161,142,156,135,165,145,152,159,134,158,120,155,141,134,142,116,152,97,108,99,114,98,92,81,85,71,82,67,79,66,46,41,51,41,33,26,23,22,29,22,19,22,16,12,12,11,6,6,9,8,5,7,7,2,5,4,1,5,0,2,3,0,0,2,0,2,0,0,0,2,0,0,0,0,0,0,0,0,0,0,0,0,0,0,0,0,0,0,0,0,0,0,0,0,0,0,0,0,0,0,0,0,0,0,0,0,0,0,0,0,0,0,0,0,0,0,0,0,0,0,0,0,0,0,0,0
0,0,0,0,0,0,0,0,0,0,0,0,0,0,1,0,0,0,0,0,0,0,0,1,0,0,0,0,0,1,1,2,2,0,3,1,3,1,3,3,8,7,4,9,13,18,8,14,16,26,25,30,40,32,41,41,45,42,41,55,61,72,76,80,85,94,86,123,122,122,126,116,128,136,152,135,151,145,151,132,132,146,133,119,158,134,126,117,131,118,105,118,109,112,98,104,85,67,92,67,69,65,62,73,46,47,49,43,37,25,24,24,14,26,20,9,12,17,19,8,13,7,5,6,4,3,8,0,4,4,1,0,3,2,3,0,3,0,0,0,0,1,0,0,0,0,0,0,0,0,0,0,0,0,1,0,0,0,0,0,0,0,0,0,0,0,0,0,0,0,0,0,0,0,0,0,0,0,0,0,0,0,0,0,0,0,0,0,0,0,0,0,0,0,0,0,0,0,0,0
0,0,0,0,0,0,0,0,0,0,0,0,0,0,1,0,0,0,1,0,0,0,1,0,0,0,0,2,0,0,0,1,0,1,4,5,5,4,7,9,6,10,7,13,12,11,9,15,20,18,29,35,26,33,39,42,37,41,46,47,63,66,88,72,87,113,82,104,120,92,136,126,139,143,137,127,134,140,141,151,128,145,140,145,102,129,147,148,118,133,108,100,99,97,96,84,86,81,72,75,71,65,59,47,61,47,45,33,30,34,26,22,24,30,22,19,26,11,8,7,8,12,8,8,7,2,6,6,4,5,4,7,1,2,0,2,2,1,1,1,1,0,0,0,0,0,0,0,1,0,0,0,0,0,0,0,0,0,0,0,0,0,0,0,0,0,0,0,0,0,0,0,0,0,0,0,1,0,0,0,0,0,0,0,0,0,0,0,0,0,0,0,0,0,0,0,0,0,0,0
0,0,0,0,0,0,0,0,0,0,0,0,0,0,0,0,0,1,0,0,0,0,0,1,0,0,1,1,0,0,2,2,3,0,2,3,5,3,3,3,7,11,2,4,7,9,11,11,20,18,30,21,23,30,41,38,42,56,58,72,68,71,96,90,95,96,117,101,102,127,129,134,113,129,123,121,143,136,130,147,135,143,123,129,132,135,138,117,125,95,103,95,84,86,81,82,100,75,83,63,69,66,65,51,37,31,43,47,25,35,29,21,26,27,22,20,17,15,13,11,12,8,13,4,2,4,8,1,3,2,4,3,1,2,4,2,1,0,0,1,1,0,1,0,1,0,0,0,1,0,0,0,0,0,0,0,0,0,0,0,0,0,0,0,0,0,0,0,0,0,0,0,0,0,0,0,0,0,0,0,0,0,0,0,0,0,0,0,0,0,0,0,0,0,0,0,0,0,0,0
0,0,0,0,0,0,0,0,0,0,0,0,0,0,0,0,0,1,0,0,0,0,0,0,0,1,0,0,0,1,0,1,0,1,2,6,2,7,10,7,2,7,4,6,8,15,9,12,25,20,16,28,21,36,39,31,40,44,54,54,78,67,71,74,82,101,86,98,117,105,119,143,120,107,150,135,132,123,126,138,130,121,133,132,117,136,111,114,114,115,122,100,114,104,81,97,75,60,65,59,62,76,67,70,54,54,37,42,34,31,28,23,26,21,14,13,15,12,15,11,8,6,14,8,4,7,6,2,5,4,2,4,2,5,2,1,1,2,0,0,0,1,0,1,0,0,1,0,0,0,0,0,0,0,0,0,0,0,0,0,0,0,1,0,0,0,0,0,0,0,0,0,0,0,0,0,0,0,0,0,0,0,0,0,0,0,0,0,0,0,0,0,0,0,0,0,0,0,0,0
0,0,0,0,0,0,0,0,0,0,0,0,0,0,0,0,0,0,0,0,0,0,1,0,0,1,0,0,0,2,4,1,1,2,2,2,1,2,6,6,5,7,10,7,9,18,13,12,16,21,23,25,24,50,42,27,46,46,64,66,69,76,65,83,93,81,84,99,110,117,125,127,112,103,138,140,134,153,112,120,144,142,137,134,147,119,121,107,114,85,92,111,78,97,104,96,84,81,79,56,58,54,57,51,45,45,38,38,26,30,24,23,24,15,16,13,11,17,8,16,6,8,13,7,7,4,3,4,3,3,4,0,1,2,1,1,3,0,0,0,2,0,0,1,0,0,0,0,1,1,0,0,0,0,0,0,0,0,0,0,0,0,0,0,0,0,0,0,0,0,0,0,0,0,0,0,0,0,0,0,0,0,0,0,0,0,0,0,0,0,0,0,0,0,0,0,0,0,0,0
0,0,0,0,0,0,0,0,0,0,0,0,0,0,0,0,1,1,0,0,0,0,1,0,0,0,3,0,0,0,1,4,3,1,3,2,3,3,5,2,2,3,6,4,11,8,13,13,13,16,18,34,29,31,36,36,43,41,56,71,69,75,83,84,81,88,82,96,92,120,99,109,120,119,118,127,145,143,132,118,127,135,111,119,108,103,101,100,100,122,94,107,87,90,62,66,64,54,72,56,47,53,51,44,35,49,37,38,29,24,23,22,31,18,16,14,13,11,6,5,6,5,10,5,8,5,4,3,1,3,3,3,0,0,1,2,0,0,0,0,2,0,1,0,0,0,0,0,0,1,0,0,0,0,0,0,0,0,0,0,0,0,0,0,0,0,0,0,0,0,0,0,0,0,0,0,0,0,0,0,0,0,0,0,0,0,0,0,0,0,0,0,0,0,0,0,0,0,0,0
0,0,0,0,0,0,0,0,0,0,0,0,0,0,0,0,0,0,1,0,0,0,1,2,0,0,0,0,0,3,0,1,1,2,3,5,4,2,4,1,4,9,7,12,6,7,9,20,23,19,28,36,22,30,33,40,47,48,62,63,58,58,70,75,62,100,77,71,95,114,110,121,98,120,119,119,113,116,112,106,105,121,120,120,109,114,115,110,111,97,104,90,98,91,92,77,60,73,74,68,65,48,55,45,44,36,32,43,33,17,29,31,18,20,14,8,10,10,14,9,10,11,6,6,3,7,1,0,5,5,3,4,3,2,0,0,2,1,0,1,0,0,1,1,0,0,0,0,0,0,0,0,0,0,0,0,0,0,0,0,0,0,0,0,0,0,0,0,0,0,0,0,0,0,0,0,0,0,0,0,0,0,0,0,0,0,0,0,0,0,0,0,0,0,0,0,0,0,0,0
0,0,0,0,0,0,0,0,0,0,0,0,0,0,0,0,0,1,0,0,0,0,0,1,0,0,0,0,1,1,2,3,2,1,5,8,0,3,5,0,2,4,7,6,10,5,6,17,22,22,25,27,24,32,34,42,36,47,35,57,63,51,77,66,70,88,111,90,94,100,119,96,99,115,106,104,116,108,103,121,117,133,111,118,98,101,103,96,106,93,112,87,78,69,81,76,71,82,71,63,57,52,42,53,48,47,33,38,33,25,25,24,23,12,17,12,13,13,7,14,4,11,3,7,2,3,5,8,1,3,3,1,2,1,2,1,0,1,0,0,1,1,1,0,0,0,0,0,0,0,0,0,1,0,0,0,0,0,0,0,0,0,0,0,0,0,0,0,0,0,0,0,0,0,0,0,0,0,0,0,0,0,0,0,0,0,0,0,0,0,0,0,0,0,0,0,0,0,0,0
0,0,0,0,0,0,0,0,0,0,0,0,0,0,0,0,0,0,0,0,0,0,1,2,0,0,0,0,1,0,1,0,2,1,0,3,3,4,4,4,0,4,11,7,8,3,10,17,23,17,24,28,23,28,35,45,49,50,42,57,56,61,70,55,80,91,85,101,96,105,102,119,127,97,104,114,132,113,120,120,116,138,133,138,111,104,112,99,106,103,93,92,95,77,64,77,70,53,56,60,54,61,49,51,44,40,21,32,39,32,27,13,21,17,14,13,9,12,14,14,9,4,9,3,8,5,3,4,3,2,2,3,1,3,0,2,1,0,1,2,1,0,2,0,0,0,0,0,0,0,0,0,0,0,0,0,0,1,0,0,0,1,0,0,0,0,0,0,0,0,0,0,0,0,0,0,0,0,0,0,0,0,0,0,0,0,0,0,0,0,0,0,0,0,0,0,0,0,0,0
0,0,0,0,0,0,0,0,0,0,0,0,0,1,0,0,0,1,0,0,0,0,0,1,0,1,0,0,0,1,0,0,1,0,4,2,3,6,6,7,6,6,3,13,9,11,12,11,23,17,19,30,28,20,37,45,39,40,41,59,70,57,69,75,64,71,94,96,93,101,93,113,97,119,125,107,106,127,97,104,117,116,103,131,110,95,95,106,99,92,85,85,85,78,70,73,72,59,65,57,51,54,53,37,25,25,31,22,25,24,26,12,16,21,16,12,12,13,12,9,6,8,5,8,4,2,4,2,4,3,0,2,1,1,1,1,0,0,0,0,0,0,0,0,1,0,0,0,0,0,0,0,0,0,0,0,0,0,0,0,0,0,0,0,0,0,0,0,0,0,0,0,0,0,0,0,0,0,0,0,0,0,0,0,0,0,0,0,0,0,0,0,0,0,0,0,0,0,0,0
0,0,0,0,0,0,0,0,0,0,0,0,0,0,1,0,0,1,0,0,0,0,0,1,0,0,0,0,0,1,1,0,0,1,4,7,1,4,4,8,8,5,4,7,4,10,12,15,15,18,17,28,32,27,36,37,39,47,42,43,50,58,73,61,59,59,88,106,88,106,86,87,109,102,104,94,100,112,114,111,90,130,94,113,94,94,85,96,106,83,98,93,94,89,79,66,54,66,67,59,47,47,36,30,36,34,40,24,20,26,25,23,14,10,14,17,7,8,7,7,6,6,3,2,3,6,5,4,8,5,2,2,2,1,1,0,0,0,1,1,0,1,0,0,0,0,0,0,0,0,0,0,0,0,0,0,0,0,0,0,0,0,0,0,0,0,0,0,0,0,0,0,0,0,0,0,0,0,0,0,0,0,0,0,0,0,0,0,0,0,0,0,0,0,0,0,0,0,0,0
0,0,0,0,0,0,0,0,0,0,0,0,0,0,0,0,0,0,0,0,0,0,0,0,0,0,1,0,0,0,2,0,1,1,3,3,4,3,3,4,4,5,5,5,8,6,15,14,13,11,17,19,26,26,27,33,46,50,55,47,66,55,65,49,59,82,72,93,92,113,91,98,97,104,85,118,95,125,122,109,85,101,112,121,107,88,109,85,96,98,97,75,72,64,71,74,63,63,68,53,51,47,38,33,37,47,30,22,40,16,24,16,16,22,15,14,6,9,5,7,8,7,6,9,3,0,4,3,0,3,1,1,2,1,0,0,0,0,1,0,0,0,0,0,1,0,0,0,0,0,0,0,0,0,0,0,0,0,0,0,0,0,0,0,0,0,0,0,0,0,0,0,0,0,0,0,0,0,0,0,0,0,0,0,0,0,0,0,0,0,0,0,0,0,0,0,0,0,0,0
0,0,0,0,0,0,0,0,0,0,0,0,0,0,0,0,0,0,0,0,0,0,0,0,0,2,0,0,0,1,0,1,0,0,5,1,2,3,3,2,5,6,7,7,15,16,8,10,19,20,21,16,26,23,36,36,46,43,47,54,46,61,81,65,67,74,89,87,98,72,105,102,103,92,82,106,99,133,98,95,112,96,123,111,101,83,88,86,97,80,82,75,69,72,69,61,57,62,64,50,57,27,48,49,33,39,33,30,25,25,21,16,14,19,8,9,10,12,9,7,7,8,10,9,3,1,4,1,2,0,3,3,0,1,2,0,1,1,0,0,0,0,0,0,0,1,1,1,0,0,0,0,0,0,0,0,0,0,0,0,0,0,0,0,0,0,0,0,0,0,0,0,0,0,0,0,0,0,0,0,0,0,0,0,0,0,0,0,0,0,0,0,0,0,0,0,0,0,0,0
0,0,0,0,0,0,0,0,0,0,0,0,0,0,0,0,0,0,0,0,0,0,0,1,0,0,1,0,0,2,1,1,1,1,1,5,2,4,6,5,6,4,5,10,4,18,10,11,24,16,21,26,18,26,30,37,31,43,44,54,49,57,63,49,55,77,80,74,96,82,101,98,95,105,97,104,123,108,102,87,112,90,109,99,85,93,100,86,83,89,74,75,58,87,54,65,59,49,43,44,43,46,49,39,44,37,42,24,23,22,23,19,25,25,12,9,10,12,9,11,3,6,7,2,5,4,5,4,4,0,1,2,2,0,1,1,0,1,1,0,1,0,0,0,1,0,0,0,0,0,0,0,0,0,0,0,0,0,0,0,0,0,0,0,0,0,0,0,0,0,0,0,0,0,0,0,0,0,0,0,0,0,0,0,0,0,0,0,0,0,0,0,0,0,0,0,0,0,0,0
0,0,0,0,0,0,0,0,0,0,0,0,0,0,0,0,0,0,0,0,0,0,0,1,0,1,1,0,1,3,2,0,1,0,3,5,0,3,2,6,1,6,9,11,8,10,7,14,18,20,21,26,29,29,34,36,25,46,45,61,49,50,67,61,40,72,66,87,86,79,94,98,96,97,102,88,96,102,99,108,117,88,99,117,110,82,78,72,86,72,91,56,64,77,69,68,54,54,52,31,49,34,40,41,27,22,30,19,15,19,17,28,20,9,9,14,12,6,7,9,5,11,7,8,4,10,4,1,1,1,0,1,2,0,2,0,1,2,0,0,0,0,0,0,0,0,0,0,0,0,0,0,0,0,0,0,0,0,0,1,0,0,1,0,0,0,0,0,0,0,0,0,0,0,0,0,0,0,0,0,0,0,0,0,0,0,0,0,0,0,0,0,0,0,0,0,0,0,0,0
0,0,0,0,0,0,0,0,0,0,0,0,0,0,0,0,0,0,0,0,0,0,0,0,0,0,2,0,1,0,0,3,0,2,3,1,4,4,10,4,0,3,6,8,10,6,7,8,19,11,14,23,19,34,33,32,34,42,47,51,41,51,63,68,58,74,82,91,82,76,70,97,80,82,80,94,97,118,99,79,107,109,101,97,91,95,91,86,90,71,77,64,89,73,81,64,62,46,41,46,43,31,44,30,20,20,30,24,27,24,18,17,13,15,5,9,12,5,11,8,7,5,2,6,7,6,4,3,3,1,1,2,1,0,0,0,0,2,4,1,0,2,0,0,0,0,0,0,1,0,0,0,0,0,0,0,0,0,0,0,0,0,0,0,0,0,0,0,0,0,0,0,0,0,0,0,0,0,0,0,0,0,0,0,0,0,0,0,0,0,0,0,0,0,0,0,0,0,0,0
0,0,0,0,0,0,0,0,0,0,0,0,0,0,0,0,0,0,0,0,0,0,0,0,0,0,1,0,0,1,1,2,1,1,0,3,4,3,7,3,4,4,4,5,11,6,8,11,14,15,16,19,25,27,42,21,25,34,35,54,46,64,62,65,68,80,77,67,83,91,81,97,94,87,112,93,85,110,99,81,75,103,104,91,87,83,88,80,92,83,69,69,57,63,58,62,53,46,43,51,35,40,35,30,29,29,28,21,26,22,20,15,9,20,16,15,14,2,8,8,6,8,8,4,2,4,5,2,3,3,4,1,2,0,0,2,0,0,0,2,0,0,0,0,1,0,0,0,0,0,0,0,0,0,0,0,0,0,0,0,0,0,0,0,0,0,0,0,0,0,0,0,0,0,0,0,0,0,0,0,0,0,0,0,0,0,0,0,0,0,0,0,0,0,0,0,0,0,0,0
0,0,0,0,0,0,0,0,0,0,0,0,0,0,0,0,0,0,0,0,0,0,0,1,0,0,0,0,0,1,3,2,1,0,2,1,3,2,2,5,5,4,6,6,6,8,10,10,15,15,12,22,21,28,32,31,35,36,32,43,48,51,41,56,68,73,71,69,76,88,91,82,94,63,93,104,82,108,90,95,103,107,92,87,91,75,87,71,85,81,71,85,63,67,69,71,44,51,44,44,37,34,28,31,31,24,26,25,27,18,16,13,14,13,19,15,8,11,8,4,5,5,6,2,4,3,1,1,3,1,4,3,1,0,1,1,2,0,3,0,1,0,0,0,1,0,0,0,0,1,0,1,0,0,0,0,0,0,0,0,0,0,0,0,0,0,0,0,0,0,0,0,0,0,0,0,0,0,0,0,0,0,0,0,0,0,0,0,0,0,0,0,0,0,0,0,0,0,0,0
0,0,0,0,0,0,0,0,0,0,0,0,0,0,0,0,0,0,0,0,0,0,0,1,0,0,1,1,0,2,2,2,0,1,1,0,5,2,2,2,1,3,8,6,9,6,10,16,11,18,11,18,16,26,29,36,24,52,42,43,42,41,42,62,56,80,73,76,77,77,93,92,96,82,77,91,101,85,89,84,108,99,99,85,86,100,91,76,73,78,76,50,60,67,64,47,43,33,66,52,40,42,26,32,28,26,28,23,29,15,15,21,15,10,16,8,6,9,9,7,3,5,3,3,6,2,3,4,2,4,0,1,0,1,0,0,1,0,0,0,1,0,0,0,0,0,0,1,0,1,0,0,0,0,0,0,0,0,0,0,0,0,0,0,0,0,0,0,0,0,0,0,0,0,0,0,0,0,0,0,0,0,0,0,0,0,0,0,0,0,0,0,0,0,0,0,0,0,0,0
0,0,0,0,0,0,0,0,0,0,0,0,0,0,1,0,0,0,0,0,0,0,0,0,0,1,0,1,0,0,0,2,2,1,1,2,1,2,1,0,2,5,5,5,5,6,8,15,18,12,15,22,29,18,24,24,40,36,42,38,42,43,53,42,62,63,72,47,64,77,89,83,89,75,93,75,67,97,93,88,77,85,99,104,76,100,66,73,81,68,71,62,60,59,55,58,40,44,34,47,37,25,34,39,28,26,25,23,19,17,18,13,20,11,9,10,11,14,5,3,7,10,3,4,2,3,4,3,4,1,0,0,1,1,3,0,0,2,1,0,0,0,0,0,0,0,0,0,0,0,0,0,0,0,0,0,0,0,0,0,0,0,0,0,0,0,0,0,0,0,0,0,0,0,0,0,0,0,0,0,0,0,0,0,0,0,0,0,0,0,0,0,0,0,0,0,0,0,0,0
0,0,0,0,0,0,0,0,0,0,0,0,0,0,0,1,0,0,0,0,0,0,1,1,0,1,0,0,0,1,2,1,1,1,3,3,1,3,4,3,1,6,2,4,5,8,9,11,20,18,12,22,19,24,25,29,19,32,30,40,44,62,48,56,45,73,71,60,64,68,85,98,87,80,100,88,89,66,72,73,87,99,95,80,69,84,79,76,62,56,49,75,51,52,47,56,44,30,43,45,30,36,42,37,35,24,19,21,25,23,18,21,14,9,10,8,10,7,9,5,2,6,6,4,5,5,2,3,2,1,4,1,1,0,2,2,0,1,1,0,1,1,0,0,0,0,0,0,0,0,0,0,0,0,0,0,0,0,0,0,0,0,0,0,0,0,0,0,0,0,0,0,0,0,0,0,0,0,0,0,0,0,0,0,0,0,0,0,0,0,0,0,0,0,0,0,0,0,0,0
0,0,0,0,0,0,0,0,0,0,0,0,0,0,0,0,0,0,0,0,0,0,0,0,0,0,0,0,0,3,0,0,1,1,2,1,1,2,4,4,3,6,5,5,7,14,5,13,13,9,20,24,26,18,34,38,33,33,26,39,54,48,51,59,50,61,55,76,81,84,78,68,71,81,85,66,92,94,90,74,69,83,93,80,78,68,88,61,72,78,61,51,50,45,44,41,45,52,34,43,42,38,35,28,28,21,25,22,23,21,22,13,9,11,13,17,6,9,8,5,5,13,1,3,2,5,2,3,1,0,2,3,1,2,2,1,2,0,0,1,0,0,0,0,0,0,0,0,1,0,0,0,0,0,0,0,0,0,0,0,0,0,0,0,0,0,0,0,0,0,0,0,0,0,0,0,0,0,0,0,0,0,0,0,0,0,0,0,0,0,0,0,0,0,0,0,0,0,0,0
0,0,0,0,0,0,0,0,0,0,0,0,0,0,0,0,1,0,0,0,0,0,0,1,0,1,0,0,1,1,1,0,1,0,1,1,1,1,3,4,2,3,4,8,12,8,9,11,10,15,15,15,26,28,31,32,22,33,38,31,33,40,59,45,44,66,66,55,68,70,73,81,71,69,97,79,74,92,72,88,87,79,60,67,87,68,73,60,67,66,64,60,75,57,43,50,44,49,48,36,41,38,42,18,26,29,22,21,20,25,11,14,12,14,12,14,4,3,8,10,9,3,7,2,4,5,4,0,4,1,1,0,1,3,0,0,0,0,0,1,1,0,0,0,0,2,0,1,1,0,0,0,0,0,0,0,0,0,0,0,0,0,0,0,0,0,0,0,0,0,0,0,0,0,0,0,0,0,0,0,0,0,0,0,0,0,0,0,0,0,0,0,0,0,0,0,0,0,0,0
0,0,0,0,0,0,0,0,0,0,0,0,0,0,0,0,0,0,0,0,0,1,1,0,0,1,0,0,0,1,2,1,0,1,2,2,1,8,3,2,4,5,3,7,9,5,12,12,15,9,17,23,23,28,28,29,34,31,35,43,42,43,42,60,55,67,54,65,71,70,79,72,68,79,69,77,75,80,77,85,98,84,62,73,64,87,65,72,64,63,74,57,63,53,56,59,38,38,41,27,31,23,30,27,30,26,18,17,19,17,12,17,20,9,13,5,10,4,4,5,6,8,6,6,1,4,2,2,4,2,2,0,0,2,3,0,0,0,0,1,0,1,0,0,0,0,0,0,0,0,0,0,0,0,0,0,0,0,0,0,0,0,0,0,0,0,0,0,0,0,0,0,0,0,0,0,0,0,0,0,0,0,0,0,0,0,0,0,0,0,0,0,0,0,0,0,0,0,0,0
0,0,0,0,0,0,0,0,0,0,0,0,0,0,0,0,1,0,0,1,0,0,0,0,0,0,0,0,0,0,0,2,0,0,0,2,0,3,2,1,4,1,8,6,9,7,9,5,17,18,11,22,12,22,20,23,31,36,28,41,45,58,65,52,60,51,56,62,70,70,65,78,69,77,64,85,70,83,59,93,74,73,73,85,67,62,84,73,65,90,75,51,46,51,40,37,40,40,50,46,36,43,34,23,22,23,15,18,15,22,16,16,9,7,8,8,4,6,7,5,6,3,4,3,2,3,3,2,2,0,4,1,2,1,1,1,0,0,0,0,0,0,0,0,0,0,0,0,0,0,0,0,0,0,0,0,1,0,0,0,0,0,0,0,0,0,0,0,0,0,0,0,0,0,0,0,0,0,0,0,0,0,0,0,0,0,0,0,0,0,0,0,0,0,0,0,0,0,0,0
0,0,0,0,0,0,0,0,0,0,0,0,0,0,0,0,0,0,0,0,0,0,0,1,0,0,0,1,0,1,1,1,0,1,2,3,0,2,2,2,2,4,1,2,13,5,4,9,11,11,18,20,18,20,30,29,30,31,34,40,31,60,51,45,55,59,57,56,57,81,72,69,58,66,93,84,87,87,79,57,64,81,57,68,77,61,55,87,75,53,72,50,51,49,51,42,48,43,39,48,29,27,36,21,26,23,22,27,13,15,13,17,16,8,11,4,8,7,5,6,6,5,2,0,1,4,4,0,1,0,1,1,1,1,0,0,1,0,0,0,0,0,0,0,0,0,1,0,0,0,0,0,0,0,0,0,0,0,0,0,0,0,0,0,0,0,0,0,0,0,0,0,0,0,0,0,0,0,0,0,0,0,0,0,0,0,0,0,0,0,0,0,0,0,0,0,0,0,0,0
0,0,0,0,0,0,0,0,0,0,0,0,0,0,1,0,0,0,0,0,0,1,0,0,0,0,0,0,0,1,0,0,2,0,0,1,4,3,6,2,3,4,8,4,6,3,7,9,7,15,14,15,15,30,36,25,29,33,30,51,37,40,51,48,59,50,57,69,77,66,73,59,67,69,82,72,63,56,72,84,78,70,67,82,74,65,62,70,65,56,64,52,53,53,50,44,37,31,39,28,37,23,33,29,30,21,14,12,13,16,12,10,13,7,4,5,5,8,7,6,7,3,2,6,2,3,1,0,2,1,1,1,1,1,1,2,1,0,0,1,0,0,0,0,1,1,0,0,0,0,0,0,0,0,0,0,0,0,0,0,0,0,0,0,0,0,0,0,0,0,0,0,0,0,0,0,0,0,0,0,0,0,0,0,0,0,0,0,0,0,0,0,0,0,0,0,0,0,0,0
0,0,0,0,0,0,0,0,0,0,0,0,0,0,0,0,0,0,0,0,0,1,0,0,0,0,0,0,1,1,0,1,0,1,1,1,2,2,8,1,7,6,6,4,7,6,6,11,8,12,9,17,19,25,20,28,24,36,29,35,34,45,44,51,54,65,67,50,68,66,56,81,72,58,84,62,54,83,74,69,70,78,73,64,66,57,75,59,57,54,47,58,54,49,38,35,38,37,39,33,36,25,34,33,26,18,25,14,14,10,10,14,7,11,4,8,6,7,7,1,4,2,2,8,3,0,0,0,3,1,1,1,0,2,0,0,0,0,0,0,0,0,0,0,0,0,0,0,0,0,0,0,0,0,0,0,0,0,0,1,0,0,0,0,0,0,0,0,0,0,0,0,0,0,0,0,0,0,0,0,0,0,0,0,0,0,0,0,0,0,0,0,0,0,0,0,0,0,0,0
0,0,0,0,0,0,0,0,0,0,0,0,0,0,0,0,0,0,1,0,0,0,1,1,0,0,0,0,0,0,1,1,1,0,0,3,0,2,3,2,3,7,3,3,6,5,5,10,16,16,18,24,21,25,21,28,25,31,23,28,47,36,42,47,44,62,81,47,56,60,73,51,61,66,71,64,68,74,62,62,71,59,79,69,89,60,64,68,58,45,78,50,37,41,52,47,45,43,39,34,28,26,25,28,21,14,16,20,10,10,15,10,8,6,11,7,9,9,4,10,10,6,4,3,2,1,1,2,0,1,2,1,0,1,1,1,0,0,1,0,0,0,0,0,0,0,1,0,0,0,0,0,0,0,0,0,0,0,0,0,0,0,0,0,0,0,0,0,0,0,0,0,0,0,0,0,0,0,0,0,0,0,0,0,0,0,0,0,0,0,0,0,0,0,0,0,0,0,0,0
0,0,0,0,0,0,0,0,0,0,0,0,0,0,0,0,0,0,0,0,0,0,1,3,0,1,0,1,0,1,1,0,0,2,0,2,5,1,3,2,5,2,3,6,3,9,5,17,16,16,12,16,21,16,19,25,25,23,33,27,40,32,45,40,46,41,72,56,77,63,73,49,62,52,67,62,71,69,69,68,65,79,74,54,64,59,62,54,50,61,58,47,54,50,46,46,33,42,29,37,29,23,25,24,25,27,19,15,11,22,8,15,12,7,8,7,7,9,6,3,5,4,2,1,3,0,2,1,3,0,3,2,2,2,0,0,0,0,0,0,0,0,0,0,0,0,0,0,0,0,0,0,1,0,0,0,0,0,0,0,0,0,0,0,0,0,0,0,0,0,0,0,0,0,0,0,0,0,0,0,0,0,0,0,0,0,0,0,0,0,0,0,0,0,0,0,0,0,0,0
0,0,0,0,0,0,0,0,0,0,0,0,0,0,0,0,1,0,0,0,0,0,0,2,0,1,0,0,0,0,2,0,0,1,2,1,2,2,3,2,2,5,7,9,9,4,6,8,8,10,14,20,20,22,27,33,27,30,17,31,34,33,52,41,42,53,61,58,44,55,64,59,59,58,69,65,55,66,54,70,65,52,54,69,66,67,55,50,43,59,61,44,50,41,39,42,39,38,32,31,28,17,24,15,17,18,23,13,23,13,16,11,10,16,4,6,7,7,13,5,3,5,5,3,7,5,3,1,1,2,0,2,3,1,1,1,1,0,1,0,0,0,1,0,0,0,0,0,0,0,0,0,0,0,0,0,0,0,0,0,0,0,0,0,0,0,0,0,0,0,0,0,0,0,0,0,0,0,0,0,0,0,0,0,0,0,0,0,0,0,0,0,0,0,0,0,0,0,0,0
0,0,0,0,0,0,0,0,0,0,0,0,0,0,0,0,0,0,0,0,0,0,1,1,0,0,0,1,1,2,0,2,0,3,2,2,1,5,5,4,3,3,4,1,3,11,5,13,9,12,14,19,15,25,33,30,34,26,31,40,38,35,58,38,51,39,51,44,49,76,66,51,63,56,65,67,67,75,54,66,59,68,54,70,67,62,55,59,60,49,46,44,41,44,32,35,36,29,35,29,31,29,30,22,25,22,15,20,13,13,11,1,6,13,8,7,10,4,3,2,4,5,1,6,1,6,1,1,0,1,0,1,1,0,1,0,2,0,1,0,0,0,0,0,0,0,0,0,0,0,0,0,0,0,0,0,0,0,0,0,0,0,0,0,0,0,0,0,0,0,0,0,0,0,0,0,0,0,0,0,0,0,0,0,0,0,0,0,0,0,0,0,0,0,0,0,0,0,0,0
0,0,0,0,0,0,0,0,0,0,0,0,0,0,0,0,0,0,1,0,0,0,0,0,0,1,0,1,0,1,0,0,0,0,2,1,4,3,1,2,2,5,5,5,9,5,10,10,6,10,10,14,19,25,24,33,19,25,25,43,44,34,36,41,52,52,63,48,58,66,53,60,66,58,54,54,71,73,58,71,59,67,59,59,47,52,68,41,53,61,55,47,44,34,47,37,52,23,30,27,31,24,29,20,18,17,21,15,13,10,14,8,6,12,10,8,5,4,6,6,9,4,3,1,2,1,0,1,1,2,0,1,2,0,1,0,2,0,1,0,0,0,1,0,0,0,0,0,0,0,0,0,0,0,0,0,0,0,0,0,0,0,0,0,0,0,0,0,0,0,0,0,0,0,0,0,0,0,0,0,0,0,0,0,0,0,0,0,0,0,0,0,0,0,0,0,0,0,0,0
0,0,0,0,0,0,0,0,0,0,0,0,0,0,0,0,0,1,0,0,0,0,0,1,0,0,0,0,0,2,0,0,1,2,1,3,0,2,4,5,5,3,2,2,12,8,12,13,20,8,10,14,13,8,22,20,22,28,27,26,30,39,44,55,41,44,45,52,46,71,67,59,46,54,67,44,56,64,53,60,59,85,40,64,45,55,50,54,61,53,57,51,33,41,22,37,29,29,38,33,23,24,22,26,28,16,23,13,17,10,21,15,11,8,11,5,6,7,6,7,3,9,4,2,3,4,3,1,1,2,2,0,0,1,1,0,0,1,0,0,0,1,0,0,1,0,1,0,0,0,0,1,0,0,0,0,0,0,0,0,0,0,0,0,0,0,0,0,0,0,0,0,0,0,0,0,0,0,0,0,0,0,0,0,0,0,0,0,0,0,0,0,0,0,0,0,0,0,0,0
0,0,0,0,0,0,0,0,0,0,0,0,0,0,0,0,0,0,0,0,0,0,0,0,0,1,0,0,0,2,1,0,0,0,3,4,0,2,3,0,3,3,4,4,2,8,7,8,8,13,9,15,14,19,16,22,23,25,38,40,37,37,31,33,51,50,51,44,52,68,50,48,51,52,57,47,63,56,61,45,65,47,51,55,54,64,53,44,53,38,41,49,38,49,36,43,27,28,24,32,23,17,31,29,16,13,13,23,8,13,13,8,11,7,6,7,8,3,7,3,3,3,3,0,4,3,1,2,0,1,2,1,1,2,1,0,0,0,0,0,0,0,0,0,0,0,0,0,0,0,0,0,0,0,0,0,0,0,0,0,0,0,0,0,0,0,0,0,0,0,0,0,0,0,0,0,0,0,0,0,0,0,0,0,0,0,0,0,0,0,0,0,0,0,0,0,0,0,0,0
0,0,0,0,0,0,0,0,0,0,0,0,0,0,0,0,0,0,0,0,0,0,0,1,0,0,0,0,0,1,0,1,3,1,2,1,2,4,4,1,2,2,6,2,7,11,2,12,4,11,7,15,15,21,15,28,24,24,51,36,39,40,41,47,40,34,46,43,40,49,58,61,58,63,66,61,71,64,60,68,73,63,50,52,51,48,58,65,51,51,39,40,43,23,44,38,35,28,21,23,33,26,26,18,22,24,17,14,12,7,15,11,17,7,6,7,7,4,5,4,0,5,2,1,2,1,1,2,2,4,0,1,0,1,2,0,0,0,0,1,0,0,0,1,0,0,0,0,0,0,0,0,0,0,0,0,0,0,0,0,0,0,0,0,0,0,0,0,0,0,0,0,0,0,0,0,0,0,0,0,0,0,0,0,0,0,0,0,0,0,0,0,0,0,0,0,0,0,0,0
0,0,0,0,0,0,0,0,0,0,0,0,0,0,0,0,0,0,0,0,0,0,1,1,0,0,1,0,0,1,1,2,1,1,2,0,1,4,3,5,5,2,2,3,7,8,8,15,13,7,10,15,14,14,16,24,27,27,30,34,41,34,40,37,37,41,42,37,74,44,50,65,51,54,44,45,47,59,43,69,48,43,55,57,53,48,53,40,43,43,45,36,51,34,25,24,29,39,36,23,19,16,17,19,21,14,18,13,17,12,3,11,5,4,10,17,5,9,6,2,4,3,3,4,4,2,1,3,1,2,2,0,0,0,0,1,0,0,0,0,0,0,0,0,0,0,1,0,0,0,0,0,0,0,0,0,0,0,0,0,0,0,0,0,0,0,0,0,0,0,0,0,0,0,0,0,0,0,0,0,0,0,0,0,0,0,0,0,0,0,0,0,0,0,0,0,0,0,0,0
0,0,0,0,0,0,0,0,0,0,0,0,0,0,0,0,0,0,0,0,1,0,0,1,0,0,0,0,0,2,1,0,1,0,1,3,3,1,1,1,1,2,2,2,4,6,4,14,15,7,10,18,23,21,27,9,25,27,25,27,35,42,40,49,31,42,43,49,52,60,48,61,62,50,53,61,55,51,56,63,50,42,51,35,40,47,62,45,34,31,38,30,42,34,35,33,31,30,34,26,33,21,24,15,22,11,12,15,19,12,4,14,7,7,11,6,2,9,5,8,2,5,5,1,1,2,2,1,1,2,2,0,1,1,0,1,0,2,0,0,1,0,0,0,0,0,0,0,0,0,0,0,0,0,0,0,0,0,0,0,0,0,0,0,0,0,0,0,0,0,0,0,0,0,0,0,0,0,0,0,0,0,0,0,0,0,0,0,0,0,0,0,0,0,0,0,0,0,0,0
0,0,0,0,0,0,0,0,0,0,0,0,0,0,0,0,0,0,0,0,0,0,0,1,1,0,0,0,0,1,1,1,0,1,0,2,0,2,2,1,2,9,2,4,4,4,5,12,5,5,12,22,24,21,20,17,19,29,29,27,35,33,38,32,37,37,46,50,45,44,54,42,40,56,53,59,60,50,51,58,53,52,48,59,49,45,49,43,50,42,53,43,41,35,38,29,35,32,29,24,18,20,19,17,18,21,13,17,17,12,11,8,9,7,7,7,6,4,2,4,2,5,1,1,5,3,1,1,1,3,2,2,0,0,1,1,0,1,0,0,0,0,0,0,0,0,0,0,0,0,0,0,0,0,0,0,0,0,0,0,0,0,0,0,0,0,0,0,0,0,0,0,0,0,0,0,0,0,0,0,0,0,0,0,0,0,0,0,0,0,0,0,0,0,0,0,0,0,0,0
0,0,0,0,0,0,0,0,0,0,0,0,0,0,0,0,0,0,0,0,0,0,0,0,0,0,0,1,0,1,0,2,1,0,3,5,2,4,4,3,0,2,0,4,7,5,6,9,3,11,17,19,11,16,18,14,20,23,26,30,34,27,28,34,44,38,40,39,44,35,50,55,46,44,66,39,42,62,53,65,52,50,52,54,60,47,50,43,46,40,41,34,43,33,36,35,27,26,28,33,31,20,19,23,19,15,19,14,12,11,10,7,10,6,7,4,3,7,5,3,2,0,1,2,3,6,1,2,0,0,2,0,0,1,0,0,1,0,0,0,0,0,0,0,0,0,0,0,0,0,0,0,0,0,0,0,0,0,0,0,0,0,0,0,0,0,0,0,0,0,0,0,0,0,0,0,0,0,0,0,0,0,0,0,0,0,0,0,0,0,0,0,0,0,0,0,0,0,0,0
0,0,0,0,0,0,0,0,0,0,0,0,0,0,0,0,0,2,0,0,0,0,0,1,0,0,1,0,0,0,1,0,1,0,3,2,2,3,2,2,0,3,4,0,1,5,6,11,12,9,9,17,16,18,13,26,21,19,22,29,24,20,32,34,38,53,53,47,36,49,52,46,51,49,64,42,54,50,50,64,49,51,50,50,56,54,52,36,43,35,29,41,31,32,39,29,25,20,29,24,20,23,17,18,22,14,12,17,10,11,7,6,9,11,8,4,4,5,3,6,3,8,4,2,0,3,1,1,2,1,0,0,0,1,0,1,0,0,1,1,0,1,0,0,0,0,1,0,1,0,0,0,0,0,0,0,0,0,0,0,0,0,0,0,0,0,0,0,0,0,0,0,0,0,0,0,0,0,0,0,0,0,0,0,0,0,0,0,0,0,0,0,0,0,0,0,0,0,0,0
0,0,0,0,0,0,0,0,0,0,0,0,0,0,0,0,0,0,0,0,0,0,1,0,0,0,0,0,0,0,1,3,0,2,1,1,1,3,2,2,2,2,7,12,5,7,9,11,8,14,12,10,10,12,21,19,23,23,20,23,25,33,34,27,35,48,42,45,43,58,41,43,50,50,52,46,41,55,56,46,53,42,46,51,46,50,46,49,46,40,44,36,30,26,34,27,44,30,29,15,24,17,19,12,15,19,13,12,11,8,8,6,4,10,3,3,6,2,2,6,4,4,2,0,0,1,1,1,0,0,1,2,1,1,1,0,0,1,0,0,0,0,0,0,0,0,1,0,0,0,0,0,0,0,0,0,0,0,0,0,0,0,0,0,0,0,0,0,0,0,0,0,0,0,0,0,0,0,0,0,0,0,0,0,0,0,0,0,0,0,0,0,0,0,0,0,0,0,0,0
0,0,0,0,0,0,0,0,0,0,0,0,0,0,0,0,0,0,0,0,0,0,0,2,0,0,0,1,0,1,0,0,1,0,4,0,3,3,3,3,1,2,6,4,5,5,2,11,8,8,9,13,18,13,14,24,12,19,28,30,32,35,26,23,33,37,45,38,48,48,48,53,41,50,49,49,63,48,54,48,51,58,53,46,39,40,40,40,34,36,46,30,41,35,44,30,24,22,26,21,23,14,14,22,12,16,10,12,8,9,8,14,9,5,7,2,7,2,4,5,1,0,6,3,1,1,1,2,1,1,1,0,0,0,0,0,0,1,0,0,1,0,0,0,0,0,0,0,0,0,0,0,0,0,0,0,0,0,0,0,0,0,0,0,0,0,0,0,0,0,0,0,0,0,0,0,0,0,0,0,0,0,0,0,0,0,0,0,0,0,0,0,0,0,0,0,0,0,0,0
0,0,0,0,0,0,0,0,0,0,0,0,0,0,0,0,0,0,0,0,0,1,0,0,0,0,0,0,0,2,0,0,0,0,1,1,2,2,3,4,2,1,7,5,6,5,5,0,9,13,11,18,16,13,16,22,20,15,23,21,24,30,25,31,37,44,40,39,33,43,43,45,48,45,49,54,44,38,59,40,48,37,32,55,38,54,46,43,41,39,33,28,27,49,32,36,22,28,18,21,14,21,16,17,10,8,11,7,16,13,5,9,8,9,10,3,2,5,7,4,2,4,4,2,2,0,0,2,2,1,1,0,0,0,1,1,0,0,1,0,0,0,0,0,0,0,0,0,0,0,0,0,0,0,0,0,0,0,0,0,0,0,0,0,0,0,0,0,0,0,0,0,0,0,0,0,0,0,0,0,0,0,0,0,0,0,0,0,0,0,0,0,0,0,0,0,0,0,0,0
0,0,0,0,0,0,0,0,0,0,0,0,0,0,1,0,0,0,0,0,0,0,1,1,0,0,1,0,0,1,1,0,0,2,0,4,1,1,3,3,2,2,4,1,4,5,6,2,8,6,4,20,7,13,22,17,20,23,23,30,20,33,28,33,33,51,41,41,37,38,49,64,42,44,50,51,42,50,40,39,40,49,35,39,37,50,44,39,35,33,39,30,36,25,19,25,25,21,16,21,25,11,16,17,5,13,13,12,9,8,7,8,9,5,5,1,3,3,0,3,1,5,2,3,1,1,2,1,0,0,0,1,0,0,1,0,0,0,0,0,0,0,0,0,0,0,0,0,0,0,0,0,0,0,0,0,0,0,0,0,0,0,0,0,0,0,0,0,0,0,0,0,0,0,0,0,0,0,0,0,0,0,0,0,0,0,0,0,0,0,0,0,0,0,0,0,0,0,0,0
0,0,0,0,0,0,0,0,0,0,0,0,0,0,0,0,0,0,0,0,0,0,0,1,0,0,0,0,0,0,0,1,1,1,1,0,1,3,2,1,3,1,2,7,6,4,2,3,7,8,10,16,11,15,15,17,17,11,19,27,21,14,28,32,34,35,29,42,58,43,41,43,42,56,49,52,43,61,31,39,45,43,51,41,52,37,43,40,34,40,29,34,29,33,26,32,26,14,28,33,25,12,14,19,16,11,9,6,12,11,11,13,5,13,3,5,6,6,6,5,3,4,4,1,2,3,0,3,2,0,1,2,0,0,2,0,0,1,0,0,1,0,0,0,0,0,1,0,0,0,0,0,0,0,0,0,0,0,0,0,0,0,0,0,0,0,0,0,0,0,0,0,0,0,0,0,0,0,0,0,0,0,0,0,0,0,0,0,0,0,0,0,0,0,0,0,0,0,0,0
0,0,0,0,0,0,0,0,0,0,0,0,0,0,0,0,0,0,0,0,0,1,0,0,0,0,0,0,0,1,0,1,0,1,0,1,1,0,2,2,2,0,5,2,6,8,6,9,8,12,12,9,20,13,22,15,16,19,16,28,26,29,28,22,32,37,35,33,44,43,46,38,36,38,45,51,38,58,46,50,54,52,42,53,40,39,26,39,38,32,34,29,21,31,26,21,23,37,23,13,25,16,17,15,8,16,11,15,13,3,9,4,12,8,7,2,4,5,4,4,5,3,1,1,4,2,0,0,1,0,2,1,1,1,0,0,0,0,0,1,0,0,0,0,0,0,0,0,0,0,0,0,0,0,0,0,0,0,0,0,0,0,0,0,0,0,0,0,0,0,0,0,0,0,0,0,0,0,0,0,0,0,0,0,0,0,0,0,0,0,0,0,0,0,0,0,0,0,0,0
0,0,0,0,0,0,0,0,0,0,0,0,0,0,0,0,0,0,0,0,0,0,1,1,0,1,0,0,1,0,0,0,1,0,1,0,2,3,2,2,2,1,3,5,6,6,5,8,2,11,10,15,19,10,18,18,13,17,29,20,28,23,27,35,33,36,46,48,37,40,47,42,32,42,50,36,44,52,44,30,43,46,46,53,43,44,36,43,35,36,25,34,37,28,31,27,20,17,20,23,25,17,13,19,18,16,9,12,5,11,11,9,8,4,12,3,0,5,2,3,4,1,2,1,0,0,1,0,0,0,0,1,1,0,0,0,0,0,0,0,0,0,0,0,0,0,0,0,0,0,0,0,0,0,0,0,0,0,0,0,0,0,0,0,0,0,0,0,0,0,0,0,0,0,0,0,0,0,0,0,0,0,0,0,0,0,0,0,0,0,0,0,0,0,0,0,0,0,0,0
0,0,0,0,0,0,0,0,0,0,0,0,0,0,0,0,0,0,0,0,0,1,0,1,0,0,1,1,0,3,0,1,0,0,0,1,0,2,1,0,2,5,1,8,4,2,7,6,8,7,12,9,15,13,15,17,14,23,18,23,25,27,26,25,38,31,31,24,42,36,50,40,33,50,46,47,36,38,40,41,45,42,33,41,42,39,33,32,36,29,28,27,32,28,27,33,25,26,13,15,14,13,17,6,14,13,11,8,5,7,5,4,6,10,2,3,2,4,7,5,1,3,2,1,2,3,0,3,1,0,1,0,1,1,0,0,0,0,0,0,1,0,1,0,0,0,0,0,0,0,0,0,0,0,0,0,0,0,0,0,0,0,0,0,0,0,0,0,0,0,0,0,0,0,0,0,0,0,0,0,0,0,0,0,0,0,0,0,0,0,0,0,0,0,0,0,0,0,0,0
0,0,0,0,0,0,0,0,0,0,0,0,0,0,0,0,0,0,0,0,0,0,0,1,0,0,1,0,0,1,1,0,0,1,0,2,1,3,3,4,2,2,1,5,4,5,6,10,10,5,8,7,10,17,17,16,19,22,20,21,28,27,30,24,27,38,37,33,44,36,42,44,40,43,48,48,39,40,48,44,37,53,38,38,35,31,43,32,32,37,34,31,19,30,23,13,27,24,18,20,16,11,13,8,12,12,10,8,9,13,6,9,6,10,4,4,5,5,5,6,0,1,2,1,6,1,2,0,0,0,0,0,0,0,0,0,0,1,1,0,1,0,0,0,0,0,0,0,0,0,0,0,0,0,0,0,0,0,0,0,0,0,0,0,0,0,0,0,0,0,0,0,0,0,0,0,0,0,0,0,0,0,0,0,0,0,0,0,0,0,0,0,0,0,0,0,0,0,0,0
0,0,0,0,0,0,0,0,0,0,0,0,0,0,1,0,0,0,0,0,0,0,0,1,0,0,1,0,0,1,0,0,0,2,1,3,0,2,3,2,4,1,2,2,6,2,5,5,7,11,5,12,12,16,16,16,19,15,21,28,24,27,24,24,23,44,32,30,20,35,47,35,43,30,47,33,32,41,48,33,37,37,44,45,41,45,38,28,37,41,21,24,31,33,24,31,21,22,20,11,20,22,12,11,15,16,8,3,6,12,9,7,5,14,4,3,5,10,4,4,3,3,2,1,1,2,1,0,5,0,1,0,0,1,0,1,0,0,0,1,0,0,0,0,0,0,0,0,0,0,0,0,0,0,0,0,0,0,0,0,0,0,0,0,0,0,0,0,0,0,0,0,0,0,0,0,0,0,0,0,0,0,0,0,0,0,0,0,0,0,0,0,0,0,0,0,0,0,0,0
0,0,0,0,0,0,0,0,0,0,0,0,0,0,0,0,0,0,1,0,0,0,0,0,0,1,0,0,0,0,0,0,1,4,0,1,4,6,2,1,1,2,2,3,2,5,5,3,4,6,10,11,14,10,12,14,15,21,14,26,29,26,23,24,22,35,36,33,26,29,36,31,36,30,42,42,37,50,36,31,38,46,37,42,36,42,39,31,41,28,29,26,34,21,18,23,25,21,23,17,14,10,13,12,19,16,16,11,12,11,8,12,5,4,6,7,9,1,0,2,4,4,2,1,2,0,2,0,0,1,1,0,0,3,0,1,2,1,0,0,0,0,0,0,0,1,0,0,0,0,0,0,0,0,0,0,0,0,0,0,0,0,0,0,0,0,0,0,0,0,0,0,0,0,0,0,0,0,0,0,0,0,0,0,0,0,0,0,0,0,0,0,0,0,0,0,0,0,0,0
0,0,0,0,0,0,0,0,0,0,0,0,0,0,1,0,0,0,0,0,0,0,0,0,0,0,0,0,0,2,1,0,2,0,2,1,1,3,2,6,4,4,1,1,5,1,3,11,4,9,4,5,14,8,13,12,14,24,18,19,18,25,23,30,23,34,29,31,37,33,33,38,30,24,62,44,31,43,39,29,37,50,28,36,28,33,37,32,32,27,29,25,23,34,29,19,25,25,13,16,18,13,12,10,22,9,6,13,9,9,7,8,6,5,1,3,7,1,6,4,2,2,3,1,3,3,1,2,1,0,0,0,1,0,0,0,0,1,1,0,0,0,0,0,0,0,0,0,0,0,0,0,0,0,0,0,0,0,0,0,0,0,0,0,0,0,0,0,0,0,0,0,0,0,0,0,0,0,0,0,0,0,0,0,0,0,0,0,0,0,0,0,0,0,0,0,0,0,0,0
0,0,0,0,0,0,0,0,0,0,0,0,0,0,0,0,1,0,0,0,0,0,0,1,0,0,0,0,0,0,0,1,3,1,0,1,2,3,2,2,3,3,1,2,6,6,6,10,2,5,7,13,9,8,16,17,20,17,20,27,19,25,26,30,15,19,43,27,35,39,33,40,35,44,39,29,43,31,42,33,37,43,41,44,36,44,24,31,33,39,36,27,20,25,18,22,24,19,10,15,13,13,12,14,7,6,9,18,11,7,8,5,10,5,2,1,7,4,2,2,3,3,2,2,2,1,3,2,1,1,0,1,0,0,0,0,1,0,0,0,0,0,0,0,0,0,0,0,0,0,0,0,0,0,0,1,0,0,0,0,0,0,0,0,0,0,0,0,0,0,0,0,0,0,0,0,0,0,0,0,0,0,0,0,0,0,0,0,0,0,0,0,0,0,0,0,0,0,0,0
0,0,0,0,0,0,0,0,0,0,0,0,0,0,0,0,0,0,0,1,0,0,0,0,0,1,1,0,1,0,1,0,0,0,1,0,3,2,1,3,4,5,3,4,2,3,6,9,3,7,8,15,11,13,16,11,11,16,15,27,16,25,29,21,36,33,40,30,34,32,35,36,37,36,28,37,26,34,34,31,38,33,38,37,31,31,36,40,20,30,39,28,19,25,25,15,19,13,19,15,13,11,12,12,14,21,9,11,12,8,6,8,1,4,5,7,2,1,5,0,1,3,3,3,1,0,2,2,2,0,0,1,0,0,1,0,0,0,0,1,1,0,0,0,0,0,0,0,0,1,0,0,0,0,0,0,0,0,0,0,0,0,0,0,0,0,0,0,0,0,0,0,0,0,0,0,0,0,0,0,0,0,0,0,0,0,0,0,0,0,0,0,0,0,0,0,0,0,0,0
0,0,0,0,0,0,0,0,0,0,0,0,0,0,0,0,0,0,0,0,0,0,0,0,0,0,0,1,0,0,0,1,3,0,0,3,2,1,2,4,2,3,3,4,0,5,6,7,5,5,11,15,13,13,9,12,7,20,20,19,20,21,17,24,15,29,21,32,25,45,40,28,40,25,41,39,35,36,35,43,25,45,37,33,32,32,29,29,27,27,31,25,29,24,28,19,18,18,16,15,13,17,6,11,8,9,6,9,12,6,5,10,8,7,4,2,4,2,5,5,2,2,0,2,2,3,1,2,0,2,0,1,0,0,0,0,1,1,0,0,0,0,0,0,0,0,0,0,0,0,0,0,0,0,0,0,0,0,0,0,0,0,0,0,0,0,0,0,0,0,0,0,0,0,0,0,0,0,0,0,0,0,0,0,0,0,0,0,0,0,0,0,0,0,0,0,0,0,0,0
0,0,0,0,0,0,0,0,0,0,0,0,0,0,0,0,0,0,0,0,0,0,0,1,0,1,0,1,0,0,0,0,0,0,1,2,1,3,2,1,2,2,5,2,2,5,4,4,9,8,8,6,11,13,18,19,15,17,17,13,17,21,23,24,15,37,37,29,40,30,31,39,35,29,30,32,37,53,27,39,45,32,23,33,35,30,37,32,35,27,20,17,22,21,26,23,15,12,19,22,18,12,24,6,8,14,10,5,5,6,6,6,7,2,8,3,3,2,4,3,1,1,1,2,1,2,2,2,1,1,2,0,1,0,2,0,0,0,0,1,0,0,0,1,0,0,0,1,0,0,0,0,0,0,0,0,0,0,0,0,0,0,0,0,0,0,0,0,0,0,0,0,0,0,0,0,0,0,0,0,0,0,0,0,0,0,0,0,0,0,0,0,0,0,0,0,0,0,0,0
0,0,0,0,0,0,0,0,0,0,0,0,0,0,0,0,0,0,0,0,0,0,0,2,0,0,0,0,0,2,1,1,1,1,1,5,1,1,2,2,0,1,4,2,6,1,3,9,13,5,6,14,19,9,10,8,15,16,20,17,28,16,21,20,26,34,30,39,29,29,30,25,41,45,43,30,34,44,27,27,30,28,44,27,32,35,18,20,35,19,24,16,17,22,18,27,19,17,21,19,10,6,9,8,9,12,10,7,5,5,6,4,5,3,4,5,2,3,3,2,1,6,1,1,1,2,1,0,1,1,0,1,0,0,1,0,0,0,0,0,0,0,0,0,0,0,0,0,0,0,0,0,0,0,0,0,0,0,0,0,0,0,0,0,0,0,0,0,0,0,0,0,0,0,0,0,0,0,0,0,0,0,0,0,0,0,0,0,0,0,0,0,0,0,0,0,0,0,0,0
0,0,0,0,0,0,0,0,0,0,0,0,0,0,0,0,0,0,0,0,0,0,1,1,0,0,0,0,0,1,1,0,0,0,3,0,2,3,1,1,1,5,3,0,6,5,3,8,2,10,10,8,9,8,7,12,12,11,14,20,11,19,25,20,28,26,31,29,23,42,33,31,32,29,31,43,35,30,31,39,33,35,24,20,26,22,18,29,26,27,23,29,20,22,11,11,15,19,20,15,11,15,11,6,9,9,6,7,8,4,8,4,3,5,2,7,4,3,3,4,1,3,2,4,1,1,1,2,0,0,1,0,0,0,0,0,0,0,0,0,0,0,0,0,0,0,0,0,0,0,0,0,0,0,0,0,0,0,0,0,0,0,0,0,0,0,0,0,0,0,0,0,0,0,0,0,0,0,0,0,0,0,0,0,0,0,0,0,0,0,0,0,0,0,0,0,0,0,0,0
0,0,0,0,0,0,0,0,0,0,0,0,0,0,0,0,0,0,0,0,0,0,0,0,0,0,0,0,0,0,0,0,0,1,3,0,0,3,2,0,1,4,5,2,3,1,4,2,10,3,4,6,7,7,11,12,16,13,18,23,26,18,23,20,26,15,27,29,42,27,27,24,42,32,42,34,37,31,34,38,32,27,27,31,31,29,32,17,23,24,26,19,21,24,23,12,14,20,16,16,14,14,9,17,7,4,8,6,5,13,7,6,2,5,3,4,7,2,2,1,3,2,3,1,1,2,1,0,1,2,2,1,0,0,1,0,0,0,0,0,0,0,0,0,0,0,0,0,0,0,0,0,0,0,0,0,0,0,0,0,0,0,0,0,0,0,0,0,0,0,0,0,0,0,0,0,0,0,0,0,0,0,0,0,0,0,0,0,0,0,0,0,0,0,0,0,0,0,0,0
0,0,0,0,0,0,0,0,0,0,0,0,0,0,0,0,0,0,0,0,0,0,0,1,0,0,1,0,0,0,1,0,1,0,1,4,0,1,3,4,2,1,4,5,3,7,4,6,4,4,7,12,6,9,14,8,10,14,16,29,19,22,23,31,22,15,24,22,25,27,32,39,31,32,36,36,30,26,41,22,31,28,20,29,25,28,29,23,22,20,28,31,26,18,11,13,19,14,13,14,9,8,12,9,3,14,2,4,9,0,13,2,7,5,5,2,3,5,3,1,4,2,1,2,3,1,1,0,0,0,0,0,0,0,0,0,1,0,0,0,0,0,0,0,0,0,0,0,0,0,0,0,0,0,0,0,0,0,0,0,0,0,0,0,0,0,0,0,0,0,0,0,0,0,0,0,0,0,0,0,0,0,0,0,0,0,0,0,0,0,0,0,0,0,0,0,0,0,0,0
0,0,0,0,0,0,0,0,0,0,0,0,0,0,0,0,0,0,0,0,0,1,0,0,0,0,0,0,0,0,1,0,1,1,2,2,1,1,0,0,1,2,2,3,4,1,4,3,4,4,6,7,7,4,11,12,12,15,17,20,18,15,20,31,19,25,24,24,36,22,25,31,26,26,32,41,28,32,39,23,37,32,23,26,27,36,34,23,28,16,17,24,27,16,27,20,14,15,12,11,16,17,9,16,9,8,9,8,7,4,5,3,4,2,1,3,3,5,4,3,1,3,3,2,1,1,0,1,1,1,0,0,0,1,0,0,0,0,0,1,0,0,0,0,0,0,0,0,0,0,0,0,0,0,0,0,0,0,0,0,0,0,0,0,0,0,0,0,0,0,0,0,0,0,0,0,0,0,0,0,0,0,0,0,0,0,0,0,0,0,0,0,0,0,0,0,0,0,0,0
0,0,0,0,0,0,0,0,0,0,0,0,0,0,0,0,0,0,0,0,0,0,0,0,0,0,1,0,0,2,1,0,0,2,1,3,0,1,0,2,5,2,3,3,3,10,3,5,9,7,7,8,14,8,10,11,16,11,11,16,30,17,25,22,24,26,26,36,28,37,32,23,25,26,38,33,28,23,31,24,35,29,21,28,23,22,22,21,28,15,32,23,23,18,18,18,8,19,15,7,10,11,6,7,15,7,3,7,1,6,4,6,6,1,4,2,6,0,3,2,1,3,1,1,1,0,0,1,0,0,0,0,0,0,0,1,0,1,0,0,0,0,0,0,0,0,0,0,0,0,0,0,0,0,0,0,0,0,0,0,0,0,0,0,0,0,0,0,0,0,0,0,0,0,0,0,0,0,0,0,0,0,0,0,0,0,0,0,0,0,0,0,0,0,0,0,0,0,0,0
0,0,0,0,0,0,0,0,0,0,0,0,0,0,0,0,0,0,0,0,0,0,0,0,0,0,0,0,0,0,1,0,0,0,0,1,0,0,0,1,1,1,0,0,3,6,6,4,6,9,4,9,10,5,11,10,10,13,12,19,17,18,21,17,23,27,26,23,29,23,30,45,24,21,34,30,28,25,29,26,27,20,27,25,24,20,24,21,27,15,25,27,29,14,17,13,14,16,14,12,9,8,9,6,6,4,5,5,6,5,3,4,8,6,2,2,3,4,1,1,6,2,2,0,1,1,0,2,0,0,1,0,0,0,1,0,0,0,0,0,0,0,0,0,0,0,0,0,0,0,0,0,0,0,0,0,0,0,0,0,0,0,0,0,0,0,0,0,0,0,0,0,0,0,0,0,0,0,0,0,0,0,0,0,0,0,0,0,0,0,0,0,0,0,0,0,0,0,0,0
0,0,0,0,0,0,0,0,0,0,0,0,0,0,0,0,0,0,0,0,0,0,0,0,0,0,0,0,0,0,0,0,0,2,0,1,1,1,3,0,1,2,3,0,3,2,4,4,3,10,8,9,11,9,17,13,15,14,13,20,16,14,19,21,23,25,21,17,22,20,17,34,35,31,31,34,36,30,28,23,34,16,27,28,19,27,28,30,21,15,25,26,16,15,21,7,11,16,12,20,10,18,10,10,12,10,7,6,7,6,6,7,4,3,6,2,3,1,2,2,2,0,1,3,2,0,0,1,0,0,1,1,1,0,0,0,0,1,0,0,0,0,0,0,0,0,0,0,0,0,0,0,0,0,0,0,0,0,0,0,0,0,0,0,0,0,0,0,0,0,0,0,0,0,0,0,0,0,0,0,0,0,0,0,0,0,0,0,0,0,0,0,0,0,0,0,0,0,0,0
0,0,0,0,0,0,0,0,0,0,0,0,0,0,0,0,0,1,0,0,0,0,0,0,1,0,0,1,0,0,0,0,1,1,0,0,0,1,4,3,4,3,0,3,2,6,5,3,6,8,6,5,9,10,13,11,8,12,21,16,14,17,18,27,30,24,24,23,18,20,28,28,20,27,33,42,21,33,21,32,27,27,26,37,19,25,17,34,17,19,19,15,19,13,18,16,17,12,10,12,16,14,10,7,10,9,6,7,4,10,7,4,4,4,3,2,4,2,1,1,2,0,1,2,1,1,1,0,0,0,0,1,0,0,0,0,0,0,0,0,0,0,0,0,0,0,0,0,0,0,0,0,0,0,0,0,0,0,0,0,0,0,0,0,0,0,0,0,0,0,0,0,0,0,0,0,0,0,0,0,0,0,0,0,0,0,0,0,0,0,0,0,0,0,0,0,0,0,0,0
0,0,0,0,0,0,0,0,0,0,0,0,0,0,0,0,0,0,0,0,0,0,0,0,0,0,1,0,0,0,0,1,0,0,1,0,2,1,1,3,2,3,3,2,1,5,5,2,2,2,4,3,12,17,8,10,6,18,15,10,17,14,20,18,18,25,25,18,20,31,16,27,26,19,33,31,25,31,28,15,23,27,24,28,18,26,16,22,18,15,17,18,30,29,13,15,16,14,10,8,13,8,8,11,9,9,9,8,5,7,6,2,4,3,2,3,0,1,2,3,2,3,1,4,0,0,0,0,1,0,0,1,2,0,0,0,0,0,0,0,0,0,0,0,0,0,0,0,0,0,0,0,0,0,0,0,0,0,0,0,0,0,0,0,0,0,0,0,0,0,0,0,0,0,0,0,0,0,0,0,0,0,0,0,0,0,0,0,0,0,0,0,0,0,0,0,0,0,0,0
0,0,0,0,0,0,0,0,0,0,0,0,0,0,0,0,0,0,0,0,0,0,0,0,0,0,0,0,0,0,2,0,0,1,1,0,1,1,3,0,2,2,4,1,4,5,10,8,8,4,6,7,9,8,12,6,14,13,17,24,12,20,13,16,13,15,25,16,22,26,22,23,27,22,29,21,30,29,20,30,17,25,25,35,33,30,22,19,16,30,22,16,25,17,11,13,14,17,13,9,13,6,12,13,10,13,6,6,3,9,3,5,5,7,2,6,2,2,2,4,1,1,0,2,1,1,0,0,0,0,0,0,0,1,0,0,0,0,1,0,0,0,0,0,0,0,1,0,0,0,0,0,0,0,0,0,0,0,0,0,0,0,0,0,0,0,0,0,0,0,0,0,0,0,0,0,0,0,0,0,0,0,0,0,0,0,0,0,0,0,0,0,0,0,0,0,0,0,0,0
0,0,0,0,0,0,0,0,0,0,0,0,0,0,0,0,0,0,0,0,0,0,0,0,0,0,0,0,0,2,1,0,1,1,1,1,2,1,0,1,1,1,3,2,4,5,3,5,3,5,4,12,11,11,13,12,9,15,17,11,24,19,24,14,26,35,21,26,29,28,21,36,19,21,24,16,28,16,23,27,19,20,25,26,27,19,21,19,21,20,12,26,16,14,12,15,9,11,10,11,9,13,6,6,9,2,5,7,4,3,3,7,1,1,2,4,1,1,6,1,0,1,0,0,1,1,0,0,0,0,0,0,1,1,0,0,0,1,0,0,1,0,0,0,0,0,0,0,0,0,0,0,0,0,0,0,0,0,0,0,0,0,0,0,0,0,0,0,0,0,0,0,0,0,0,0,0,0,0,0,0,0,0,0,0,0,0,0,0,0,0,0,0,0,0,0,0,0,0,0
0,0,0,0,0,0,0,0,0,0,0,0,0,0,0,0,0,0,0,0,0,0,0,0,0,0,0,0,0,0,2,0,0,0,2,3,1,1,2,3,2,2,2,3,3,1,3,5,7,6,7,5,8,11,4,10,10,15,18,18,22,18,13,24,19,20,25,24,22,17,23,21,23,27,23,28,18,31,22,28,26,12,24,28,22,17,12,23,15,17,19,16,20,13,15,11,17,12,11,8,10,16,10,5,8,8,9,6,4,10,1,1,2,1,2,5,3,0,1,3,2,2,3,1,2,1,1,2,1,0,1,1,0,0,0,0,1,1,0,0,0,0,0,1,0,1,0,0,0,0,0,0,0,0,0,0,0,0,0,0,0,0,0,0,0,0,0,0,0,0,0,0,0,0,0,0,0,0,0,0,0,0,0,0,0,0,0,0,0,0,0,0,0,0,0,0,0,0,0,0
0,0,0,0,0,0,0,0,0,0,0,0,0,0,0,0,0,0,0,0,0,0,1,0,0,0,0,0,0,3,1,0,0,0,2,0,1,1,1,2,2,1,2,2,2,3,1,2,5,6,6,11,8,9,9,15,9,9,16,13,14,14,9,11,25,18,10,30,29,14,27,22,24,26,31,29,20,22,18,22,24,22,23,28,18,29,21,22,16,25,13,15,15,15,20,11,11,9,5,11,12,13,8,9,4,5,7,4,1,2,2,5,4,5,4,2,2,4,1,1,1,1,0,1,1,0,0,1,1,0,0,0,0,2,0,0,0,0,0,0,0,0,0,0,0,0,0,0,0,0,0,0,0,0,0,0,0,0,0,0,0,0,0,0,0,0,0,0,0,0,0,0,0,0,0,0,0,0,0,0,0,0,0,0,0,0,0,0,0,0,0,0,0,0,0,0,0,0,0,0
0,0,0,0,0,0,0,0,0,0,0,0,0,0,0,0,0,0,0,0,0,0,0,0,0,0,0,0,0,1,0,0,0,0,1,1,0,1,2,1,3,2,2,1,3,4,2,5,5,8,5,8,6,9,15,15,8,13,14,19,18,14,16,13,21,32,15,15,17,19,29,26,25,15,21,13,24,25,19,26,18,17,26,20,15,27,17,21,24,11,15,19,15,18,14,15,8,7,11,12,12,8,11,2,2,2,10,3,4,7,5,1,3,1,5,2,1,2,1,1,1,2,1,2,1,1,0,0,0,0,0,1,0,0,0,0,0,0,1,1,0,0,0,0,0,0,0,0,0,0,0,0,0,0,0,0,0,0,0,0,0,0,0,0,0,0,0,0,0,0,0,0,0,0,0,0,0,0,0,0,0,0,0,0,0,0,0,0,0,0,0,0,0,0,0,0,0,0,0,0
0,0,0,0,0,0,0,0,0,0,0,0,0,0,0,0,0,0,0,0,0,0,1,1,0,0,0,0,0,1,0,1,0,0,4,3,0,0,2,3,0,1,4,3,5,5,4,2,4,4,7,9,7,11,13,14,11,8,15,9,20,17,20,16,16,23,20,29,16,24,29,16,17,18,20,26,27,22,34,22,26,22,15,21,21,28,13,17,19,17,19,10,13,16,14,13,9,11,13,12,8,9,10,7,3,6,8,3,4,7,4,6,7,4,1,3,3,3,1,1,2,2,1,1,2,1,0,1,0,0,0,0,0,0,0,0,0,0,0,0,0,0,0,0,0,1,0,0,0,0,0,0,0,0,0,0,0,0,0,0,0,0,0,0,0,0,0,0,0,0,0,0,0,0,0,0,0,0,0,0,0,0,0,0,0,0,0,0,0,0,0,0,0,0,0,0,0,0,0,0
0,0,0,0,0,0,0,0,0,0,0,0,0,0,0,0,0,0,0,0,0,0,0,0,0,0,0,0,0,1,0,0,0,2,0,0,1,2,0,0,2,2,0,0,2,3,2,4,3,6,2,7,9,10,8,5,7,15,13,10,10,21,14,18,18,28,17,21,18,24,20,21,28,19,31,30,19,25,12,18,20,18,25,24,21,16,21,16,19,18,17,15,18,13,18,15,14,11,13,11,7,11,7,7,8,4,4,3,4,2,9,3,3,2,3,5,1,1,3,1,2,3,1,1,1,1,2,1,1,0,0,1,0,0,0,0,0,0,0,0,0,1,0,0,0,1,0,0,0,0,0,0,0,0,0,0,0,0,0,0,0,0,0,0,0,0,0,0,0,0,0,0,0,0,0,0,0,0,0,0,0,0,0,0,0,0,0,0,0,0,0,0,0,0,0,0,0,0,0,0
0,0,0,0,0,0,0,0,0,0,0,0,0,0,0,0,0,0,0,0,0,0,0,0,0,1,0,0,0,0,1,0,0,0,0,0,0,1,0,1,1,0,3,1,3,1,0,6,7,8,4,8,8,4,13,6,8,6,16,14,17,12,17,18,20,27,15,16,14,19,15,28,23,23,16,21,19,25,26,22,18,17,20,21,20,20,19,15,18,17,11,18,20,15,16,16,8,16,13,12,5,11,9,9,8,3,13,5,4,5,4,4,1,1,1,1,3,0,2,2,3,1,2,1,1,0,2,1,0,1,0,0,1,0,1,0,0,0,0,0,0,0,0,0,0,0,0,0,0,0,0,0,0,0,0,0,0,0,0,0,0,0,0,0,0,0,0,0,0,0,0,0,0,0,0,0,0,0,0,0,0,0,0,0,0,0,0,0,0,0,0,0,0,0,0,0,0,0,0,0
0,0,0,0,0,0,0,0,0,0,0,0,0,0,0,0,0,0,0,0,0,1,0,0,0,0,0,1,0,0,0,0,0,0,0,0,0,2,2,1,3,0,3,4,1,1,4,5,2,8,7,3,8,5,16,10,7,9,13,15,19,4,20,21,12,14,17,16,18,24,19,33,17,22,20,14,18,22,21,21,20,24,18,11,15,20,20,13,18,8,12,14,14,13,10,13,14,14,9,8,5,9,7,10,5,4,1,3,5,4,3,3,3,4,6,1,1,1,2,1,2,1,0,0,1,0,0,0,0,0,0,0,0,0,1,0,1,0,0,0,0,0,0,0,0,0,0,0,0,0,0,0,0,0,0,0,0,0,0,0,0,0,0,0,0,0,0,0,0,0,0,0,0,0,0,0,0,0,0,0,0,0,0,0,0,0,0,0,0,0,0,0,0,0,0,0,0,0,0,0
0,0,0,0,0,0,0,0,0,0,0,0,0,0,0,0,0,0,0,0,0,0,0,0,0,0,0,0,0,2,0,0,2,0,0,0,2,2,0,0,0,2,2,0,5,1,2,1,1,5,3,10,8,4,8,9,14,7,16,10,11,12,10,15,17,21,24,10,16,21,18,17,13,20,17,12,18,20,28,26,16,21,19,22,14,19,22,19,16,16,20,16,14,8,15,9,13,8,9,8,10,4,8,7,4,3,6,7,4,4,1,6,1,2,2,3,2,0,3,1,1,1,0,2,2,0,0,0,0,0,0,1,0,0,0,0,0,0,0,0,0,0,0,0,0,0,0,0,0,0,0,0,0,0,0,0,0,0,0,0,0,0,0,0,0,0,0,0,0,0,0,0,0,0,0,0,0,0,0,0,0,0,0,0,0,0,0,0,0,0,0,0,0,0,0,0,0,0,0,0
0,0,0,0,0,0,0,0,0,0,0,0,0,0,0,0,0,0,0,0,0,0,0,1,0,0,0,0,0,0,1,1,1,0,1,2,0,2,1,1,4,3,4,2,5,4,3,6,4,5,8,10,4,5,11,7,8,11,17,13,11,16,7,20,24,17,10,16,22,24,20,16,24,22,19,19,26,20,14,19,20,24,16,21,16,18,23,12,24,15,13,20,12,10,6,8,9,14,12,9,10,7,5,5,3,5,10,4,9,4,2,4,3,3,4,2,3,2,1,2,1,1,0,1,2,0,1,0,0,0,0,1,0,0,0,0,1,0,0,1,0,0,0,0,0,0,0,0,1,0,0,0,0,0,0,0,0,0,0,0,0,0,0,0,0,0,0,0,0,0,0,0,0,0,0,0,0,0,0,0,0,0,0,0,0,0,0,0,0,0,0,0,0,0,0,0,0,0,0,0
0,0,0,0,0,0,0,0,0,0,0,0,0,0,0,0,0,0,0,0,0,0,0,1,0,0,0,0,0,2,0,0,2,0,0,1,0,1,1,2,0,1,1,4,2,1,3,4,1,5,7,9,10,5,10,3,11,15,9,12,14,13,10,11,12,16,20,15,15,17,20,13,14,14,15,20,19,25,22,19,29,27,13,16,17,22,21,15,17,10,17,13,19,7,8,9,11,7,8,4,8,8,7,9,4,4,4,7,1,4,5,3,5,2,4,2,1,2,3,3,1,0,1,0,1,1,0,0,0,1,0,1,0,0,0,0,1,0,0,0,0,1,1,0,0,0,0,0,0,0,0,0,0,0,0,0,0,0,0,0,0,0,0,0,0,0,0,0,0,0,0,0,0,0,0,0,0,0,0,0,0,0,0,0,0,0,0,0,0,0,0,0,0,0,0,0,0,0,0,0
0,0,0,0,0,0,0,0,0,0,0,0,0,0,0,0,0,0,0,0,0,1,0,0,0,0,0,1,0,0,0,2,2,0,0,1,0,0,2,1,2,6,2,1,2,2,5,4,5,8,5,5,2,6,6,7,6,12,11,8,10,18,23,16,6,13,18,9,19,19,23,10,20,17,20,23,11,21,17,17,17,23,18,24,13,11,13,8,14,19,16,10,11,12,7,10,9,6,9,12,8,5,11,5,7,4,5,3,4,3,6,1,5,4,1,1,1,2,1,2,0,0,3,1,0,0,0,1,0,0,0,2,0,1,0,0,0,0,0,0,0,0,0,0,0,0,0,1,0,0,0,0,0,0,0,0,0,0,0,0,0,0,0,0,0,0,0,0,0,0,0,0,0,0,0,0,0,0,0,0,0,0,0,0,0,0,0,0,0,0,0,0,0,0,0,0,0,0,0,0
0,0,0,0,0,0,0,0,0,0,0,0,0,0,0,0,0,0,0,0,0,0,0,0,0,0,0,0,0,1,0,1,0,1,3,0,1,0,0,0,0,1,1,2,0,2,4,4,5,1,3,6,5,6,8,9,14,8,9,19,12,19,15,21,9,19,13,10,19,12,13,16,12,20,21,20,20,15,20,20,16,21,15,13,20,17,13,16,17,20,11,21,19,13,13,10,10,8,9,8,10,8,6,4,5,6,6,8,3,4,3,1,0,0,2,4,1,2,1,2,1,1,0,0,0,0,1,3,0,0,0,1,0,0,0,1,0,0,0,0,0,0,0,0,0,0,0,0,0,0,0,0,1,0,0,0,0,0,0,0,0,0,0,0,0,0,0,0,0,0,0,0,0,0,0,0,0,0,0,0,0,0,0,0,0,0,0,0,0,0,0,0,0,0,0,0,0,0,0,0
0,0,0,0,0,0,0,0,0,0,0,0,0,0,0,0,0,0,0,0,0,0,0,0,0,0,0,0,0,0,1,1,0,0,0,0,1,2,1,0,1,1,3,0,0,5,1,6,2,6,5,5,8,5,14,8,7,8,14,7,10,7,10,21,16,8,13,17,24,25,23,16,28,18,13,20,18,30,23,21,16,11,20,18,20,13,15,17,19,16,10,15,16,5,10,6,11,6,8,7,7,6,5,5,5,5,4,4,5,3,4,3,0,0,0,1,2,4,1,1,0,0,1,0,0,1,4,0,1,0,0,0,0,0,0,0,1,0,0,0,1,0,0,0,0,0,0,0,0,0,0,0,0,0,0,0,0,0,0,0,0,0,0,0,0,0,0,0,0,0,0,0,0,0,0,0,0,0,0,0,0,0,0,0,0,0,0,0,0,0,0,0,0,0,0,0,0,0,0,0
0,0,0,0,0,0,0,0,0,0,0,0,0,0,0,0,0,0,0,0,0,0,0,0,0,0,1,0,0,1,0,0,1,0,1,0,0,0,1,0,1,2,2,0,2,6,4,0,5,3,5,2,5,11,3,9,9,9,5,12,12,17,14,15,10,15,17,20,12,17,15,20,16,22,15,16,18,27,21,15,18,21,20,12,17,21,12,15,21,12,9,12,10,8,10,15,5,4,16,12,6,10,4,7,5,8,9,4,3,3,2,2,2,1,4,0,0,3,3,1,3,0,1,0,3,1,0,0,0,0,1,1,0,0,0,0,0,0,0,0,0,0,0,0,0,0,0,0,0,0,0,0,0,0,0,0,0,0,0,0,0,0,0,0,0,0,0,0,0,0,0,0,0,0,0,0,0,0,0,0,0,0,0,0,0,0,0,0,0,0,0,0,0,0,0,0,0,0,0,0
0,0,0,0,0,0,0,0,0,0,0,0,0,0,0,0,0,0,0,0,0,0,0,0,0,0,0,0,0,0,1,0,0,1,0,0,0,2,0,1,0,1,1,6,2,2,2,6,6,7,8,9,4,5,8,10,11,7,11,9,10,7,13,10,17,15,12,14,15,17,14,18,12,16,15,18,11,18,13,13,14,13,16,19,11,23,20,12,12,9,12,12,11,8,13,10,8,12,6,10,4,6,7,8,7,4,2,5,6,2,2,4,3,1,4,3,1,4,3,0,1,3,3,1,0,0,1,0,0,0,0,0,1,0,0,0,0,0,0,0,0,0,0,0,0,0,0,0,0,0,0,0,0,0,0,0,0,0,0,0,0,0,0,0,0,0,0,0,0,0,0,0,0,0,0,0,0,0,0,0,0,0,0,0,0,0,0,0,0,0,0,0,0,0,0,0,0,0,0,0
0,0,0,0,0,0,0,0,0,0,0,0,0,0,0,0,0,0,0,0,0,0,0,0,0,0,0,1,0,1,0,0,1,0,1,0,1,0,1,0,2,0,2,2,2,1,3,2,5,1,4,2,4,1,6,7,9,9,17,5,11,17,10,9,6,9,17,14,10,13,13,17,19,21,18,22,13,23,23,21,16,14,11,14,12,16,15,16,11,9,18,8,10,13,9,4,7,5,7,8,9,1,7,5,5,4,3,4,3,1,2,1,2,2,1,4,1,1,0,0,1,1,2,0,2,1,0,0,1,0,0,0,0,0,1,0,0,0,0,0,0,0,0,0,0,0,0,0,0,0,0,0,0,0,0,0,0,0,0,0,0,0,0,0,0,0,0,0,0,0,0,0,0,0,0,0,0,0,0,0,0,0,0,0,0,0,0,0,0,0,0,0,0,0,0,0,0,0,0,0
0,0,0,0,0,0,0,0,0,0,0,0,0,0,0,0,0,0,0,0,0,0,0,0,0,0,0,0,0,0,0,0,1,0,0,0,1,1,1,0,2,0,2,4,3,2,1,3,1,6,4,9,4,7,7,10,2,11,5,13,11,7,13,19,9,11,19,15,13,9,9,9,19,18,20,19,24,10,14,13,18,14,11,18,7,16,13,10,15,12,14,14,8,12,7,8,9,7,7,4,6,4,5,7,7,7,2,2,6,5,1,5,1,3,2,6,0,5,1,1,1,1,0,3,0,0,1,1,0,0,0,0,0,0,0,0,1,0,0,0,0,0,0,0,0,0,0,0,0,0,0,0,0,0,0,0,0,0,0,0,0,0,0,0,0,0,0,0,0,0,0,0,0,0,0,0,0,0,0,0,0,0,0,0,0,0,0,0,0,0,0,0,0,0,0,0,0,0,0,0
0,0,0,0,0,0,0,0,0,0,0,0,0,0,0,0,0,0,0,0,0,0,0,0,0,0,0,0,0,0,0,0,2,0,0,0,0,1,2,2,1,1,2,1,0,2,2,1,3,6,3,5,3,10,7,4,8,3,7,8,14,7,21,4,16,18,13,14,18,14,17,15,13,11,14,11,11,17,14,13,15,16,18,19,16,12,14,8,15,7,12,10,7,16,13,9,13,6,6,6,6,8,5,2,6,6,5,7,3,2,0,2,4,3,1,0,1,2,1,0,2,0,0,2,0,0,0,1,0,1,1,0,0,1,0,1,0,0,0,0,0,0,0,0,0,0,0,0,0,0,0,0,0,0,0,0,0,0,0,0,0,0,0,0,0,0,0,0,0,0,0,0,0,0,0,0,0,0,0,0,0,0,0,0,0,0,0,0,0,0,0,0,0,0,0,0,0,0,0,0
0,0,0,0,0,0,0,0,0,0,0,0,0,0,0,0,0,0,0,0,0,0,1,1,0,0,0,0,0,0,0,1,1,0,0,0,0,0,0,0,4,0,1,1,2,3,2,2,3,2,3,7,12,4,7,10,8,4,10,7,12,9,7,10,16,10,13,16,19,19,17,8,15,15,12,14,17,20,14,14,10,13,23,13,12,12,10,21,12,10,11,13,10,12,10,6,9,10,6,3,4,6,8,11,6,1,4,1,4,4,1,3,2,2,1,0,4,2,1,1,1,1,0,1,0,0,0,1,0,0,0,0,0,0,0,0,0,0,0,0,0,0,0,0,0,0,0,0,0,0,0,0,0,0,1,0,0,0,0,0,0,0,0,0,0,0,0,0,0,0,0,0,0,0,0,0,0,0,0,0,0,0,0,0,0,0,0,0,0,0,0,0,0,0,0,0,0,0,0,0
0,0,0,0,0,0,0,0,0,0,0,0,0,0,0,0,0,0,0,0,0,0,0,0,0,0,0,0,0,1,0,0,1,1,1,0,0,0,1,0,2,2,2,2,2,3,1,4,7,5,4,7,3,8,3,5,5,6,13,11,6,8,8,9,9,13,6,10,14,8,10,19,14,14,18,16,15,16,11,13,14,25,13,17,14,16,10,11,12,9,13,11,11,11,12,10,9,7,14,16,4,11,4,8,4,5,2,2,6,2,4,3,3,0,2,0,1,1,0,1,0,0,2,1,0,0,0,0,0,1,2,0,0,0,0,0,0,0,0,0,1,0,0,0,0,0,0,0,0,0,0,0,0,0,0,0,0,0,0,0,0,0,0,0,0,0,0,0,0,0,0,0,0,0,0,0,0,0,0,0,0,0,0,0,0,0,0,0,0,0,0,0,0,0,0,0,0,0,0,0
0,0,0,0,0,0,0,0,0,0,0,0,0,0,0,0,0,0,0,0,0,0,0,0,0,0,0,0,0,0,0,0,0,1,2,0,1,1,0,1,2,0,0,2,2,0,3,3,1,1,1,4,0,5,5,4,4,6,10,10,14,10,19,16,13,6,18,11,14,20,17,17,18,14,14,18,15,19,11,13,9,16,18,12,11,14,13,17,15,3,11,8,13,11,6,5,6,5,9,4,3,3,3,6,5,2,9,2,5,6,3,1,2,0,3,1,3,0,3,0,0,0,1,2,0,0,0,3,0,0,0,0,0,0,0,0,1,0,0,0,0,0,0,0,0,0,0,0,0,0,0,0,0,0,0,0,0,0,0,0,0,0,0,0,0,0,0,0,0,0,0,0,0,0,0,0,0,0,0,0,0,0,0,0,0,0,0,0,0,0,0,0,0,0,0,0,0,0,0,0
0,0,0,0,0,0,0,0,0,0,0,0,0,0,0,0,0,0,0,0,0,0,0,0,0,0,0,0,0,1,0,0,0,0,0,1,1,0,1,0,1,1,0,0,0,2,3,1,4,3,3,5,3,8,6,1,8,8,8,9,7,7,4,11,18,11,10,18,17,15,17,15,17,11,17,15,10,16,17,16,15,18,14,14,11,12,13,14,12,8,7,14,12,10,3,9,10,15,9,5,6,8,7,6,3,6,4,1,4,3,3,1,1,1,1,2,1,3,1,1,2,1,4,0,1,0,1,1,0,0,1,1,0,0,0,0,0,0,0,0,0,0,0,0,0,0,0,0,0,0,0,0,0,0,0,0,0,0,0,0,0,0,0,0,0,0,0,0,0,0,0,0,0,0,0,0,0,0,0,0,0,0,0,0,0,0,0,0,0,0,0,0,0,0,0,0,0,0,0,0
0,0,0,0,0,0,0,0,0,0,0,0,0,0,0,1,0,0,0,0,0,0,0,1,0,0,0,0,0,0,1,0,0,1,0,0,2,0,2,0,0,1,1,1,3,2,1,4,2,2,4,5,2,5,7,6,5,8,10,12,8,15,7,5,10,14,9,10,13,9,16,14,16,16,11,15,14,17,13,7,9,9,19,7,14,12,12,20,12,4,17,10,8,12,12,6,6,7,4,5,4,6,11,6,4,2,1,3,0,1,7,2,1,3,1,5,4,2,2,2,2,1,1,1,0,0,0,0,0,0,2,0,1,0,0,1,1,0,0,0,0,0,0,0,0,0,0,0,0,0,0,0,0,0,0,0,0,0,0,0,0,0,0,0,0,0,0,0,0,0,0,0,0,0,0,0,0,0,0,0,0,0,0,0,0,0,0,0,0,0,0,0,0,0,0,0,0,0,0,0
0,0,0,0,0,0,0,0,0,0,0,0,0,0,0,0,0,0,0,0,0,0,1,0,0,0,0,0,0,0,0,0,0,0,0,0,0,0,2,0,4,0,2,2,3,5,3,1,3,3,3,7,7,4,3,6,7,9,10,8,8,10,12,13,14,17,13,11,11,15,15,13,24,15,17,17,11,13,20,11,14,8,10,9,9,9,12,8,11,3,6,4,13,8,7,8,5,6,7,6,5,4,5,1,7,4,1,2,5,1,0,4,2,0,5,0,1,0,1,1,2,0,0,1,1,1,0,0,0,0,0,0,0,0,0,0,0,0,0,0,0,0,0,0,0,0,0,0,0,0,0,0,0,0,0,0,0,0,0,0,0,0,0,0,0,0,0,0,0,0,0,0,0,0,0,0,0,0,0,0,0,0,0,0,0,0,0,0,0,0,0,0,0,0,0,0,0,0,0,0
0,0,0,0,0,0,0,0,0,0,0,0,0,0,0,0,0,0,0,0,0,0,0,1,0,0,0,1,0,0,0,0,0,1,1,0,1,0,0,0,1,1,0,3,3,2,1,3,1,5,3,3,8,4,4,4,10,3,10,10,8,12,7,7,7,9,8,6,18,18,13,13,10,10,13,12,14,12,17,11,10,9,10,12,17,17,9,11,11,10,12,9,14,8,12,9,6,2,7,8,7,4,2,1,4,0,1,3,2,0,2,3,2,2,2,1,1,1,2,0,0,0,2,1,0,0,0,0,0,0,0,0,0,1,0,0,0,0,0,0,0,0,0,0,0,0,0,0,0,0,0,0,0,0,0,0,0,0,0,0,0,0,0,0,0,0,0,0,0,0,0,0,0,0,0,0,0,0,0,0,0,0,0,0,0,0,0,0,0,0,0,0,0,0,0,0,0,0,0,0
0,0,0,0,0,0,0,0,0,0,0,0,0,0,0,0,0,0,0,0,1,0,0,1,0,1,0,0,0,1,0,0,0,0,0,1,0,2,0,0,0,2,0,1,3,1,4,1,3,8,3,4,1,3,7,6,8,2,7,9,8,10,12,10,11,10,10,11,8,15,16,11,12,9,12,13,10,17,6,8,12,12,13,9,14,13,11,9,10,13,9,9,10,6,8,7,3,10,4,9,3,11,8,3,3,5,5,1,1,3,5,2,4,1,1,2,0,1,0,1,1,0,0,0,0,1,0,1,0,0,0,0,1,0,0,1,0,0,0,0,0,0,0,0,0,0,0,0,0,0,0,0,0,0,0,0,0,0,0,0,0,0,0,0,0,0,0,0,0,0,0,0,0,0,0,0,0,0,0,0,0,0,0,0,0,0,0,0,0,0,0,0,0,0,0,0,0,0,0,0
0,0,0,0,0,0,0,0,0,0,0,0,0,0,0,0,0,0,0,0,0,1,0,0,0,0,0,0,0,0,0,0,0,0,0,0,0,1,0,0,2,3,1,2,0,1,3,5,3,1,4,4,4,8,6,6,4,10,7,9,8,7,5,9,8,8,13,9,13,16,11,6,17,10,13,20,8,9,6,16,15,12,12,11,7,9,13,10,14,10,5,10,10,7,6,8,4,8,4,3,7,5,6,3,3,5,4,1,1,3,3,1,1,0,3,1,1,3,0,2,3,1,0,1,0,1,0,0,0,0,0,1,0,0,0,0,0,0,0,0,0,1,0,0,0,0,0,0,0,0,0,0,0,0,0,0,0,0,0,0,0,0,0,0,0,0,0,0,0,0,0,0,0,0,0,0,0,0,0,0,0,0,0,0,0,0,0,0,0,0,0,0,0,0,0,0,0,0,0,0
0,0,0,0,0,0,0,0,0,0,0,0,0,0,0,0,0,0,0,0,0,0,0,0,0,1,0,0,0,0,0,1,0,1,0,0,2,0,1,0,2,2,2,2,2,2,2,0,1,4,2,5,6,2,6,6,4,8,8,5,9,14,4,9,9,13,8,11,10,11,14,12,16,13,11,7,12,9,10,11,19,21,13,12,6,13,10,10,7,5,8,9,9,7,7,7,6,2,6,5,3,6,4,4,3,3,4,3,5,1,3,3,1,3,0,2,1,0,0,1,0,1,1,1,0,0,0,0,0,0,0,0,1,0,1,0,0,0,0,1,0,0,0,0,0,0,0,0,0,0,0,0,0,0,0,0,0,0,0,0,0,0,0,0,0,0,0,0,0,0,0,0,0,0,0,0,0,0,0,0,0,0,0,0,0,0,0,0,0,0,0,0,0,0,0,0,0,0,0,0
0,0,0,0,0,0,0,0,0,0,0,0,0,0,0,0,0,0,0,0,0,0,1,0,0,0,0,0,0,1,0,0,0,0,0,1,0,0,0,3,2,3,0,2,5,3,0,2,2,5,1,2,2,5,8,7,6,7,8,6,18,7,8,8,9,10,10,11,19,16,12,11,8,16,15,7,17,9,11,9,11,11,10,11,12,10,15,11,6,11,8,9,8,11,4,4,11,8,4,7,6,7,3,0,5,6,4,4,2,4,1,0,3,0,1,2,1,1,0,1,1,0,0,0,0,0,0,0,0,0,0,1,0,0,0,0,0,0,0,1,0,0,0,0,0,0,0,0,0,0,0,0,0,0,0,0,0,0,0,0,0,0,0,0,0,0,0,0,0,0,0,0,0,0,0,0,0,0,0,0,0,0,0,0,0,0,0,0,0,0,0,0,0,0,0,0,0,0,0,0
0,0,0,0,0,0,0,0,0,0,0,0,0,0,0,0,0,0,0,0,0,0,0,0,0,0,0,0,0,0,1,0,0,0,0,2,0,1,0,1,1,1,0,3,2,2,4,0,0,1,2,2,2,6,5,1,6,9,4,7,10,8,9,9,16,13,9,3,11,15,8,8,14,6,16,15,10,15,6,10,13,10,12,17,11,15,7,11,12,10,10,7,6,10,8,4,5,8,0,11,4,4,3,1,3,1,1,2,3,2,1,2,1,2,0,1,1,1,0,1,0,1,3,0,2,0,0,1,0,0,0,0,0,0,0,0,1,1,0,0,0,0,0,0,0,0,0,0,0,0,0,0,0,0,0,0,0,0,0,0,0,0,0,0,0,0,0,0,0,0,0,0,0,0,0,0,0,0,0,0,0,0,0,0,0,0,0,0,0,0,0,0,0,0,0,0,0,0,0,0
0,0,0,0,0,0,0,0,0,0,0,0,0,0,0,0,0,0,0,0,0,0,0,1,0,0,0,0,0,0,0,0,1,1,1,0,0,0,3,1,0,0,4,0,2,0,2,2,4,1,2,4,7,1,4,8,4,2,6,5,6,5,7,10,6,14,10,7,12,10,10,10,14,15,13,15,3,16,6,12,11,17,11,13,5,6,10,5,9,12,4,5,7,6,7,2,11,10,4,3,5,4,1,0,8,3,3,1,4,2,1,2,2,0,1,2,1,0,2,0,0,1,1,0,1,0,0,0,0,0,0,0,1,0,0,0,0,0,0,0,0,0,0,0,0,0,1,0,0,0,0,0,0,0,0,0,0,0,0,0,0,0,0,0,0,0,0,0,0,0,0,0,0,0,0,0,0,0,0,0,0,0,0,0,0,0,0,0,0,0,0,0,0,0,0,0,0,0,0,0
0,0,0,0,0,0,0,0,0,0,0,0,0,0,0,0,0,0,0,0,0,0,0,0,0,0,0,0,0,0,0,0,0,0,1,1,0,1,2,0,2,1,1,0,0,0,3,1,6,0,2,4,4,3,6,11,7,4,7,4,11,7,8,12,8,13,9,8,14,9,7,8,11,11,15,12,8,15,12,8,13,3,16,15,8,10,9,16,10,10,7,7,7,7,5,9,4,5,4,6,6,3,6,5,4,4,3,2,1,1,3,2,0,0,4,0,0,0,0,1,1,0,1,0,0,0,2,0,0,0,0,0,0,0,0,2,1,0,0,0,1,0,0,0,0,0,0,0,0,0,0,0,0,0,0,0,0,0,0,0,0,0,0,0,0,0,0,0,0,0,0,0,0,0,0,0,0,0,0,0,0,0,0,0,0,0,0,0,0,0,0,0,0,0,0,0,0,0,0,0
0,0,0,0,0,0,0,0,0,0,0,0,0,0,0,0,0,0,0,0,0,0,0,0,0,0,0,0,0,0,0,1,0,0,1,1,1,0,0,1,1,3,1,1,2,1,2,3,3,2,5,5,1,6,9,5,7,5,5,10,2,10,7,11,7,14,9,9,14,10,11,9,11,10,13,10,12,4,9,10,13,13,9,7,17,10,5,15,6,12,7,8,10,5,12,7,7,7,3,3,5,3,6,6,2,5,4,2,0,1,1,3,1,1,1,5,0,0,0,2,1,1,0,0,1,0,1,0,0,0,1,0,1,0,0,1,0,0,0,0,0,0,0,0,0,0,0,0,0,0,0,0,0,0,0,0,0,0,0,0,0,0,0,0,0,0,0,0,0,0,0,0,0,0,0,0,0,0,0,0,0,0,0,0,0,0,0,0,0,0,0,0,0,0,0,0,0,0,0,0
0,0,0,0,0,0,0,0,0,0,0,0,0,0,0,0,0,0,0,0,0,0,0,0,0,0,0,0,0,0,0,0,0,1,1,1,0,0,2,0,1,1,0,0,0,0,2,5,0,1,2,6,1,6,3,1,2,3,5,9,5,7,9,10,7,11,9,6,7,7,18,22,7,11,8,10,14,8,13,13,17,10,3,7,11,12,10,8,9,7,9,2,8,4,8,10,4,6,2,2,3,4,1,6,4,3,3,0,4,2,0,2,2,0,0,1,0,0,1,0,0,1,0,1,0,0,0,1,0,1,0,0,0,1,0,0,0,0,0,0,0,0,0,0,0,0,0,0,0,0,0,0,0,0,0,0,0,0,0,0,0,0,0,0,0,0,0,0,0,0,0,0,0,0,0,0,0,0,0,0,0,0,0,0,0,0,0,0,0,0,0,0,0,0,0,0,0,0,0,0
0,0,0,0,0,0,0,0,0,0,0,0,0,0,0,0,0,0,0,0,0,0,0,0,0,0,0,0,0,0,0,0,0,0,0,0,2,0,0,0,0,0,0,3,0,1,3,1,1,3,1,2,1,2,3,4,7,6,3,11,8,4,9,10,12,4,13,15,5,8,8,16,15,13,14,10,18,6,9,5,14,8,8,6,6,12,8,6,6,10,5,8,6,6,3,5,4,4,5,5,3,4,5,4,3,2,3,1,2,2,4,1,1,2,0,0,2,0,0,1,1,1,1,1,2,1,0,0,0,1,0,0,0,0,0,0,0,0,0,0,0,1,0,0,0,0,0,0,0,0,0,0,0,0,0,0,0,0,0,0,0,0,0,0,0,0,0,0,0,0,0,0,0,0,0,0,0,0,0,0,0,0,0,0,0,0,0,0,0,0,0,0,0,0,0,0,0,0,0,0
0,0,0,0,0,0,0,0,0,0,0,0,0,0,0,0,0,0,0,0,0,0,0,0,0,0,0,0,0,0,0,0,1,0,1,0,0,0,0,2,1,1,3,0,2,1,0,3,3,1,2,8,4,4,3,2,7,3,3,7,6,5,5,11,4,11,6,9,7,8,11,14,16,15,9,8,12,9,11,13,5,10,10,7,10,8,10,9,13,11,6,7,8,3,5,6,4,3,8,5,3,7,3,4,4,1,0,2,3,1,2,1,1,0,1,0,0,1,0,0,0,1,0,0,0,2,0,0,0,0,0,1,0,0,1,0,0,0,0,0,0,0,0,0,0,0,0,0,0,0,0,0,0,0,0,0,0,0,0,0,0,0,0,0,0,0,0,0,0,0,0,0,0,0,0,0,0,0,0,0,0,0,0,0,0,0,0,0,0,0,0,0,0,0,0,0,0,0,0,0
0,0,0,0,0,0,0,0,0,0,0,0,0,0,0,0,0,0,0,0,0,0,0,0,0,1,0,0,0,1,0,1,1,0,0,0,0,1,0,1,4,1,0,0,1,0,2,1,2,4,4,2,2,3,2,3,7,5,4,5,6,3,7,8,1,6,9,13,8,9,12,10,10,10,9,8,12,10,10,12,8,5,4,5,6,7,3,5,11,8,5,8,5,4,3,10,7,4,7,7,5,5,5,1,3,2,4,1,2,3,1,4,1,1,1,2,0,2,1,1,0,0,0,0,1,1,0,0,0,0,0,0,0,0,0,0,0,0,1,0,0,0,0,0,0,0,0,0,0,0,0,0,0,0,0,0,0,0,0,0,0,0,0,0,0,0,0,0,0,0,0,0,0,0,0,0,0,0,0,0,0,0,0,0,0,0,0,0,0,0,0,0,0,0,0,0,0,0,0,0
0,0,0,0,0,0,0,0,0,0,0,0,0,0,0,0,0,0,0,0,0,0,0,0,0,0,0,0,0,0,0,0,0,0,2,0,0,0,0,0,0,2,0,0,0,1,3,3,2,0,2,3,0,3,4,2,3,4,3,6,8,7,8,7,8,12,6,14,14,12,6,2,7,10,8,7,7,10,9,3,10,8,5,8,14,14,3,6,2,8,7,2,13,5,4,6,1,4,5,4,5,5,2,2,4,3,1,3,5,0,3,0,2,2,1,0,0,1,0,2,0,1,2,1,0,1,0,0,0,0,0,0,0,0,0,0,0,0,0,0,0,0,0,0,0,0,0,0,0,0,0,0,0,0,0,0,0,0,0,0,0,0,0,0,0,0,0,0,0,0,0,0,0,0,0,0,0,0,0,0,0,0,0,0,0,0,0,0,0,0,0,0,0,0,0,0,0,0,0,0
0,0,0,0,0,0,0,0,0,0,0,0,0,0,0,0,0,0,0,0,0,0,0,0,0,0,0,0,0,2,0,0,1,0,0,1,1,0,1,0,0,0,1,2,3,2,3,5,3,4,0,3,2,3,5,5,6,3,6,9,8,4,10,10,7,9,8,10,10,5,10,6,8,8,9,6,11,10,9,14,5,8,13,10,3,9,6,7,2,10,10,6,4,4,5,6,7,5,4,3,2,2,9,4,3,2,5,4,2,2,2,0,2,0,2,0,2,2,0,1,1,1,0,0,0,0,0,1,0,0,0,0,0,0,0,0,0,0,0,0,0,0,0,0,0,0,0,0,0,0,0,0,0,0,0,0,0,0,0,0,0,0,0,0,0,0,0,0,0,0,0,0,0,0,0,0,0,0,0,0,0,0,0,0,0,0,0,0,0,0,0,0,0,0,0,0,0,0,0,0
0,0,0,0,0,0,0,0,0,0,0,0,0,0,0,0,0,0,0,0,0,0,0,0,0,0,0,0,0,0,0,0,0,1,1,0,0,0,1,0,0,0,0,2,1,1,0,1,6,0,4,1,5,7,5,7,4,10,8,4,6,4,3,9,5,17,12,9,12,9,8,10,6,7,9,2,12,16,9,12,7,10,3,11,9,10,11,6,5,5,3,7,10,17,4,6,6,11,8,4,2,1,6,1,2,1,1,3,1,0,2,2,2,0,2,0,2,2,1,1,0,0,0,0,0,2,0,0,0,0,0,0,0,0,0,0,0,0,0,0,0,0,0,0,0,0,0,0,0,0,0,0,0,0,0,0,0,0,0,0,0,0,0,0,0,0,0,0,0,0,0,0,0,0,0,0,0,0,0,0,0,0,0,0,0,0,0,0,0,0,0,0,0,0,0,0,0,0,0,0
0,0,0,0,0,0,0,0,0,0,0,0,0,0,0,0,0,1,0,0,0,0,0,0,1,0,0,0,0,0,1,0,0,1,0,0,1,1,1,1,0,2,3,0,0,0,1,2,1,1,2,3,2,5,1,3,8,5,5,5,6,7,8,8,8,4,5,9,4,4,10,5,16,11,11,11,8,11,8,11,9,11,8,11,7,14,8,8,5,11,7,6,9,3,9,7,3,5,1,5,0,1,4,4,2,4,2,3,2,5,2,6,2,0,0,0,0,0,1,1,0,0,1,1,0,0,0,1,0,0,0,0,0,0,0,0,0,0,0,0,0,0,0,0,0,0,0,0,0,0,0,0,0,0,0,0,0,0,0,0,0,0,0,0,0,0,0,0,0,0,0,0,0,0,0,0,0,0,0,0,0,0,0,0,0,0,0,0,0,0,0,0,0,0,0,0,0,0,0,0
0,0,0,0,0,0,0,0,0,0,0,0,0,0,0,0,0,0,0,0,0,0,0,0,0,0,0,0,0,0,0,0,0,0,1,1,2,1,0,2,0,0,0,0,2,2,2,0,2,0,2,5,2,2,4,2,4,6,9,5,3,4,4,12,10,8,14,5,4,16,8,6,7,5,9,7,10,7,11,12,8,6,11,7,4,11,14,9,7,6,6,5,3,4,2,3,5,5,3,5,4,1,1,6,0,1,1,1,1,3,1,3,0,0,0,0,1,0,0,0,1,1,0,1,0,1,0,0,0,0,0,0,0,0,0,0,0,0,0,0,0,0,0,0,0,0,0,0,0,0,0,0,0,0,0,0,0,0,0,0,0,0,0,0,0,0,0,0,0,0,0,0,0,0,0,0,0,0,0,0,0,0,0,0,0,0,0,0,0,0,0,0,0,0,0,0,0,0,0,0
0,0,0,0,0,0,0,0,0,0,0,0,0,0,0,0,0,0,0,0,0,0,0,0,0,0,0,0,0,1,0,0,0,0,1,1,0,0,1,0,1,1,0,0,1,0,2,2,3,4,3,2,4,7,2,3,4,1,2,7,2,7,6,4,2,11,9,7,4,5,10,7,9,10,7,10,5,11,11,5,10,12,8,5,7,10,9,7,8,7,6,4,7,3,6,4,3,3,0,6,2,2,3,1,5,1,5,5,1,1,1,0,2,2,2,0,1,0,1,0,1,0,0,0,0,0,0,0,0,1,0,0,0,0,0,0,0,0,0,0,0,0,0,0,0,0,0,0,0,0,0,0,0,0,0,0,0,0,0,0,0,0,0,0,0,0,0,0,0,0,0,0,0,0,0,0,0,0,0,0,0,0,0,0,0,0,0,0,0,0,0,0,0,0,0,0,0,0,0,0
0,0,0,0,0,0,0,0,0,0,0,0,0,0,0,0,0,0,0,0,0,0,0,0,1,0,0,0,0,0,0,0,0,0,1,2,0,0,0,0,1,2,0,2,0,1,3,5,3,0,2,6,4,1,7,1,1,8,7,4,2,6,6,9,4,11,11,14,10,4,7,4,11,10,10,9,7,6,9,4,0,7,9,7,4,5,9,10,8,2,9,4,7,3,6,7,1,4,5,5,5,5,0,4,2,3,1,3,0,3,1,3,0,0,0,1,0,1,1,1,0,2,0,0,1,1,0,0,0,0,0,1,0,0,0,0,0,0,0,0,0,0,0,0,0,0,0,0,0,0,0,0,0,0,0,0,0,0,0,0,0,0,0,0,0,0,0,0,0,0,0,0,0,0,0,0,0,0,0,0,0,0,0,0,0,0,0,0,0,0,0,0,0,0,0,0,0,0,0,0
0,0,0,0,0,0,0,0,0,0,0,0,0,0,0,0,0,0,0,0,1,0,0,0,0,1,0,0,1,0,0,0,0,0,1,0,0,0,0,1,0,1,0,2,2,3,1,3,0,7,2,2,5,6,1,1,7,6,4,4,0,6,6,5,9,8,6,3,8,7,6,10,8,9,8,10,7,12,5,12,13,7,3,9,11,3,8,7,9,4,12,5,2,7,1,1,5,3,2,3,3,4,1,3,4,6,4,0,1,1,1,0,4,0,0,0,0,0,2,0,0,0,1,0,0,1,0,0,0,0,0,1,0,0,0,0,0,0,0,0,0,0,0,0,0,0,1,0,0,0,0,0,0,0,0,0,0,0,0,0,0,0,0,0,0,0,0,0,0,0,0,0,0,0,0,0,0,0,0,0,0,0,0,0,0,0,0,0,0,0,0,0,0,0,0,0,0,0,0,0
0,0,0,0,0,0,0,0,0,0,0,0,0,0,0,0,0,0,0,0,0,0,0,0,0,1,0,0,1,0,0,0,0,0,0,0,0,0,1,2,1,1,0,1,0,0,2,1,5,0,2,2,6,2,4,2,3,5,7,5,10,1,6,5,0,6,5,8,7,5,9,10,9,9,10,8,6,7,13,4,12,8,12,8,7,8,6,11,7,9,7,7,4,5,3,3,5,6,3,2,2,6,2,2,2,4,3,0,0,1,0,0,1,0,0,3,0,1,1,3,0,0,0,0,1,1,1,0,0,0,0,0,0,0,1,0,0,0,0,0,0,0,0,0,0,0,0,0,0,0,0,0,0,0,0,0,0,0,0,0,0,0,0,0,0,0,0,0,0,0,0,0,0,0,0,0,0,0,0,0,0,0,0,0,0,0,0,0,0,0,0,0,0,0,0,0,0,0,0,0
0,0,0,0,0,0,0,0,0,0,0,0,0,0,0,0,0,0,0,0,0,0,0,0,0,0,0,0,0,0,0,0,0,0,0,0,0,0,0,0,0,1,1,0,0,2,1,1,0,2,1,7,2,1,5,3,3,7,8,3,3,6,5,8,10,4,6,9,4,7,7,6,4,5,10,4,5,14,5,8,8,5,8,10,14,10,10,7,3,6,7,4,4,4,4,4,4,7,5,2,4,4,0,1,4,7,3,2,1,2,0,0,1,1,0,1,1,1,0,1,0,1,0,0,0,1,0,0,0,0,0,0,0,0,1,0,0,0,0,0,0,0,0,0,0,0,0,0,0,0,0,0,0,0,0,0,0,0,0,0,0,0,0,0,0,0,0,0,0,0,0,0,0,0,0,0,0,0,0,0,0,0,0,0,0,0,0,0,0,0,0,0,0,0,0,0,0,0,0,0
0,0,0,0,0,0,0,0,0,0,0,0,0,0,0,0,0,0,0,0,0,0,0,0,0,0,0,0,0,0,0,0,0,0,1,1,0,0,0,1,0,1,0,2,3,0,0,2,3,1,2,2,2,2,3,4,12,3,5,4,1,5,10,9,4,6,6,5,6,8,10,7,6,9,5,7,4,6,3,7,8,5,6,6,5,10,2,5,5,5,4,5,3,8,8,7,6,5,1,7,6,3,4,4,3,5,2,0,3,1,2,0,0,3,0,0,0,2,1,0,0,2,0,0,0,1,0,0,0,0,0,0,1,1,0,0,0,0,0,0,0,1,0,0,0,0,0,0,0,0,0,0,0,0,0,0,0,0,0,0,0,0,0,0,0,0,0,0,0,0,0,0,0,0,0,0,0,0,0,0,0,0,0,0,0,0,0,0,0,0,0,0,0,0,0,0,0,0,0,0
0,0,0,0,0,0,0,0,0,0,0,0,0,0,0,0,0,0,0,0,0,0,0,0,0,0,0,0,0,1,1,0,0,0,0,0,1,1,2,0,1,1,1,0,1,1,2,1,1,3,3,3,0,6,2,3,6,3,4,6,8,5,4,5,7,6,7,6,3,9,8,12,4,5,5,4,7,6,9,8,9,10,7,9,9,2,6,12,1,4,9,6,2,5,0,6,3,5,2,4,2,5,2,3,2,1,3,1,1,2,1,1,2,3,1,1,2,1,0,2,1,0,0,0,0,0,0,2,0,0,0,0,0,0,0,0,0,0,0,0,0,0,0,0,0,0,0,0,0,0,0,0,0,0,0,0,0,0,0,0,0,0,0,0,0,0,0,0,0,0,0,0,0,0,0,0,0,0,0,0,0,0,0,0,0,0,0,0,0,0,0,0,0,0,0,0,0,0,0,0
0,0,0,0,0,0,0,0,0,0,0,0,0,0,0,0,0,0,0,0,0,1,0,0,0,0,0,0,0,0,0,1,1,0,0,0,1,0,0,1,1,2,0,0,2,0,0,0,2,0,0,1,1,5,4,1,6,3,2,2,6,6,8,6,6,8,5,6,5,7,7,3,7,5,5,6,5,12,7,10,6,5,6,11,4,5,2,5,4,6,8,7,8,5,6,3,4,1,6,1,4,2,1,1,2,3,2,1,1,3,1,1,0,1,2,2,0,0,0,0,0,0,0,0,0,0,0,0,0,0,0,0,0,0,0,0,0,0,0,0,0,0,0,0,0,0,0,0,0,0,0,0,0,0,0,0,0,0,0,0,0,0,0,0,0,0,0,0,0,0,0,0,0,0,0,0,0,0,0,0,0,0,0,0,0,0,0,0,0,0,0,0,0,0,0,0,0,0,0,0
0,0,0,0,0,0,0,0,0,0,0,0,0,0,0,0,0,0,0,0,0,0,0,0,0,0,0,0,0,0,0,0,0,1,0,1,0,0,1,0,0,0,1,2,2,1,3,1,0,1,0,1,4,3,2,4,6,5,3,11,1,4,3,4,2,7,4,4,10,9,10,5,8,8,4,7,7,5,8,6,8,7,5,9,3,4,8,1,5,7,4,8,2,4,3,3,4,3,2,1,3,3,1,2,7,3,2,2,0,1,2,0,1,3,1,0,1,1,0,2,1,0,0,0,0,0,0,0,0,0,0,0,0,0,0,0,0,0,0,0,0,0,0,0,0,0,0,0,0,0,0,0,0,0,0,0,0,0,0,0,0,0,0,0,0,0,0,0,0,0,0,0,0,0,0,0,0,0,0,0,0,0,0,0,0,0,0,0,0,0,0,0,0,0,0,0,0,0,0,0
0,0,0,0,0,0,0,0,0,0,0,0,0,0,0,0,0,0,0,0,0,0,0,0,0,0,0,0,0,0,0,0,1,1,0,0,1,1,0,0,0,0,1,0,2,1,2,2,1,4,0,1,0,1,4,2,4,7,1,3,8,4,3,9,3,4,7,7,9,3,6,9,11,4,10,8,13,2,5,8,5,8,8,10,6,7,8,5,5,5,3,1,5,4,2,2,6,1,2,1,5,4,2,1,1,1,2,1,1,2,2,1,4,1,3,1,0,1,1,0,3,0,1,1,0,0,1,0,0,0,0,0,0,0,0,0,0,0,0,0,0,0,0,0,0,0,0,0,0,0,0,0,0,0,0,0,0,0,0,0,0,0,0,0,0,0,0,0,0,0,0,0,0,0,0,0,0,0,0,0,0,0,0,0,0,0,0,0,0,0,0,0,0,0,0,0,0,0,0,0
0,0,0,0,0,0,0,0,0,0,0,0,0,0,0,0,0,0,0,0,0,0,0,0,0,0,0,0,0,0,0,0,0,0,1,2,0,0,0,0,1,1,0,0,1,3,4,0,1,1,0,0,2,0,2,5,4,1,2,4,6,4,8,4,2,7,5,6,9,5,5,4,6,6,6,3,6,8,3,4,4,6,4,5,1,9,8,6,8,4,3,9,6,2,1,1,2,5,9,2,0,1,1,1,3,2,2,2,5,2,1,2,2,2,2,0,0,0,1,1,0,0,1,0,0,0,0,0,0,0,0,0,0,0,0,0,0,0,0,0,0,0,0,0,0,0,0,0,0,0,0,0,0,0,0,0,0,0,0,0,0,0,0,0,0,0,0,1,0,0,0,0,0,0,0,0,0,0,0,0,0,0,0,0,0,0,0,0,0,0,0,0,0,0,0,0,0,0,0,0
0,0,0,0,0,0,0,0,0,0,0,0,0,0,0,0,0,0,0,0,0,0,0,0,0,0,0,0,0,0,0,0,0,0,1,0,1,0,1,0,1,0,0,2,0,0,1,3,1,1,2,4,4,0,5,1,7,3,3,5,5,3,3,5,4,8,7,3,4,9,7,8,1,7,5,6,6,2,4,5,4,7,9,9,5,2,5,5,4,4,9,4,2,4,1,3,4,2,0,2,2,0,0,1,1,1,0,2,0,0,0,1,0,1,2,1,0,1,0,0,0,0,2,0,0,0,0,0,1,0,1,0,0,0,0,0,0,0,0,0,0,0,0,0,0,0,0,0,0,0,0,0,0,0,0,0,0,0,0,0,0,0,0,0,0,0,0,0,0,0,0,0,0,0,0,0,0,0,0,0,0,0,0,0,0,0,0,0,0,0,0,0,0,0,0,0,0,0,0,0
0,0,0,0,0,0,0,0,0,0,0,0,0,0,0,0,0,0,0,0,0,0,0,0,0,0,0,0,0,0,0,1,0,0,0,0,1,0,1,2,0,0,2,0,0,0,0,1,2,3,1,4,3,4,1,3,4,3,4,4,9,6,0,3,2,9,10,3,4,8,8,6,8,6,5,7,7,14,7,12,7,2,4,4,8,3,7,9,8,1,6,4,2,4,4,4,0,5,5,2,2,3,4,4,0,1,1,0,3,2,4,0,1,0,0,0,1,0,1,0,0,1,0,0,0,1,0,0,0,2,0,1,0,0,0,0,0,0,0,0,0,0,0,0,0,0,0,0,0,0,0,0,0,0,0,0,0,0,0,0,0,0,0,0,0,0,0,0,0,0,0,0,0,0,0,0,0,0,0,0,0,0,0,0,0,0,0,0,0,0,0,0,0,0,0,0,0,0,0,0
0,0,0,0,0,0,0,0,0,0,0,0,0,0,0,0,0,0,0,0,0,0,0,0,0,0,0,0,0,1,0,0,0,0,0,0,1,0,0,0,1,0,1,1,0,0,1,0,0,0,2,0,2,5,3,5,0,6,2,2,4,4,5,5,13,6,5,3,6,4,2,3,6,5,3,4,3,9,7,1,4,7,6,5,6,6,5,4,4,2,5,6,3,4,1,6,3,4,1,1,2,2,4,2,7,3,2,1,2,0,0,2,1,0,0,0,1,0,1,1,0,1,0,0,2,0,0,0,0,0,0,0,0,0,0,0,0,0,0,0,0,0,0,0,0,0,0,0,0,0,0,0,0,0,0,0,0,0,0,0,0,0,0,0,0,0,0,0,0,0,0,0,0,0,0,0,0,0,0,0,0,0,0,0,0,0,0,0,0,0,0,0,0,0,0,0,0,0,0,0
0,0,0,0,0,0,0,0,0,0,0,0,0,0,0,0,0,0,0,0,0,0,0,0,0,0,0,0,0,0,0,0,0,1,0,1,0,0,2,1,0,1,2,0,0,1,0,0,0,2,1,1,2,3,1,0,3,8,2,4,3,1,4,5,6,1,6,2,6,11,4,4,4,4,9,5,7,7,4,3,7,3,4,6,5,4,5,2,7,4,5,4,2,0,1,4,3,3,2,1,2,5,1,2,0,0,1,0,0,0,0,1,0,0,0,0,0,1,0,0,1,2,1,0,0,0,0,0,1,0,1,0,0,0,0,0,0,0,0,0,0,0,0,0,0,0,0,0,0,0,0,0,0,0,0,0,0,0,0,0,0,0,0,0,0,0,0,0,0,0,0,0,0,0,0,0,0,0,0,0,0,0,0,0,0,0,0,0,0,0,0,0,0,0,0,0,0,0,0,0
0,0,0,0,0,0,0,0,0,0,0,0,0,0,0,0,0,0,0,0,0,0,0,0,0,0,0,0,0,0,0,0,0,0,0,0,1,0,0,0,0,1,0,1,2,1,1,0,2,0,2,2,4,5,1,0,3,4,5,4,1,4,4,5,11,5,3,9,4,7,7,5,4,3,5,1,4,5,6,4,7,6,7,4,6,8,2,7,7,6,6,4,5,4,1,1,4,5,1,3,0,2,3,1,2,2,0,0,1,4,1,2,0,1,2,1,0,0,0,1,0,0,0,0,0,1,0,0,0,0,0,0,0,0,1,0,0,1,0,0,0,0,0,0,0,0,0,0,0,0,0,0,0,0,0,0,0,0,0,0,0,0,0,0,0,0,0,0,0,0,0,0,0,0,0,0,0,0,0,0,0,0,0,0,0,0,0,0,0,0,0,0,0,0,0,0,0,0,0,0
0,0,0,0,0,0,0,0,0,0,0,0,0,0,0,0,0,0,0,0,0,0,0,0,0,0,0,0,0,0,0,0,0,0,0,0,0,1,0,0,0,1,0,0,0,0,2,1,0,0,2,2,5,4,3,1,0,3,2,4,3,0,4,7,5,6,8,3,6,3,6,4,9,5,4,4,2,10,5,8,4,0,5,4,7,8,5,7,4,8,5,1,2,3,2,6,1,2,0,6,2,1,3,7,2,0,2,4,0,2,0,0,1,2,1,0,0,0,0,0,0,0,2,0,0,0,0,1,0,1,1,0,0,0,0,0,0,0,0,0,0,0,0,0,0,0,0,0,0,0,0,0,0,0,0,0,0,0,0,0,0,0,0,0,0,0,0,0,0,0,0,0,0,0,0,0,0,0,0,0,0,0,0,0,0,0,0,0,0,0,0,0,0,0,0,0,0,0,0,0
0,0,0,0,0,0,0,0,0,0,0,0,0,0,0,0,0,0,0,0,0,0,0,0,0,0,0,0,0,0,0,0,0,0,1,0,1,1,1,0,1,0,2,1,0,2,1,1,2,0,0,4,1,2,5,1,3,4,2,4,2,4,6,2,2,4,2,10,7,5,7,4,4,2,3,5,4,6,3,3,6,3,5,5,5,3,1,5,7,4,4,5,1,2,1,2,4,1,1,3,3,2,4,0,0,0,1,0,4,0,0,0,2,2,0,1,1,1,0,1,0,0,1,0,0,0,0,0,0,0,0,0,0,0,0,0,0,0,0,0,0,0,0,0,1,0,0,0,0,0,0,0,0,0,0,0,0,0,0,0,0,0,0,0,0,0,0,0,0,0,0,0,0,0,0,0,0,0,0,0,0,0,0,0,0,0,0,0,0,0,0,0,0,0,0,0,0,0,0,0
0,0,0,0,0,0,0,0,0,0,0,0,0,0,0,0,0,0,0,0,0,0,0,0,0,0,0,0,0,1,0,0,0,0,2,1,0,0,0,0,0,0,0,0,0,1,1,2,0,0,1,0,1,0,3,5,3,3,4,1,5,3,2,7,7,1,5,7,6,4,1,2,5,5,8,7,4,6,6,7,3,8,3,7,6,2,5,5,3,5,3,3,3,3,8,4,2,1,5,2,2,2,2,0,4,1,0,2,2,1,1,2,1,0,0,0,0,0,1,0,0,0,0,0,0,0,0,0,0,0,0,0,0,0,0,0,0,0,0,0,0,0,0,0,0,0,0,0,0,0,0,0,0,0,0,0,0,0,0,0,0,0,0,0,0,0,0,0,0,0,0,0,0,0,0,0,0,0,0,0,0,0,0,0,0,0,0,0,0,0,0,0,0,0,0,0,0,0,0,0
0,0,0,0,0,0,0,0,0,0,0,0,0,0,0,0,0,0,0,0,0,0,0,0,0,0,0,0,0,0,1,0,0,0,0,1,0,0,0,1,0,0,2,1,0,0,0,2,1,0,2,3,3,0,0,5,4,4,3,4,3,5,5,4,3,1,3,8,1,8,6,5,2,5,5,5,7,7,8,7,2,6,4,5,8,9,0,7,7,0,3,5,5,0,2,1,4,3,0,2,1,0,0,3,1,2,1,1,2,1,1,1,0,0,0,0,2,0,0,0,0,0,0,0,1,1,0,0,0,0,0,1,0,1,0,0,0,0,0,0,0,0,0,0,1,0,0,0,0,0,0,0,0,0,0,0,0,0,0,0,0,0,0,0,0,0,0,0,0,0,0,0,0,0,0,0,0,0,0,0,0,0,0,0,0,0,0,0,0,0,0,0,0,0,0,0,0,0,0,0
0,0,0,0,0,0,0,0,0,0,0,0,0,0,0,0,0,0,0,0,0,0,0,0,0,0,0,0,0,0,1,0,0,0,0,0,0,0,0,0,0,2,0,1,0,0,0,2,1,3,4,3,0,1,5,2,2,1,2,4,3,1,1,3,3,3,1,2,5,3,9,4,3,4,5,4,11,5,4,3,4,5,9,8,8,3,4,6,7,4,4,2,2,4,3,4,1,2,4,1,1,1,3,2,0,0,0,1,1,1,0,2,1,1,2,0,0,1,0,0,0,0,0,0,1,0,1,0,0,0,0,0,0,0,0,0,0,0,0,0,0,0,0,0,0,0,0,0,0,0,0,0,0,0,0,0,0,0,0,0,0,0,0,0,0,0,0,0,0,0,0,0,0,0,0,0,0,0,0,0,0,0,0,0,0,0,0,0,0,0,0,0,0,0,0,0,0,0,0,0
0,0,0,0,0,0,0,0,0,0,0,0,0,0,0,0,0,0,0,0,0,0,0,0,0,0,0,0,0,0,0,0,0,0,0,0,0,0,0,0,1,0,1,1,2,1,0,1,0,3,0,4,3,2,1,1,4,5,2,1,4,3,4,8,2,4,7,3,7,4,11,3,5,7,5,2,2,9,5,3,5,6,5,8,4,3,3,6,7,4,4,3,7,3,3,2,1,3,4,2,1,3,2,1,2,1,0,3,0,1,1,0,1,2,1,0,0,0,1,1,0,0,0,0,0,0,0,0,0,0,0,0,0,0,0,0,0,0,0,0,0,0,0,0,0,0,0,0,0,0,0,0,0,0,0,0,0,0,0,0,0,0,0,0,0,0,0,0,0,0,0,0,0,0,0,0,0,0,0,0,0,0,0,0,0,0,0,0,0,0,0,0,0,0,0,0,0,0,0,0
0,0,0,0,0,0,0,0,0,0,0,0,0,0,0,0,0,0,0,0,0,0,0,0,0,0,0,0,0,0,1,0,0,0,0,0,0,0,1,0,0,1,1,0,1,1,0,0,1,1,1,2,2,1,4,5,2,5,6,3,2,3,4,3,8,0,7,5,7,7,5,6,3,3,8,8,3,5,6,7,7,5,4,2,4,5,2,9,5,4,4,2,4,3,1,5,2,2,1,0,3,1,3,2,1,1,5,2,3,2,0,0,1,0,2,1,1,0,1,0,0,0,0,0,0,0,0,0,1,0,0,0,0,0,0,0,0,0,0,0,0,0,0,0,0,0,0,0,0,0,0,0,0,0,0,0,0,0,0,0,0,0,0,0,0,0,0,0,0,0,0,0,0,0,0,0,0,0,0,0,0,0,0,0,0,0,0,0,0,0,0,0,0,0,0,0,0,0,0,0
0,0,0,0,0,0,0,0,0,0,0,0,0,0,0,0,0,0,0,0,0,0,0,1,0,0,0,0,0,0,1,0,0,0,0,0,0,0,1,0,2,1,1,0,1,4,0,1,2,1,0,0,3,1,2,3,6,0,1,1,3,2,2,4,2,5,4,2,4,6,3,6,2,1,3,4,3,5,4,5,4,3,6,4,0,5,1,5,1,4,2,5,7,5,1,3,5,2,3,1,3,2,0,0,2,0,2,1,0,1,1,1,0,0,0,0,0,2,1,0,0,1,2,0,0,0,0,0,0,0,0,0,0,0,0,0,0,0,0,0,0,0,0,0,0,0,0,0,0,0,0,0,0,0,0,0,0,0,0,0,0,0,0,0,0,0,0,0,0,0,0,0,0,0,0,0,0,0,0,0,0,0,0,0,0,0,0,0,0,0,0,0,0,0,0,0,0,0,0,0
0,0,0,0,0,0,0,0,0,0,0,0,0,0,0,0,0,0,0,0,0,0,0,1,0,0,0,0,0,0,0,0,0,0,0,0,0,0,0,0,0,1,0,1,2,0,0,0,2,1,0,2,2,4,1,2,2,2,2,2,1,4,3,6,3,7,3,6,4,4,0,3,3,3,3,2,4,4,9,4,2,7,3,5,0,2,10,5,4,3,2,2,3,1,2,1,5,2,1,4,3,1,4,2,0,3,1,1,2,1,3,1,2,2,0,0,0,0,1,0,0,0,0,0,0,0,0,0,0,0,0,0,0,0,0,0,0,0,0,0,0,0,0,0,0,0,0,0,0,0,0,0,0,0,0,0,0,0,0,0,0,0,0,0,0,0,0,0,0,0,0,0,0,0,0,0,0,0,0,0,0,0,0,0,0,0,0,0,0,0,0,0,0,0,0,0,0,0,0,0
0,0,0,0,0,0,0,0,0,0,0,0,0,0,0,0,0,0,0,0,0,0,0,0,0,0,0,0,0,0,0,2,0,0,0,1,0,1,0,0,1,0,0,0,0,2,1,1,1,3,0,1,3,3,1,2,1,3,6,3,3,7,3,3,5,7,3,4,5,7,1,5,5,2,4,4,2,2,3,6,7,9,2,2,5,6,3,5,4,4,3,6,2,1,4,3,5,2,0,2,5,2,1,1,0,1,0,2,0,0,0,2,1,1,0,1,0,0,0,0,0,0,0,0,0,0,0,0,0,0,0,0,0,0,0,0,0,0,0,0,0,0,0,0,0,0,0,0,0,0,0,0,0,0,0,0,0,0,0,0,0,0,0,0,0,0,0,0,0,0,0,0,0,0,0,0,0,0,0,0,0,0,0,0,0,0,0,0,0,0,0,0,0,0,0,0,0,0,0,0
0,0,0,0,0,0,0,0,0,0,0,0,0,1,0,0,0,0,0,0,0,0,1,0,0,0,0,0,0,0,0,0,0,0,0,0,0,0,0,1,1,1,2,0,1,2,1,0,0,1,2,0,4,2,2,0,1,5,5,3,6,4,2,3,2,3,6,8,6,2,6,1,3,5,3,1,4,4,5,2,5,5,2,3,3,3,4,4,2,3,4,5,2,3,4,3,2,3,3,3,1,1,0,1,3,1,3,2,1,4,0,1,2,0,1,0,1,0,0,0,0,0,0,1,0,0,0,0,0,1,0,0,0,0,0,0,0,0,0,0,0,0,0,0,0,0,0,0,0,0,0,0,0,0,0,0,0,0,0,0,0,0,0,0,0,0,0,0,0,0,0,0,0,0,0,0,0,0,0,0,0,0,0,0,0,0,0,0,0,0,0,0,0,0,0,0,0,0,0,0
0,0,0,0,0,0,0,0,0,0,0,0,0,0,0,0,0,0,0,0,0,0,0,0,0,1,0,0,0,0,0,0,0,0,0,1,0,1,1,0,0,1,0,0,0,1,2,0,1,1,2,2,0,1,3,1,4,2,0,0,4,2,1,4,2,3,3,3,2,8,2,5,6,7,2,1,3,6,2,2,7,3,3,3,3,3,6,2,1,0,2,2,4,3,3,5,6,4,2,3,0,2,1,2,0,3,2,1,2,0,1,0,1,1,0,2,0,0,1,1,0,1,0,0,1,0,0,0,1,0,0,0,0,0,0,0,0,0,0,0,0,0,0,0,0,0,0,0,0,0,0,0,0,0,0,0,0,0,0,0,0,0,0,0,0,0,0,0,0,0,0,0,0,0,0,0,0,0,0,0,0,0,0,0,0,0,0,0,0,0,0,0,0,0,0,0,0,0,0,0
0,0,0,0,0,0,0,0,0,0,0,0,0,0,0,0,0,0,0,0,0,0,0,0,0,0,0,0,0,0,0,0,0,0,0,0,0,0,0,1,0,3,0,0,0,1,0,2,0,1,0,2,7,1,1,2,2,3,4,3,6,2,2,3,5,2,3,7,4,4,4,6,3,5,4,2,5,2,5,3,5,3,4,5,0,2,4,2,6,4,2,0,4,2,2,4,1,1,3,2,2,0,1,1,3,1,2,0,0,0,0,1,1,0,0,0,0,0,1,1,0,0,0,0,0,1,0,0,0,0,0,0,0,0,0,0,0,0,0,0,0,0,0,0,0,0,0,0,0,0,0,0,0,0,0,0,0,0,0,0,0,0,0,0,0,0,0,0,0,0,0,0,0,0,0,0,0,0,0,0,0,0,0,0,0,0,0,0,0,0,0,0,0,0,0,0,0,0,0,0
0,0,0,0,0,0,0,0,0,0,0,0,0,0,0,0,0,0,0,0,0,0,0,0,0,0,0,0,0,0,0,0,0,0,0,0,0,1,0,0,0,0,2,0,1,0,0,2,0,1,3,0,0,2,0,2,3,3,0,8,2,3,7,6,1,5,4,3,2,6,2,5,3,3,6,3,5,8,4,5,7,5,3,2,1,8,2,5,6,5,2,2,5,3,5,3,2,3,3,3,3,1,0,1,0,1,1,1,0,1,0,0,0,1,0,1,0,0,1,0,0,0,0,1,0,0,0,0,0,0,0,0,0,0,0,0,0,0,0,0,0,0,0,0,0,0,0,0,0,0,0,0,0,0,0,0,0,0,0,0,0,0,0,0,0,0,0,0,0,0,0,0,0,0,0,0,0,0,0,0,0,0,0,0,0,0,0,0,0,0,0,0,0,0,0,0,0,0,0,0
0,0,0,0,0,0,0,0,0,0,0,0,0,0,0,0,0,0,0,0,0,0,0,0,0,1,0,0,0,1,0,0,0,0,0,0,1,0,0,0,1,1,2,0,1,1,0,0,0,2,0,1,2,0,2,0,1,0,2,2,2,10,2,5,5,1,5,6,0,4,5,3,2,5,6,7,3,6,3,7,6,4,4,4,1,3,7,3,3,0,4,7,3,0,1,3,4,1,0,4,1,1,2,0,2,1,1,1,0,0,1,0,0,0,0,0,1,0,0,0,1,0,0,0,2,0,0,0,0,0,0,0,0,0,0,0,0,0,0,0,0,0,0,0,0,0,0,0,0,0,0,0,0,0,0,0,0,0,0,0,0,0,0,0,0,0,0,0,0,0,0,0,0,0,0,0,0,0,0,0,0,0,0,0,0,0,0,0,0,0,0,0,0,0,0,0,0,0,0,0
0,0,0,0,0,0,0,0,0,0,0,0,0,0,0,0,0,0,0,0,0,0,0,1,0,0,0,0,0,0,0,0,0,0,1,0,0,0,0,0,0,0,1,0,0,1,1,0,2,2,1,1,1,0,6,6,4,4,5,3,4,1,6,1,6,6,3,3,3,2,4,5,4,1,3,3,2,7,4,7,3,4,5,4,2,6,5,1,2,2,0,0,2,1,3,2,1,1,1,1,2,2,0,2,0,0,1,1,0,1,0,2,0,0,0,0,0,1,0,2,0,0,0,0,0,0,0,0,0,0,0,0,0,0,0,0,0,0,0,0,0,1,0,0,0,0,0,0,0,0,0,0,0,0,0,0,0,0,0,0,0,0,0,0,0,0,0,0,0,0,0,0,0,0,0,0,0,0,0,0,0,0,0,0,0,0,0,0,0,0,0,0,0,0,0,0,0,0,0,0
